plot_id	year	period	number_of_tree_species	number_of_trees_ha	basal_area_alive_m2_ha	basal_area_dead_m2_ha	volume_alive_m3_ha	volume_snag_m3_ha	volume_log_m3_ha	volume_deadwood_m3_ha
101	2002	1	4	177	39.8641359184826	0	579.881018453876	0	2.10207362487724	2.10207362487724
102	2002	1	5	177	29.4985375596022	0	399.214564554313	0	6.69483425705116	6.69483425705116
104	2002	1	4	157	31.9024020308072	0	473.8634063825	0	10.0433583118184	10.0433583118184
105	2002	1	3	177	28.6195965268739	0	402.291622996783	0	2.36332583552995	2.36332583552995
106	2002	1	5	167	21.7937328017248	0.420523709851839	295.886515795998	4.22237376316254	1.68579470061528	5.90816846377782
107	2002	1	3	157	26.8858067865372	0.321761190597876	471.756826643546	4.74003700482398	6.57484788919345	11.3148848940174
108	2002	1	4	147	28.1036466569455	0.151236493454113	399.772446839556	0.17661875956351	5.04445382981882	5.22107258938233
109	2002	1	4	187	25.137338441233	0.244598551460076	362.401668609754	1.67512935455229	9.97728584112207	11.6524151956744
110	2002	1	4	167	40.7031487092533	0.873457064257126	591.8007972525	5.99893590323622	6.57068536279647	12.5696212660327
112	2002	1	4	275	33.1520984332198	0.13040095003996	424.210326814162	0.555830954865879	2.26692637924317	2.82275733410905
113	2002	1	4	403	34.2288631655838	5.69540876043949	375.234326759064	99.6630385531736	6.81161730809746	106.474655861271
115	2002	1	4	265	35.1517594533052	0.308638767296157	482.859544244291	4.93131177328282	4.08949608712545	9.02080786040828
116	2002	1	6	295	25.8657434587444	0.802467082572699	307.938241901949	6.81689013718485	3.11719692614282	9.93408706332767
118	2002	1	4	196	36.3810800932504	0.0771606742619596	527.840794525299	0.163347988135823	1.1047063574443	1.26805434558013
119	2002	1	5	177	36.8249632295337	0.472993754300308	446.236972068285	2.98022051910216	6.16793605201571	9.14815657111786
120	2002	1	4	265	33.1215387192703	0.111109799036549	444.735335355833	0.0392975168128137	0.527294080594334	0.566591597407147
121	2002	1	4	196	32.5887262848775	0.173611517089409	465.540290565338	1.35908005802315	0.66320454249145	2.0222846005146
122	2002	1	7	196	34.7012517381252	0.0771606742619596	505.787110614733	0.0392975168128137	0.770422997634632	0.809720514447445
123	2002	1	5	206	32.2607934192642	0.0771606742619596	459.300769369546	0.0392975168128137	1.30977702221753	1.34907453903035
124	2002	1	4	216	39.0018776640792	0.111109799036549	557.284694782401	0.0392975168128137	2.21545186242964	2.25474937924245
125	2002	1	4	246	28.6419744978229	0	472.613109710518	0	0.312552799970714	0.312552799970714
126	2002	1	1	324	42.6959925926096	0.308638767296157	551.774824335403	3.71998546628625	0.249411514831725	3.96939698111797
127	2002	1	6	246	32.5706779178433	0.280093051083329	427.373116719311	0.361112741496307	5.31985772020642	5.68097046170273
128	2002	1	3	246	33.263113918216	0.608795165588269	364.42056085213	2.43640183268803	1.0681851020059	3.50458693469393
129	2002	1	3	157	26.8580254070263	0	339.364282381265	0	0.523472397084288	0.523472397084288
131	2002	1	6	246	35.0714834683979	0.645834057622266	451.849581943237	2.71934100642653	0.9712676011663	3.69060860759283
132	2002	1	6	128	31.386572018305	0	532.568585441446	0	1.69287099232005	1.69287099232005
135	2002	1	3	255	45.8865727192108	0.598765456859718	658.440952519924	5.38638389504065	1.79184850342743	7.17823239846807
136	2002	1	3	187	37.0023178350995	0.186728045763606	529.549962406477	1.64907510090539	1.67100736326307	3.32008246416847
138	2002	1	3	236	40.7744501237584	0.151236493454113	658.62953147873	0.17661875956351	1.29077606161288	1.46739482117639
139	2002	1	6	167	19.1118207151866	0.425246288934819	202.081651405713	1.31730778008905	10.5962190046817	11.9135267847707
140	2002	1	4	196	40.7701814309947	0.371911699116469	695.0786178897	1.72140021572353	6.98576213511461	8.70716235083814
143	2002	1	2	167	32.1141999274215	0.577928931007644	489.991012968438	7.91316805152231	0.430494472305171	8.34366252382748
144	2002	1	4	206	23.8028684531138	0.111109799036549	290.524528781833	0.0206390558300897	0.142679459168123	0.163318514998213
145	2002	1	5	226	29.570743799432	0	317.779429635531	0	3.90351662820045	3.90351662820045
147	2002	1	3	285	17.3618728183744	0	253.402369239461	0	0.311982985976928	0.311982985976928
701	2003	1	3	206	26.5841452933511	5.37712048788995	189.755777962973	22.2319531658354	16.7968174580429	39.0287706238783
702	2003	1	9	432	25.1312237476169	0.40200279017796	200.095426206626	1.09892361965688	7.05532880288452	8.1542524225414
703	2003	1	6	737	29.8338141486699	1.80864463279966	147.656371779916	7.29086436452964	0.33575798364868	7.62662234817832
704	2003	1	2	88	14.3182899656012	2.15692084042906	179.690715223422	7.26233829707522	13.3850780797164	20.6474163767917
705	2003	1	3	108	25.7891575106658	0.921873569846354	326.927073178766	3.87485108541803	0.279857265982453	4.15470835140048
706	2003	1	2	324	43.5856520230487	3.56114588576678	430.790309906365	18.3024814793613	56.2722997599186	74.5747812392799
711	2003	1	7	285	35.7408606683428	0.900465265124653	324.467167501272	1.38631028986067	0.334638004419515	1.72094829428019
712	2003	1	8	324	40.3257530416656	0.538002653925826	356.60158796597	2.30466181976268	6.35228640272408	8.65694822248675
718	2003	1	4	344	31.1564202164633	4.68015446626669	307.490341577009	40.9464278465864	35.8434548511646	76.7898826977509
719	2003	1	7	383	29.4733586581423	0.695618116796579	160.12485591117	1.18283953705897	0.541922581227904	1.72476211828687
722	2003	1	6	344	23.7378536588608	0.66722369602348	155.659256062322	0.792974767386564	15.1618902292372	15.9548649966237
724	2003	1	6	187	32.0597374988706	0.672841276051872	305.833257642177	2.70965809828385	3.29181544210056	6.00147354038441
725	2003	1	4	413	22.9515810829667	1.20842615025579	122.766935828869	0.862415444470646	5.63524426219907	6.49765970666972
726	2003	1	4	481	26.4826201586652	2.22564630270715	143.238623534853	8.14244744849083	17.1378239208937	25.2802713693845
728	2003	1	8	344	25.3950908540082	1.86429188148245	168.303188869576	12.5527507789935	1.43223729775981	13.9849880767533
729	2003	1	5	187	22.0050532335099	4.21180567845366	192.194069023782	26.5872861473824	57.2853754955061	83.8726616428885
730	2003	1	4	167	23.1786686609349	3.12827980832195	237.540290079999	36.3854647136888	31.5150365832041	67.9005012968928
732	2003	1	6	206	22.1187173711392	2.31326994082052	177.100129583519	8.85779488360328	21.3394554722445	30.1972503558478
734	2003	1	5	167	22.8899193493357	3.31249969007498	159.145811331426	25.043816245846	36.4753263453846	61.5191425912306
735	2003	1	10	442	23.1997704450255	0.537806166341761	137.309280586578	0.196487584064068	5.82634020138692	6.02282778545098
736	2003	1	6	364	26.4012074930841	1.77932082575394	188.900797608683	14.9265162996336	9.15633967648533	24.082855976119
737	2003	1	8	236	27.3052183766632	2.15142704757863	186.379767591101	5.09937055124658	5.17109146674373	10.2704620179903
738	2003	1	6	324	23.3290415914571	2.17431686868418	164.897823252645	10.2317176137266	0.366970036377257	10.5986876501039
739	2003	1	4	246	27.6557099818029	2.98642657944482	199.221862056635	10.3167348440374	2.16480588240047	12.4815407264379
740	2003	1	6	206	25.0626613700336	0.170523714705842	169.323563630189	0.0785950336256273	0.408743296749278	0.487338330374905
741	2003	1	1	128	7.05863863623808	0	47.834710765003	0	39.2689180449531	39.2689180449531
742	2003	1	6	187	36.9359580833336	0.944443116189873	315.088321930058	5.96951581727431	11.9798087028694	17.9493245201437
743	2003	1	2	39	4.13368221502978	0	42.6489829381223	0	20.1652849673945	20.1652849673945
745	2003	1	4	147	13.977889962779	2.58506925098051	93.7571454156192	9.44958404879081	26.203721752093	35.6533058008838
746	2003	1	8	521	23.2034172545857	0.868825851900736	156.728652510283	0.893410378418833	10.8452893924835	11.7386997709023
747	2003	1	8	364	30.7880875386905	1.0725264951758	243.937740136358	7.79672557945426	3.74531622221312	11.5420418016674
749	2003	1	7	246	15.8041182694766	1.76845604479312	109.443384888788	7.0315940851675	7.29146758141272	14.3230616665802
750	2003	1	11	413	37.114624243523	0.995368768227598	286.937568357272	3.8134290666396	6.43435926658764	10.2477883332272
751	2003	1	9	531	24.6348076908582	0.978394205840303	147.294925009526	5.73297718651254	0.456096804508719	6.18907399102126
752	2003	1	8	432	31.6169782715682	1.50019252870836	208.785274310188	11.6644775684601	0.893124488984019	12.5576020574441
754	2003	1	3	88	20.6068357960549	2.29089491718523	182.531474749983	13.0489683832923	45.9819654763981	59.0309338596903
755	2003	1	7	187	16.3292863544113	1.56732251180385	119.171177672731	5.55334234253365	7.15595991906293	12.7093022615966
756	2003	1	4	187	25.2635915383733	0	228.920081105981	0	10.4536015214859	10.4536015214859
757	2003	1	5	128	19.7350095787455	0	159.210004807578	0	4.89246224816168	4.89246224816168
758	2003	1	5	79	12.3619181075988	0	85.2783033637073	0	1.71364681565637	1.71364681565637
759	2003	1	5	305	23.8402158306548	0.732466415874034	122.236340756862	0.23706619992498	2.96281286475784	3.19987906468282
761	2003	1	7	236	27.9252752281321	2.86053010726953	210.591619055816	14.6205202903431	8.83636103549566	23.4568813258388
762	2003	1	7	324	34.8709551171676	4.66608792012354	279.443767686169	22.4333824126387	13.6471925168579	36.0805749294966
764	2003	1	5	196	16.3190915961122	1.34567862235206	118.731499370747	2.41437164476277	45.6006027244881	48.0149743692509
765	2003	1	4	138	21.8721323302043	2.08410450665076	189.963510531473	7.8642298713974	117.964710503689	125.828940375086
767	2003	1	7	265	35.8218145354151	2.17669633332719	309.762886518719	11.4455422603546	25.0088414558826	36.4543837162372
768	2003	1	4	206	26.936607668959	0.873823513601406	196.703106382839	1.29545443098945	38.5506773301653	39.8461317611548
823	2003	1	1	226	40.7569450448942	0.170524697143763	595.111774163799	1.57923948377734	2.87034957428313	4.44958905806047
803	2004	1	3	138	33.5617996069414	0	527.507882664306	0	16.4952702234874	16.4952702234874
805	2004	1	4	206	33.0464470592685	0.626736446889159	391.848669440932	5.62295592869171	3.26369806882099	8.8866539975127
806	2004	1	1	138	30.8651627408534	0	502.02620464419	0	1.73190051221592	1.73190051221592
807	2004	1	5	216	30.2535302945513	2.34419610411429	366.128381810919	23.3644800921189	0.0847549193860359	23.4492350115049
808	2004	1	5	275	32.7019109928018	0.11111078147447	373.184653754207	0.612536289188849	4.4800446335904	5.09258092277925
809	2004	1	5	216	30.3929402003206	0.671489441473511	356.014130369573	7.57842001405572	12.2488100298323	19.8272300438881
810	2004	1	5	147	26.09491085779	0.308641714609918	295.171716561245	2.66224171449751	0.665660637292251	3.32790235178976
811	2004	1	5	206	30.9869771834698	0	353.226438209716	0	0.143779789638882	0.143779789638882
812	2004	1	5	236	41.5171093330558	0.306518666264106	475.021797951912	4.16805771786179	4.56029998730137	8.72835770516316
813	2004	1	5	177	21.1501956839602	0.998457553049085	248.882857127297	12.7437995867307	7.30558521432772	20.0493848010584
814	2004	1	4	157	23.4859408570839	0.249999995145997	280.409245780671	2.70075917560159	2.3044162102826	5.00517538588419
815	2004	1	5	305	39.3403393168846	0	447.096917663824	0	5.19131003914392	5.19131003914392
816	2004	1	4	226	43.4137735264507	0	532.805912969858	0	4.64970183805052	4.64970183805052
817	2004	1	7	246	28.1883593315009	0.111109799036549	343.696168499405	0.0392975168128137	0.19891420572726	0.238211722540073
818	2004	1	2	128	24.7106597578103	0	322.041393682006	0	3.97907006488145	3.97907006488145
819	2004	1	5	196	31.7727880135414	0.151234528578273	367.160903433979	1.05174007365766	26.3558522640546	27.4075923377123
820	2004	1	6	265	28.6438951639571	0	327.523038687553	0	5.63677686535477	5.63677686535477
821	2004	1	4	118	22.8583840745313	0	292.668486353903	0	0.674365037266289	0.674365037266289
822	2004	1	5	295	35.6805733653623	0.51234628763666	416.380347675981	6.83275749203594	4.66187424388329	11.4946317359192
824	2004	1	7	226	28.3824360129085	0.711807711285538	303.07264343628	4.8102724741856	7.34440133655958	12.1546738107452
825	2004	1	6	187	22.5834547171572	0.11111078147447	295.328773999377	0.612536289188849	3.83344329195236	4.44597958114121
827	2004	1	2	275	32.0277797757605	0.482253231699327	370.585278242231	5.33787307541107	1.73042685533544	7.06829993074651
828	2004	1	1	167	27.807871931778	2.10590185678891	405.557407763747	17.1465941442084	0.453011949438913	17.5996060936473
829	2004	1	4	275	27.6390596239293	0.401428063994573	291.481097146835	3.08898425638498	17.9468910214151	21.0358752778001
830	2004	1	1	177	33.1452537882289	0.538386787152671	475.535338884059	4.98485365750236	2.626429887426	7.61128354492836
833	2004	1	7	305	38.2571032659394	2.0611508270804	399.395984487993	18.784396752416	25.8682977973372	44.6526945497533
842	2004	1	6	167	29.3349302078554	0.13040095003996	448.729265776698	0.451512749172504	16.9058605035269	17.3573732526994
843	2004	1	5	383	23.9290026752658	1.32379383523901	259.181436518567	15.6734609031394	21.8668379722517	37.5402988753911
844	2004	1	4	118	28.0177697934544	0.523749444577818	359.477336036625	4.46588770315858	2.36370633877393	6.82959404193251
845	2004	1	3	246	19.7391888696586	2.39004353454188	193.644814469522	20.6916172412648	15.868425708427	36.5600429496918
846	2004	1	4	393	32.9683648582373	0.735339064353051	362.370318033279	8.75600547311682	24.8488416161792	33.604847089296
847	2004	1	4	236	47.669798735698	3.21933117233932	602.148238193737	28.8446543880988	16.4253194646351	45.2699738527338
848	2004	1	2	413	27.3921641326116	2.10377586112933	273.636014202227	21.0807373229936	23.2795738772931	44.3603112002867
849	2004	1	7	167	29.9053582253414	1.1223920966975	373.448792995902	7.71403476213882	7.30384629920875	15.0178810613476
850	2004	1	5	157	33.9970196056433	2.29564991671958	413.599777208608	15.8338370165663	37.2653930965271	53.0992301130933
851	2004	1	4	79	29.5311594107465	0	509.473908345633	0	1.11809294835817	1.11809294835817
852	2004	1	2	413	24.7079442993986	2.28644938559578	245.818899494495	24.4870549222696	8.92163664697946	33.408691569249
853	2004	1	2	413	27.4484872985835	1.45524599385371	291.204928935244	17.2054588770802	50.6926570605421	67.8981159376223
854	2004	1	7	255	47.2070527913446	0.62287644830022	554.447480874294	4.63399363814252	6.50019243162831	11.1341860697708
855	2004	1	7	236	32.4135772524428	0.513310059236494	482.659420657484	3.52458052881037	21.9252046090979	25.4497851379083
856	2004	1	5	481	32.0345173350181	0.589505979460699	336.968350113828	8.62485001075405	38.9976374620151	47.6224874727691
857	2004	1	5	128	32.2083302518812	0	520.222196730054	0	2.29757844235717	2.29757844235717
858	2004	1	6	432	30.2930085799414	0.530858365369256	372.018967583237	6.18223818797167	6.06041392097611	12.2426521089478
859	2004	1	4	462	34.7061953657403	0	562.620222778496	0	49.586461435399	49.586461435399
860	2004	1	3	452	24.9347823381351	0.339506966752622	365.434972214567	6.16139478505415	0.315450991835659	6.47684577688981
861	2004	1	7	314	44.061444742984	0	556.062310154173	0	6.32238099242953	6.32238099242953
862	2004	1	3	69	16.3335255740375	0.093364022881803	284.629899295035	0.592634061798999	0.0899520159845305	0.68258607778353
863	2004	1	5	177	39.0131462270253	0	629.68107269997	0	9.45372502462496	9.45372502462496
864	2004	1	5	216	37.7010620693586	1.48765465596924	557.475376158356	19.2482115892268	14.3835926141649	33.6318042033917
865	2004	1	5	196	26.8611259811029	3.96070830015066	413.228169082809	52.4177414184668	14.2904044476708	66.7081458661376
866	2004	1	6	285	40.2160432166655	3.24247642730415	611.405735980347	49.1339387400444	7.84504187637562	56.97898061642
867	2004	1	6	177	44.5356321593575	1.98225123769947	764.06798558926	15.1334580056078	12.2132850746336	27.3467430802414
868	2004	1	7	236	41.8767847678747	9.8643909523843	648.192554092748	84.0524242037971	8.81750805180471	92.8699322556018
869	2004	1	6	206	39.1406912300309	4.67785556153314	609.249192396079	63.8145439511564	45.1398236208511	108.954367572007
870	2004	1	8	255	44.1634974468331	0.604938114313091	724.641354820082	7.14050125838669	21.5227292662803	28.663230524667
871	2004	1	5	167	36.7555461309597	1.54004512294616	377.987725940874	12.2837435574031	5.70289493739233	17.9866384947954
872	2004	1	7	177	38.690699294759	1.6223007202629	463.8154960266	6.98256945050559	16.7827512077315	23.7653206582371
873	2004	1	5	177	55.0009410900849	4.56215777740869	797.355470844965	42.0473291137769	24.4045733642312	66.451902478008
874	2004	1	4	167	36.6464640837907	2.87557810889507	411.525830127616	21.763448170393	5.98147503407837	27.7449232044714
875	2004	1	6	216	35.3554463424494	1.93895028636135	414.09351808691	18.8513135464828	17.4706051176438	36.3219186641266
876	2004	1	5	206	51.1754781413593	2.97320492991315	623.877653732132	23.5703853260872	2.54307985426602	26.1134651803532
877	2004	1	4	157	46.0949271709144	2.22442316749635	476.387601815062	21.0060288137808	12.0016188247005	33.0076476384813
878	2004	1	3	157	32.1915325283195	1.37454559576484	377.266179322485	9.61151732632137	4.23087872823876	13.8423960545601
879	2004	1	6	167	31.656435925762	6.02816343136575	403.354786858578	45.841171315599	35.636719301475	81.4778906170741
880	2004	1	5	187	30.0496361110059	5.43202403106705	289.249817545093	38.3169995586276	11.3059250601841	49.6229246188117
881	2004	1	5	108	18.2879777483436	0.0771606742619596	250.19180632556	0.180638895533461	46.8813382705553	47.0619771660888
882	2004	1	6	393	46.0275702446593	0.829474301002305	599.667235644342	5.59997375842165	3.75649875403287	9.35647251245453
883	2004	1	4	157	33.1114923090971	0.249999995145997	442.512943869956	2.12037414979315	36.3538577209162	38.4742318707094
884	2004	1	6	364	56.5599934394755	0	768.742267041639	0	14.5267102406455	14.5267102406455
885	2004	1	5	196	44.7256631614092	2.64660523255769	613.01289143763	39.490499058378	19.5538057814079	59.0443048397859
886	2004	1	9	246	44.6636320311202	1.77121767778714	481.548859078223	13.1434504205274	2.85037661136302	15.9938270318904
887	2004	1	5	177	43.6144708570034	1.14274526309277	639.824309007279	12.9662254967671	6.73542736726981	19.7016528640369
888	2004	1	7	364	54.9056288928071	0.228397167716073	713.039274831255	2.05816421580262	4.19898879334516	6.25715300914778
889	2004	1	6	236	42.2404931103565	1.06249776888517	657.058354862964	10.9937387095577	8.12037010354539	19.1141088131031
890	2004	1	4	187	37.6914754401321	1.02797097061343	546.648721648345	14.0566687122958	5.20772657679247	19.2643952890882
901	2005	1	3	167	30.3902905652495	0	396.301808047199	0	NA	NA
902	2005	1	5	177	20.0657168490458	0.606096408621149	259.063429022892	2.05714542767925	NA	NA
904	2005	1	3	138	19.80333518879	0	341.215724957187	0	NA	NA
905	2005	1	3	138	33.4265002214307	1.52797096090542	514.681858918272	8.83981921697518	NA	NA
906	2005	1	6	206	21.5642068128383	0.173612499527329	337.618399812567	3.11516131477191	NA	NA
907	2005	1	5	128	36.7413440083835	0.308640732171998	639.819974491174	1.79095976779597	NA	NA
908	2005	1	6	128	44.0578893001504	0.600501424664924	719.520935536392	2.14829994767825	NA	NA
909	2005	1	2	157	37.6234583155945	0	503.035331473054	0	NA	NA
910	2005	1	2	314	32.0335673175491	1.24401889367107	421.833745626442	15.9801416716604	NA	NA
911	2005	1	3	128	26.2299390904347	0.197723490967831	377.583348598243	0.793222341742485	NA	NA
912	2005	1	1	177	25.9020052423834	1.18499009366655	315.158140845742	12.2365236612008	NA	NA
913	2005	1	5	157	39.5361539309732	0	623.335577890589	0	NA	NA
914	2005	1	2	167	34.372096719739	0	684.102290927405	0	NA	NA
915	2005	1	4	128	33.842788641408	0.491512709098347	586.185731282747	3.87248832221965	NA	NA
916	2005	1	2	118	29.6159379086426	0	313.652627433257	0	NA	NA
917	2005	1	3	39	6.93595670093807	0.249999995145997	74.1042352265611	2.26095020937386	NA	NA
918	2005	1	7	167	28.8819192408544	4.19560134739589	445.176929411762	70.2642881955762	NA	NA
919	2005	1	1	157	26.9461844738063	1.26812988511158	373.457235084951	17.2739937464018	NA	NA
920	2005	1	4	364	24.8437447282486	0.723956538608219	333.720244317241	18.9983393110104	NA	NA
921	2005	1	3	334	25.5441699137893	0.111109799036549	417.242325935577	2.20292447848598	NA	NA
922	2005	1	4	59	9.20312967209925	1.63271652709414	153.461404893256	24.650345929006	NA	NA
923	2005	1	5	167	27.0079670473015	0.249999012708077	333.585087385229	0.41160219109741	NA	NA
924	2005	1	2	20	1.63753931484499	0	18.8108754192445	0	NA	NA
925	2005	1	4	157	23.6197891817863	0	307.734209194657	0	NA	NA
927	2005	1	6	226	52.1226013481958	0.186727063325686	828.902474975658	0.621131638553731	NA	NA
928	2005	1	7	177	NA	0	NA	0	NA	NA
929	2005	1	2	98	42.9331550714508	0	881.780677187876	0	NA	NA
930	2005	1	2	88	11.8267743480211	0	177.325266039777	0	NA	NA
931	2005	1	2	226	30.8782753397759	0.482251266823487	479.603557330707	3.57950175587004	NA	NA
933	2005	1	3	98	18.4267392450855	0.592015125909197	288.186408073818	1.80068590320715	NA	NA
934	2005	1	4	177	33.9819833932728	6.0619219631838	483.986763058491	85.6624287310492	NA	NA
935	2005	1	4	138	25.1556520665057	0.981674566056253	360.744897090181	10.2834920921275	NA	NA
936	2005	1	3	177	34.9907310010993	0.222220580511019	446.155585928527	0.834448384192887	NA	NA
937	2005	1	6	187	44.2076413299069	0.40200279017796	610.173914053457	0.364416680222345	NA	NA
938	2005	1	1	187	36.4591053128822	0.197528968259608	557.006242402644	1.97249562915069	NA	NA
939	2005	1	4	157	36.0872122800862	0.173612499527329	657.344466328748	0.374438529447532	NA	NA
940	2005	1	4	226	26.3638660101707	0.0933630404438827	404.912853822734	4.14897680857333	NA	NA
941	2005	1	4	177	39.6240585463318	0.13040095003996	610.581214148901	0.0392975168128137	NA	NA
942	2005	1	4	128	24.8407158721402	0	362.68276178264	0	NA	NA
943	2005	1	6	246	26.0351953336792	1.14429063794144	305.934719900836	18.4785471263757	NA	NA
945	2005	1	4	157	31.117757354547	0.731975196913874	407.491331897708	1.83368501051279	NA	NA
946	2005	1	4	157	37.4726069378052	0	539.07305540778	0	NA	NA
947	2005	1	6	187	30.6237433585035	0.465995848993866	381.98543481798	0.421114155041952	NA	NA
948	2005	1	4	118	24.1149054731764	0.729167389337598	354.375930856446	1.85270304377435	NA	NA
949	2005	1	3	157	21.8018595282017	0	300.786959369824	0	NA	NA
950	2005	1	2	138	31.6814291464549	3.46373421865325	490.495037024452	64.1003773870081	NA	NA
951	2005	1	3	157	21.3440562290254	0	305.06132374773	0	NA	NA
952	2005	1	6	147	36.1041701410289	0.522377961241051	533.517061465299	1.69192314836224	NA	NA
953	2005	1	4	196	21.6070695968639	0	259.210244545705	0	NA	NA
955	2005	1	5	118	30.0509849982705	0	484.956840927336	0	NA	NA
956	2005	1	3	138	34.489156162821	0	459.899389425594	0	NA	NA
957	2005	1	4	187	21.1632876516864	0.901233531578344	266.837117415553	4.15023629398718	NA	NA
958	2005	1	3	216	33.2381010487646	0.241510749076509	443.597827469294	0.94477125045526	NA	NA
959	2005	1	5	206	26.4334658421978	0.151234528578273	317.801572803817	1.17573061626753	NA	NA
960	2005	1	3	226	36.2421790903238	0.308638767296157	468.43188437721	0.696937530923569	NA	NA
961	2005	1	6	196	36.9109373543788	0.506946808826579	571.581076382379	0.943008756826205	NA	NA
963	2005	1	5	177	16.8472610288935	2.00173494653526	195.609934937205	18.44409302851	NA	NA
964	2005	1	4	157	21.8024686397123	0.244600516335916	240.688948598102	4.03015094211058	NA	NA
965	2005	1	3	118	17.1576367464328	0.13040095003996	203.889616191472	0.987913046850287	NA	NA
966	2005	1	2	147	25.1273195393215	0.462961098257997	299.057298816067	12.8731581701372	NA	NA
101	2012	2	3	138	43.4698432234392	1.10474751164854	655.914709686737	4.01773096192189	2.79169559438228	6.80942655630418
102	2012	2	5	157	35.5731339543961	0.111109799036549	482.454123306979	0.302311867089294	10.5218413559764	10.8241532230657
103	2012	2	4	236	27.6206202466028	3.0341445716727	328.877007121077	33.3787726013112	61.3080854528082	94.6868580541194
104	2012	2	3	157	34.5226052266942	1.06809177040347	543.735047544213	6.16241553805337	3.14402730574677	9.30644284380013
105	2012	2	3	177	32.5051247476099	0.327931883175408	493.590171342218	0.729435594889846	8.79752526450539	9.52696085939524
106	2012	2	4	157	25.8710859561551	0.569828730354603	363.517187570761	8.21083003993473	5.07564762278461	13.2864776627193
107	2012	2	3	138	30.1100904284328	0.477623984218778	519.208779594792	3.45381454297178	19.9938888478154	23.4477033907871
108	2012	2	4	138	30.357485980652	0.436053106058343	465.313583190845	0.640918920706903	4.84028497021346	5.48120389092037
109	2012	2	4	196	31.0335594774618	0.762535893301279	431.599033153614	10.6018373460764	0.529170537022146	11.1310078830986
110	2012	2	3	138	36.9397188556925	1.42669733032712	587.378358848806	5.01720239090475	29.7137170075383	34.730919398443
111	2012	2	2	167	37.5580721598076	1.06018511002073	501.951539362246	7.74628525174918	10.4908159664527	18.2371012182019
112	2012	2	5	216	38.0094522798609	0.347413627135361	512.413932417226	1.92838023677662	4.1801161608958	6.10849639767243
113	2012	2	5	354	45.5599081809526	5.12586493708178	530.156997043312	76.7337052681315	6.29657234826271	83.0302776163943
115	2012	2	4	226	42.7962071551098	0.140625181476733	579.410385989117	0.994308717711572	15.2306466593134	16.224955377025
116	2012	2	7	344	36.4437036336054	0.523536255549108	437.201028769276	3.46852949814234	18.0279617985999	21.4964912967423
117	2012	2	4	246	35.7503854039803	0.316357782036114	500.86167578509	1.89515025655971	2.44781284913255	4.34296310569226
118	2012	2	5	167	41.3547241340819	0.188270473298509	631.003920447492	0.0785950336256273	2.72199162393555	2.80058665756118
119	2012	2	5	167	42.2803850021111	0.983704282799635	534.725492527744	6.6090612897686	6.34188238514789	12.9509436749165
120	2012	2	4	216	39.5640384664657	0.540507870622642	556.643332536582	3.69639811425728	17.0658603432302	20.7622584574875
121	2012	2	5	187	36.6552844114393	0.599730210897473	540.537270077408	5.07179155394735	5.84024958303232	10.9120411369797
122	2012	2	7	216	38.6987287598818	0.458330868339527	581.425890294325	1.26721916515944	2.38126250441005	3.64848166956949
123	2012	2	5	157	30.5459146264557	3.19444503737969	450.506342714242	47.6712635506372	1.30754627691275	48.97880982755
124	2012	2	4	187	28.9324912152408	1.17052467772775	393.072708494618	11.7545828447602	175.700877638934	187.455460483694
125	2012	2	4	255	36.4061597684803	0.459876243188191	602.518878618185	3.67515878885787	1.70892128925962	5.3840800781175
126	2012	2	1	275	45.8130755559537	0.581208308785674	627.152417981688	5.82267966326531	2.26932352776875	8.09200319103406
127	2012	2	6	246	37.9478180544917	0.542440326011912	503.766186690738	2.49415935802367	3.84358205129007	6.33774140931374
128	2012	2	3	265	41.1444892961988	0.249999995145997	478.902434614243	1.95107258786018	2.42453889480017	4.37561148266035
129	2012	2	3	187	28.0557439663886	1.96026231216686	385.947210045712	19.6522224825139	3.88057083899013	23.532793321504
131	2012	2	6	236	38.837819373327	1.46489058691749	533.792849473416	14.6577753187196	9.20008902673586	23.8578643454555
132	2012	2	6	147	37.3775079295561	0.244600516335916	635.097849294513	0.927608059987264	11.0234348605752	11.9510429205625
133	2012	2	1	147	41.1037809985324	0.577158699678113	872.58978574495	5.88948740672293	10.4847052025883	16.3741926093113
134	2012	2	4	177	24.2077723824705	2.14216855261753	276.051002818004	21.9919504589666	7.65319139929546	29.645141858262
135	2012	2	3	216	49.6167038219002	0.436149384974534	738.044091238978	3.59327160576125	3.9387409882523	7.53201259401355
136	2012	2	3	147	41.3362287577939	1.09374715425472	602.675648202006	6.74878754054824	6.90279549137558	13.6515830319238
137	2012	2	5	236	35.6636744506949	0.660879111934052	465.245542487797	5.11378488041352	41.0881769370439	46.2019618174575
138	2012	2	3	187	41.242027697804	0.13040095003996	700.563014949471	0.0392975168128137	14.2482087389931	14.2875062558059
139	2012	2	6	177	25.2165249024866	0.188270473298509	274.461605908568	0.0785950336256273	8.72655394914145	8.80514898276708
140	2012	2	3	187	45.0425259165364	1.22241410136531	786.568153149284	15.9206285297611	7.35997297759665	23.2806015073578
141	2012	2	4	275	39.06943500767	0.896026610600646	472.072447597142	12.0474485712456	4.54985667220836	16.5973052434539
142	2012	2	6	255	39.8262865151643	1.30015441400026	463.048226747398	11.8601860792533	3.28302262271369	15.143208701967
143	2012	2	2	226	45.7901267885729	0.472415098365239	723.593842176795	3.92992459035534	6.4336322625266	10.3635568528819
144	2012	2	4	196	26.2579886754977	0.634199045331912	337.152114144386	0.859707845562243	6.09048634571711	6.95019419127936
145	2012	2	4	236	35.1813269049552	1.57523310193827	421.826244712921	14.5747347535045	3.58441492790956	18.1591496814141
146	2012	2	4	246	28.7304351730444	1.92438269687884	355.876743303482	20.6857265434946	17.8686005435448	38.5543270870393
148	2012	2	1	167	29.1928981752768	0.461613193431317	383.487146195713	4.70643468063526	1.90492747874274	6.61136215937799
401	2012	2	5	138	26.3368135995967	1.74652704797365	400.907532034184	18.4508689028465	3.4952783353989	21.9461472382454
402	2012	2	4	187	47.149047691653	3.62179865565359	546.889304976025	26.5558589407493	18.9648538969342	45.5207128376835
403	2012	2	4	157	23.729738721639	0.850693977643304	338.306798975525	9.41363861016213	0.617383637887709	10.0310222480498
404	2012	2	3	206	31.1911346603778	2.78240860872149	411.511099453438	17.3486462566532	15.8103243298192	33.1589705864724
405	2012	2	1	118	26.9930575694227	0.11111078147447	309.863744578057	0.286671455397794	31.0321683453666	31.3188398007644
406	2012	2	4	187	44.4679922909814	0	707.46738209591	0	6.25138020392798	6.25138020392798
407	2012	2	7	157	44.2244518251615	0.693764256440934	575.600400858607	3.79759609711571	19.9247645157416	23.7223606128573
409	2012	2	2	98	32.7351458852083	0.093364022881803	400.83803486692	0.631306748094489	17.0909125101984	17.7222192582929
410	2012	2	2	147	40.6726489240169	1.73055850201676	554.277000386857	12.1025682507651	1.01959372246686	13.122161973232
411	2012	2	4	128	43.0336967857785	0.763271739303599	583.615430038584	2.18566893885348	5.4396605210217	7.62532945987518
412	2012	2	4	128	43.1867940166537	0	539.606883682982	0	0.868583189734417	0.868583189734417
413	2012	2	6	147	35.1830864512705	1.72583101074418	443.890892630677	17.2974995560834	29.7267932562578	47.0242928123411
414	2012	2	3	98	32.1874986382187	2.87114043680899	449.66579044325	4.19965095650345	35.8061878778545	40.0058388343579
415	2012	2	6	177	25.1416719748995	0.0771606742619596	317.422796810951	0.266488250762733	3.07012832538027	3.336616576143
416	2012	2	5	147	35.7705803978704	0	473.086443388339	0	10.4773172694275	10.4773172694275
417	2012	2	3	98	34.5393518634839	0	471.937566730185	0	6.20160007450534	6.20160007450534
418	2012	2	5	236	37.3358407724795	1.34329031576776	506.470973124985	15.1353040064601	60.0687793138409	75.204083320301
419	2012	2	5	216	28.2416418521095	1.46431979048579	355.247988929104	15.3952993250074	11.1546296204548	26.5499289454622
420	2012	2	3	364	49.7075950485365	0.790123732541794	580.915575688307	3.51835187239554	1.57106560028027	5.08941747267582
421	2012	2	4	167	30.9795529001059	0	393.336497005975	0	45.7825698760898	45.7825698760898
422	2012	2	5	128	22.3831032047525	1.63271652709414	259.129384010235	17.033756728089	5.90038460813513	22.9341413362241
423	2012	2	5	157	42.9477246258092	0.506558745848053	537.793647135343	2.96662161340908	124.123505758006	127.090127371415
425	2012	2	1	501	21.6319429601306	0.805746460350728	163.46064232727	1.40189961478031	1.6100782100962	3.01197782487651
427	2012	2	5	118	29.154488782344	0.380926549473328	442.410667170261	5.80281673339227	8.62294604606447	14.4257627794567
428	2012	2	4	118	28.4787797700027	0.412228986490575	351.355849883602	2.46362027527051	15.8120828936966	18.2757031689671
430	2012	2	4	128	26.0264300225541	8.34857373099116	407.0854317763	119.47768946193	0.493458918618501	119.971148380548
431	2012	2	3	521	49.3458496170195	0.496909240594666	492.179828655951	1.98103203224035	36.4009263216788	38.3819583539191
432	2012	2	4	177	24.767701085902	3.74865005748743	304.543853063901	50.4622832277303	35.520141252974	85.9824244807043
433	2012	2	5	98	23.725705813976	0.111109799036549	342.444368206186	0.0392975168128137	27.1230576847912	27.162355201604
434	2012	2	4	69	28.1525838546325	6.69276598301782	477.610744885364	67.3269422497548	17.054198805116	84.3811410548708
435	2012	2	5	196	40.5633291268712	2.39602461660079	519.062217540963	22.4473890300687	8.96625897732041	31.4136480073891
436	2012	2	6	157	16.7689803754024	7.58352672636555	210.847395785934	79.4608443755506	11.5721853853493	91.0330297608999
437	2012	2	4	79	12.6755417649027	4.70389704348707	179.249168324513	51.4922436351324	39.8331616157307	91.3254052508631
440	2012	2	1	39	21.7712192543427	4.22569440333322	413.115222124861	44.2473888032872	8.97549389377142	53.2228826970586
441	2012	2	5	128	25.9461825283465	6.36921282565328	385.781501259254	71.4972792235917	13.6230834902933	85.120362713885
442	2012	2	4	118	19.9521588147118	2.38927428565027	311.100106350577	24.7681166571423	14.7599115297919	39.5280281869343
443	2012	2	6	255	44.5150019454687	1.63574734807833	546.866842269805	16.1872641462119	19.6574628063809	35.8447269525928
444	2012	2	7	226	41.6504585792947	0.278549641110506	530.422681659856	2.30203674563958	26.9132285937691	29.2152653394087
445	2012	2	6	187	26.6687282861011	0.151236493454113	369.63109916625	0.268688911704251	21.1464457184184	21.4151346301226
446	2012	2	6	157	35.3141053547623	0.942707148384667	518.560226149006	4.04278607620382	22.7234452437374	26.7662313199412
447	2012	2	5	138	35.8216995901784	1.408179357967	507.340683907842	4.20929456712932	19.0917947006188	23.3010892677481
448	2012	2	3	138	27.6907152273419	1.63271652709414	413.289756151158	20.0993643653789	4.37388239192058	24.4732467572995
449	2012	2	2	403	42.4250185303027	5.04282240699086	414.257317996489	43.0921312108412	38.4791656739452	81.5712968847864
450	2012	2	4	128	17.3238760493681	9.13368310038764	222.652828635012	113.577281275285	31.3864158106757	144.96369708596
451	2012	2	5	108	14.8658281619817	5.16473804071302	154.532520607578	54.6179425790376	18.1757106374369	72.7936532164746
452	2012	2	5	128	30.1330382133757	0.207561624301919	368.424490526147	0.997088034588159	37.9502603951616	38.9473484297497
453	2012	2	5	59	15.9955610348198	2.90316300082183	261.206189003138	39.6495115479715	19.3711018013659	59.0206133493374
454	2012	2	5	187	40.8849832317358	0.0933630404438827	622.916546503938	0.534740960030362	10.2817040551125	10.8164450151429
455	2012	2	4	196	51.3834946344184	1.37210816728452	698.398877856908	14.898867549242	19.3362743770905	34.2351419263326
456	2012	2	2	118	43.339507114302	0.0771606742619596	731.15249750477	0.408699087042864	3.66714602517974	4.0758451122226
457	2012	2	3	157	43.0869999375834	1.74093402889326	685.601279969661	24.5211121152154	2.60455099494046	27.1256631101559
458	2012	2	4	128	25.7783595354836	3.76543206204235	346.993502295304	25.1220477774411	51.4347808411728	76.5568286186139
459	2012	2	2	69	29.8447172447096	1.79783978055198	593.508712525329	22.4112362970388	27.036750513491	49.4479868105298
460	2012	2	3	187	22.9646985940788	0.692898728633132	274.85164555219	3.94568780678688	1.18188264252457	5.12757044931146
461	2012	2	4	206	39.067129225871	0.843360078568113	524.367944265183	9.87295879348742	7.81368245795899	17.6866412514464
462	2012	2	2	69	22.1282814042936	2.67225963397102	334.986127366829	28.9985680248857	1.22403905368552	30.2226070785713
463	2012	2	2	98	30.9884252969643	1.10590285864284	418.967907407089	6.41239490200304	5.75592693633122	12.1683218383343
464	2012	2	2	98	16.9805169435299	1.55015440914626	232.042569442762	13.0041269692951	14.8716245457116	27.8757515150067
465	2012	2	1	147	41.4070251992081	4.10898962034045	575.855293394597	41.6423996410343	10.1810238170381	51.8234234580724
466	2012	2	4	167	30.809991974562	0.324267389732613	426.241897417899	3.64142088823615	8.83059412490337	12.4720150131395
467	2012	2	5	157	28.9209426574875	7.11516221954579	418.980359807729	97.8260535336864	105.596544090916	203.422597624603
468	2012	2	2	206	28.3242118295607	13.6251957318219	285.168598497446	178.520312367996	0.78974254662871	179.310054914625
469	2012	2	2	128	14.1208061894859	1.50790957857248	173.127097582096	15.1389655525891	27.1416945321396	42.2806600847288
470	2012	2	5	157	31.7308290724024	3.39043354298023	511.339547149504	38.2012850730585	32.4524297248777	70.6537147979362
471	2012	2	5	157	36.1728396043455	4.64699129182836	466.008991065927	47.1176126255165	23.5480152146415	70.665627840158
472	2012	2	3	108	26.5578690087342	3.97569440818723	415.427296438733	41.9852292128334	0.707414248905865	42.6926434617393
473	2012	2	5	157	47.3955728038748	0.20563211622641	615.474673571552	0.752548429403302	28.6478701077828	29.4004185371861
474	2012	2	2	128	28.23751757772	2.08473817910937	332.58546269593	12.4674830270131	42.4289296156635	54.8964126426766
476	2012	2	2	265	34.2849790371546	2.50405054300545	364.039935911098	4.60392219583943	92.460936472307	97.0648586681464
477	2012	2	3	128	31.6413948012019	2.546100850871	409.147816545408	21.8790477107254	5.8708623486295	27.7499100593549
478	2012	2	2	177	15.9551622050983	6.27951329621427	209.320484875545	64.6087398888779	0.257104003747833	64.8658438926257
479	2012	2	5	295	45.9382469889438	0	513.152277741615	0	23.0943843293127	23.0943843293127
480	2012	2	3	324	44.9720183118708	0.274689642521568	561.565491181371	0.943188542965624	27.4495807519888	28.3927692949545
481	2012	2	3	216	46.5995711452558	0.393711996568377	655.337192397218	1.66593963024561	2.48554828965206	4.15148791989767
483	2012	2	3	314	46.32419379619	0.537807148779682	471.88146264787	3.90432324058972	20.50983577043	24.4141590110197
484	2012	2	5	108	19.5349469030894	3.90470737381656	224.157779110568	41.4869052616335	68.8769836785402	110.363888940174
485	2012	2	5	157	38.2415257302748	6.28510140310505	427.86592329915	80.31474306569	5.36026971268061	85.6750127783706
486	2012	2	10	236	43.7668430486934	0.815669083345964	601.140556531054	3.63482971222872	14.1988117603594	17.8336414725881
487	2012	2	4	98	20.2814444973415	0.39062517662273	292.747055844143	4.29476052596018	7.67837128319327	11.9731318091535
488	2012	2	5	138	32.2671547047983	8.32850940134446	493.270003665927	92.0398036509445	3.71040276681144	95.750206417756
489	2012	2	4	265	33.2347018135603	0.797841764843831	372.386672483178	2.43914971155117	31.4177457559547	33.8568954675059
490	2012	2	4	354	54.2855887427829	0.13040095003996	742.400432201831	0.0712306789749061	23.1156835834253	23.1869142624002
491	2012	2	5	187	39.8491547226356	1.10221380425204	508.758287792779	4.76652647846957	20.0433447727243	24.8098712511939
492	2012	2	4	265	63.3542550840416	0.281634496180312	739.611049266314	0.844114590890919	15.2306564836926	16.0747710745836
493	2012	2	6	236	48.3125616923813	0.334103558190861	592.536356382947	0.603134358291383	6.52819191235744	7.13132627064882
494	2012	2	3	147	45.6856730064466	0.353008611091585	784.164658074737	1.06518670147308	1.41724529509572	2.4824319965688
495	2012	2	4	226	60.502912736203	0.476077626932194	719.177434959494	2.7517614577971	1.38584657916228	4.13760803695938
496	2012	2	6	177	38.4508419887024	1.12831717979495	371.085560192206	7.60679478607041	22.8735912310999	30.4803860171704
497	2012	2	4	88	24.133848841156	3.49942029367097	431.316033068725	49.5557789167094	1.10438793936971	50.6601668560792
498	2012	2	3	167	28.4742045566077	5.2262691101006	402.791590566623	69.1939594140282	1.05054051695695	70.2444999309851
499	2012	2	8	157	41.7443275752675	1.55911620785542	617.903135340968	12.4847022164425	2.53595717934369	15.0206593957862
500	2012	2	4	216	56.2370159907323	0	777.717348311484	0	2.0403565460589	2.0403565460589
501	2012	2	5	138	42.2166326405857	0.284722298563879	569.373694583048	0.621971622975605	4.85352823337938	5.47549985635499
503	2012	2	4	108	24.9159460558888	1.63618846270455	344.804877200749	16.5314033077588	63.0336492404381	79.5650525481969
504	2012	2	4	196	40.0914268611004	6.0709869178746	463.012640881049	62.6417075970021	8.55257401783192	71.194281614834
505	2012	2	5	187	44.7384653099489	0.102044844345754	636.080626155916	0.534618155290322	3.24907939256662	3.78369754785694
506	2012	2	4	216	56.7711183661145	0	811.551377536394	0	51.7051575812242	51.7051575812242
507	2012	2	5	167	51.1286836407766	1.34574149837896	665.659798290267	6.29708714573296	12.0415942236784	18.3386813694113
508	2012	2	5	118	40.4041732013414	1.5688669042146	520.860337316322	6.03367883785043	11.4710237526939	17.5047025905444
509	2012	2	3	157	19.1339835322311	0.0933630404438827	242.693010940071	0.315716250074145	1.28291655825032	1.59863280832446
510	2012	2	4	196	39.854574832642	4.30516478914586	511.581569748738	57.1843563163492	66.6963153487011	123.88067166505
511	2012	2	4	167	36.1615661292099	8.5451369627751	433.651888274895	108.522905398351	41.9832564774894	150.50616187584
512	2012	2	4	226	43.3124772998003	0.577162629429794	506.749693464684	4.54327630301806	1.88992565169944	6.4332019547175
513	2012	2	6	177	36.0048181590227	5.66429986369255	581.470055791033	71.2032365364777	5.29042820092504	76.4936647374028
514	2012	2	3	373	62.0351563196238	0	870.565241537219	0	7.61295074207914	7.61295074207914
515	2012	2	3	69	23.7517364891128	5.51504691239956	395.455020242727	58.160376952174	5.44484779324099	63.605224745415
516	2012	2	4	118	27.5795337103371	3.79706558063874	314.391044475614	36.8820595741489	87.1036435465249	123.985703120674
517	2012	2	5	206	36.4090058911355	5.21025831931314	468.023251113508	46.8829141009795	23.2659179902007	70.1488320911802
518	2012	2	4	246	34.800066326589	6.61730787367177	412.104685497582	43.0807251065863	50.7537941723236	93.8345192789099
519	2012	2	5	118	31.143786064808	0	515.973067252569	0	59.8817133094327	59.8817133094327
520	2012	2	4	265	21.6662369206152	3.05728687932376	151.240762146877	25.9930998336693	10.0294238215535	36.0225236552228
521	2012	2	5	167	31.1206771600462	13.2716045350436	413.643885723917	157.594215685851	46.2853619549514	203.879577640802
522	2012	2	3	255	30.0424387708016	0.0850692995205384	356.924380716384	0.112407599529293	11.4915861783662	11.6039937778955
523	2012	2	6	108	19.7940825884565	10.5117674375415	233.500614402251	152.843976063224	8.23781073254049	161.081786795765
827	2012	2	2	246	35.6950269920461	1.08333527717516	441.631448498635	7.42038308531715	8.35234334529143	15.7727264306086
702	2013	2	10	403	22.9615567576096	8.48351059690924	157.581319223271	66.8532381928381	10.6945244692311	77.5477626620692
703	2013	2	6	481	31.2234529382047	2.83385200554323	214.066400788884	7.20610256807816	10.3176416342379	17.523744202316
704	2013	2	2	118	16.7492304258902	1.27044647372769	211.256012348192	7.34712956666431	6.45117860378352	13.7983081704478
705	2013	2	2	108	26.3917829661145	1.24190075751486	355.671941347298	3.47575041685669	7.96028184442919	11.4360322612859
706	2013	2	4	265	48.5375890980307	5.53028157722997	483.454250267664	27.0513033664047	95.1303676675054	122.18167103391
707	2013	2	4	246	23.1961216705894	1.61988883516851	168.840261154791	5.39121847204654	8.08437357814486	13.4755920501914
708	2013	2	6	354	23.4608975320571	2.817320522658	226.528191570587	22.4356027223386	7.4275843552731	29.8631870776117
710	2013	2	6	432	28.9139614536257	3.5534357129681	183.057359032161	13.1550677489352	14.4169424518081	27.5720102007433
711	2013	2	7	314	40.7260630913068	2.08661168822342	400.666013425604	11.5178850590553	3.05892853308862	14.5768135921439
712	2013	2	9	265	46.5120801362616	4.29828575882777	408.139554753133	28.4307228366923	17.1909541636246	45.6216770003169
713	2013	2	7	344	40.5266841924433	1.91177114129569	287.868783929302	7.22169582274948	1.37181736566011	8.59351318840959
714	2013	2	8	373	24.4519828709521	1.21351910843473	191.191167904019	2.54551237055673	1.47619157031494	4.02170394087167
715	2013	2	9	570	25.8655155331469	1.06326898265262	169.885931726977	1.6855824940245	0.376470211066755	2.06205270509125
716	2013	2	7	364	32.1869111403423	1.28028460706178	215.79304329335	2.74673628783466	0.271624436210168	3.01836072404483
717	2013	2	10	491	30.245420269519	2.87563017810485	164.36358530083	4.76981469818888	0.297128524621684	5.06694322281057
718	2013	2	5	354	34.4457147228603	2.32798980818068	366.161372076283	16.041573514818	29.8939157708835	45.9354892857015
719	2013	2	6	265	26.3100608325885	5.3059988595242	153.183500713859	18.5268644057349	29.3486725494849	47.8755369552198
720	2013	2	6	324	20.5952390988435	0.88426191650481	115.225762001248	3.70608102239995	0.672341215150429	4.37842223755038
721	2013	2	7	383	37.364279402959	2.17812676293918	280.831974081216	6.48172554604004	0.163281182357241	6.64500672839729
722	2013	2	5	167	18.1101260291901	1.84356047648785	141.161995380776	7.52793056445462	5.70903517439433	13.236965738849
723	2013	2	6	393	25.6393190263723	1.80632313199394	186.256141532959	6.1116519882725	7.52509131886489	13.6367433071374
724	2013	2	5	196	42.3645465289933	2.41382442684115	459.252494335018	4.68910840547249	5.56406663487186	10.2531750403444
725	2013	2	4	255	26.8475889689988	1.46402898886137	184.513843880233	4.3901132488022	3.92176446098916	8.31187770979136
726	2013	2	4	344	28.7069814325726	1.95999508905253	199.802137049397	6.85654133164898	16.6904413407382	23.5469826723872
727	2013	2	8	491	23.3604638859006	0.173612499527329	130.427118256405	0.135057705782278	7.7250763819253	7.86013408770758
728	2013	2	6	246	24.7194388230663	2.25300130416055	168.197671107182	18.8608687376958	25.2294184177529	44.0902871554488
729	2013	2	5	275	31.5130677776117	1.39062613964464	250.859818919234	12.2845432618702	38.1630957462198	50.44763900809
730	2013	2	4	138	16.2272375803139	1.562499724053	144.802961400255	16.7234040978408	97.83979391044	114.563198008281
731	2013	2	5	540	28.4420611527307	1.19453840781414	236.630795227949	21.529058131363	4.59963680163099	26.128694932994
732	2013	2	6	177	25.8672917809068	7.25854313938902	196.729560488719	60.167490746323	32.9761870289589	93.1436777752819
733	2013	2	8	413	31.2632220252192	1.54523043028961	217.509484162452	8.28425253790987	4.77008978080657	13.0543423187164
734	2013	2	5	157	27.5577226060681	2.98475839985611	185.763946029506	20.1216755305494	26.761166852462	46.8828423830113
735	2013	2	10	442	31.5931069949802	1.57049971603817	207.841985558555	6.26558036162829	1.01950530305403	7.28508566468231
736	2013	2	6	334	36.9078387451781	1.72299569490613	281.046243791638	17.8126290903483	7.92089590820355	25.7335249985518
737	2013	2	8	226	39.7973881037381	2.29851863544691	326.024866051209	4.42365171452609	1.31773415814647	5.74138587267256
741	2013	2	2	98	7.13778187022324	0	56.1435881093857	0	13.8679659663123	13.8679659663123
742	2013	2	6	177	42.759881513006	0.73263736007217	398.896397121627	3.20109319478649	19.6125260959054	22.8136192906919
743	2013	2	2	59	16.8522380593979	0	190.094563820292	0	1.94366500594097	1.94366500594097
745	2013	2	5	177	23.2948498045162	2.45717450007529	131.227532043724	20.9735130659319	42.10173849068	63.0752515566119
746	2013	2	8	364	27.6115385904674	4.50229292273397	225.199082746199	20.5123979685262	15.1711403944796	35.6835383630058
747	2013	2	8	314	38.9332946552995	4.19788944531232	324.51599564835	29.2817351242218	10.8163271225925	40.0980622468142
748	2013	2	6	442	35.4413448195747	1.69309028461158	246.365486690968	5.04467626734651	6.64348100230703	11.6881572696535
749	2013	2	7	216	19.5484121972253	1.36668510996435	127.594626927382	3.66629719881658	6.33520180728971	10.0014990061063
750	2013	2	9	334	38.4842203170453	2.69097016416352	312.746846196546	20.9441332599247	7.30709816872501	28.2512314286497
751	2013	2	8	373	27.3883021691468	2.8720983137813	181.656885917241	20.2852062521384	14.3449297522486	34.630136004387
752	2013	2	9	422	31.2088824014084	1.83248938356376	214.50709394924	10.9826322488684	8.35925970825049	19.3418919571189
753	2013	2	5	373	26.1520730257459	3.74241452400716	200.033167150739	34.6866605701326	1.64362846507513	36.3302890352077
754	2013	2	4	118	30.0257785885488	0.347224016616739	274.880858343751	4.31216367689022	17.3667024831907	21.6788661600809
755	2013	2	7	187	23.5939510644819	1.2113999898406	169.905193404843	3.07773337732147	31.6592093480111	34.7369427253325
756	2013	2	3	157	33.5890573470406	1.52716536181076	307.25599378281	10.4452396888911	3.5716432349454	14.0168829238365
758	2013	2	5	88	20.4790687620793	1.03858031771497	171.717496636458	9.3034581973982	3.25168285305547	12.5551410504537
759	2013	2	5	255	27.9266349222138	0.895834052768263	184.081008258363	2.64646769124885	11.6137228606205	14.2601905518693
760	2013	2	5	452	23.5859491076209	1.28003998001962	162.657318558831	3.80181370310765	6.57617418038588	10.3779878834935
761	2013	2	6	187	31.2400453322409	2.86516230206384	246.787925172327	23.724227244906	33.0646555636837	56.7888828085897
762	2013	2	6	305	43.0054104331766	8.44851714062535	363.157691922082	55.7975901752935	14.3915464315678	70.1891366068613
764	2013	2	5	157	13.7113015033484	7.19483204025625	65.5837761219065	37.2695674752505	82.8619580011626	120.131525476413
765	2013	2	5	157	26.242387561323	2.11188293884782	241.11968769745	8.32360703612206	55.4706652909864	63.7942723271085
766	2013	2	6	334	35.2634498731527	4.5898900350235	334.208681995649	34.1553404589408	9.24154790697338	43.3968883659142
767	2013	2	7	226	38.1189214075705	6.848995225983	343.264197422906	14.99881390619	33.662292199373	48.661106105563
768	2013	2	4	187	34.0134980368808	1.18053080794621	290.229678530748	4.16857448020788	18.0007875657239	22.1693620459318
801	2013	2	2	206	42.9895853231561	0.162229973782498	728.223919817387	1.55801685982258	2.91662240033022	4.4746392601528
802	2013	2	1	177	39.781631764372	0.222993759154311	642.017949447418	2.29460067302068	2.01221952402092	4.3068201970416
803	2013	2	3	147	37.9255383273346	0.102044844345754	622.567559011254	0.933535107960556	16.3808260301493	17.3143611381098
805	2013	2	3	226	36.5835369701183	1.33217599557518	448.109190258908	12.8659126904748	2.87745260044705	15.7433652909219
806	2013	2	1	157	32.8678634238644	0	566.609977838199	0	0.916693174692504	0.916693174692504
807	2013	2	5	216	36.0343286292733	0.673609542505563	452.074317564824	6.2779050453387	3.99206771856729	10.269972763906
808	2013	2	5	295	40.0091958247316	1.34201314647135	480.721091271888	14.0764835027107	12.9727685333164	27.0492520360271
809	2013	2	5	275	37.6425431546347	0.648919895129992	455.929135758609	7.24960884894163	34.3613459015769	41.6109547505186
810	2013	2	5	167	31.0839153155057	0.222993759154311	370.578064200582	1.7068846954508	18.767776850118	20.4746615455688
811	2013	2	6	246	38.2208277281695	1.43904362767179	461.387019520615	18.1896887641672	8.11268743900849	26.3023762031757
812	2013	2	5	275	46.5423018915665	0.151234528578273	544.892320116834	1.21865332900632	9.4845146290478	10.7031679580541
813	2013	2	5	206	28.3915412475541	0.111109799036549	349.057084656238	0.267506056448185	5.312375864065	5.57988192051318
814	2013	2	4	118	19.791092047427	0.593363030735877	255.029239278491	2.55924783512073	33.9554123772798	36.5146602124005
815	2013	2	5	265	39.2932667863704	2.03433321916941	472.709066387072	20.2653393925136	11.2873471591108	31.5526865516245
816	2013	2	5	226	50.0912380388596	0	632.894383492733	0	8.1173147216132	8.1173147216132
817	2013	2	6	206	31.7690871698955	0	396.515731939473	0	1.47012992834656	1.47012992834656
818	2013	2	2	138	26.3773146028619	0.408179377383014	362.61557285327	4.06730477938126	6.96423715891242	11.0315419382937
819	2013	2	5	216	35.5468910726685	0.293403120027829	415.588551834098	2.48281318248189	22.1742231487615	24.6570363312434
820	2013	2	6	236	31.4230794114241	1.16628054591197	379.598617609569	10.6598149375062	8.41628040514588	19.0760953426521
821	2013	2	4	138	23.0943273479134	0	307.698204809753	0	2.88923203111169	2.88923203111169
822	2013	2	5	295	38.2871511297324	1.11110879718262	463.639795846492	14.8071432152493	3.87080540606215	18.6779486213114
823	2013	2	1	255	56.0942225687654	0.45852539104775	867.865760513352	4.25871119452143	2.68222253692099	6.94093373144242
824	2013	2	7	246	37.0760576605229	0.696182036162843	423.953757256643	4.62116299890313	7.22663650305078	11.8477995019539
825	2013	2	5	206	33.0877104343599	0.290892991141411	451.527623282618	1.29299538887488	3.60157811837756	4.89457350725244
826	2013	2	1	206	40.9814831964592	1.55459109879442	646.891677586877	21.7307958636732	6.70757525222873	28.438371115902
828	2013	2	1	177	36.652008963413	1.40952922766952	569.147505935777	14.2548274232623	7.74634616290024	22.0011735861625
829	2013	2	5	236	30.6589480389403	0.173612499527329	364.774013525162	0.611689427701532	36.6986737821903	37.3103632098918
830	2013	2	1	167	37.3661254038113	2.88753929057497	580.897099960778	23.8500971912574	20.6303219569781	44.4804191482355
831	2013	2	1	196	34.6205631292914	0.959106002150654	544.629302819244	9.45922274722707	1.90106649771588	11.3602892449429
832	2013	2	2	196	36.0297111710478	0.851659714118979	544.104527709477	6.69220795827908	7.18584568059908	13.8780536388781
833	2013	2	6	285	42.72498826539	2.49575680208211	490.839726351234	19.1515102247297	39.1510058457563	58.302516070486
701	2014	2	5	157	6.82848192220671	0.417438854782034	27.8898642357321	1.16889481321794	1.20599166908924	2.37488648230717
709	2014	2	5	364	16.6058023490268	0.818579064465953	98.2252553933536	2.78228285666769	8.75455342987058	11.5368362865383
738	2014	2	6	275	27.4041587171807	1.33748509009659	205.978857866008	6.6492331763305	13.928965536785	20.5781987131155
740	2014	2	6	177	18.3152404006325	1.80203577290967	122.711054759961	9.32488320356455	4.18358416675453	13.5084673703191
841	2014	2	6	196	28.000759863302	0.768517957798109	293.3384530166	1.38150420355446	2.26968702979927	3.65119123335374
842	2014	2	5	157	37.0847109737251	0	570.457219470742	0	1.80235113548209	1.80235113548209
843	2014	2	5	314	36.6779148689339	2.01388770360962	456.309911012643	18.1560274937033	6.93305457932145	25.0890820730247
844	2014	2	4	108	25.0154296845763	0	346.670232080061	0	8.69471313614387	8.69471313614387
845	2014	2	3	187	26.4888222892562	1.10513066243747	310.659680413335	8.2676513019323	6.78518784793403	15.0528391498663
846	2014	2	4	265	36.5987765471383	2.79648596168176	434.918310682902	24.9853317164493	6.77555013193569	31.760881848385
847	2014	2	4	216	52.0998235250132	0.236305792974652	700.098349075812	0.251166148957417	42.7353618273906	42.9865279763481
848	2014	2	2	275	32.6460318887698	3.69868031754618	352.855524667527	36.2507115636618	3.50251890287166	39.7532304665335
849	2014	2	7	147	33.2892467668965	1.56251642549765	448.093478129249	7.5852892199946	46.7010216146597	54.2863108346543
850	2014	2	6	236	36.9710596077887	1.60090322235832	469.47686822529	9.74793767349913	41.7288836511601	51.4768213246592
851	2014	2	4	79	32.6649222051017	0	570.992443790229	0	1.13743715100928	1.13743715100928
852	2014	2	2	255	27.9313191862179	1.70196464634584	298.824849091929	16.1126686173599	7.22382673059866	23.3364953479586
853	2014	2	2	226	31.3310230134143	2.13117016009955	368.191707755555	19.8674412279668	7.25771101447051	27.1251522424373
854	2014	2	5	206	52.7902808954143	0.817460067674708	663.682555521085	6.04034271426396	32.4401885483905	38.4805312626545
855	2014	2	6	255	40.7501976612574	0.933642193693871	617.183544756478	6.1926245216653	11.1270525880314	17.3196771096967
856	2014	2	5	403	39.4901699416747	1.1575987420101	443.955378873329	7.93430225606424	25.3270236251367	33.261325881201
857	2014	2	6	147	35.3482401603039	0	576.962014624027	0	2.1538379502351	2.1538379502351
858	2014	2	6	285	32.2442157617967	1.40374070344299	412.366586745695	14.8185159166149	2.96240400741715	17.780919924032
859	2014	2	4	422	36.3279135003164	2.9222586466791	592.093303406707	46.6940305864187	32.4208836432562	79.1149142296749
860	2014	2	3	403	29.5966418454496	0.704474794648267	434.109458736285	7.53826777625223	1.77321202676539	9.31147980301762
861	2014	2	6	236	49.6116442666105	0	647.970170427543	0	42.5585131773538	42.5585131773538
862	2014	2	3	69	18.299575427993	0	322.385731296013	0	0.241856567224462	0.241856567224462
863	2014	2	4	157	38.5519122546312	0	649.661128821867	0	64.3517567249943	64.3517567249943
864	2014	2	6	206	40.0491623817682	2.24093205430942	618.607347824691	26.1785114126197	36.7909148785291	62.9694262911488
865	2014	2	6	226	31.5725543936871	0	477.332343592379	0	43.6064109363051	43.6064109363051
866	2014	2	6	265	43.2290309877241	3.40991528694018	672.886794365596	44.5371313596239	45.2245942592439	89.7617256188678
867	2014	2	6	177	51.4653464497498	1.5812102542455	897.354835230905	18.8413398367157	55.1267432482199	73.9680830849356
868	2014	2	6	187	37.1982385524836	13.7241508089083	590.255996147582	126.501698143915	71.8719260298783	198.373624173793
869	2014	2	5	196	40.8805946815457	2.68152009380796	660.043121122324	30.3590451096316	49.5377325145511	79.8967776241827
870	2014	2	7	216	47.2900206561535	1.96161218186938	808.882343246116	25.4173047578246	38.8834094050194	64.300714162844
871	2014	2	6	167	39.0911429559574	4.2398444566996	433.30100271215	40.6374658572144	21.3651855213777	62.0026513785921
872	2014	2	7	187	37.5534370176995	2.15294786147929	491.90540328923	16.8352644794485	14.9965120541427	31.8317765335912
873	2014	2	6	167	55.5845337757032	3.92457423344128	832.970260167183	54.8212482822687	40.8139981622409	95.6352464445097
874	2014	2	5	138	33.270980298644	4.87254528420302	406.180457121121	40.5286087883292	31.8706103397056	72.3992191280348
875	2014	2	6	226	40.142637420135	2.52682836618808	505.397434473142	14.2087216116617	56.7288145892655	70.9375362009271
876	2014	2	3	196	59.7088680939212	5.12036917935551	781.729045139699	30.0072743703196	26.6986838007296	56.7059581710492
877	2014	2	4	147	52.044945525222	1.89132660817382	570.268874332162	15.8086021161449	25.0137536454842	40.8223557616291
878	2014	2	3	157	35.8285796029344	1.82947624646213	453.095146211757	17.2818787931503	24.5875033049948	41.8693820981451
879	2014	2	4	147	41.8422844954268	6.30516966250344	562.583929556843	45.3670801781417	40.1604902820231	85.5275704601648
880	2014	2	5	216	43.6678339375214	2.06340846942129	489.736478039852	14.5211299932581	16.973845207613	31.4949752008711
881	2014	2	3	98	20.0088877275449	0.39062517662273	288.201521898784	4.06048076558671	29.979662952569	34.0401437181557
882	2014	2	6	334	48.8604820571128	3.5079065924267	669.573946892498	36.3547704057442	10.3441379849489	46.6989083906931
883	2014	2	4	147	37.0243372162077	0.412229968928495	513.505571259703	3.74910001405494	22.9390805428685	26.6881805569234
884	2014	2	6	334	63.4430802437316	2.73456682931565	903.353621803578	34.7057395145452	13.0940210214423	47.7997605359876
885	2014	2	5	196	53.7190079521929	0	754.398821753088	0	40.4728465944097	40.4728465944097
886	2014	2	7	216	56.7377390553336	0.702931384675443	668.983840643468	4.35148280733728	2.03158337543043	6.38306618276771
887	2014	2	5	177	46.5234086279208	1.06578009397696	720.665773392255	11.2186000831985	6.51653037424323	17.7351304574417
888	2014	2	7	285	63.6636866787395	3.88966035462893	845.483827392162	50.2791757113126	26.1134848291116	76.3926605404241
889	2014	2	5	216	42.7277901783387	5.99942024513094	671.912944671966	63.2502777843066	20.4968970630194	83.747174847326
890	2014	2	4	177	40.1495360992115	2.23398916552651	592.000628564026	29.6616949547815	13.2369952119866	42.8986901667681
901	2015	2	4	196	29.435583920106	0.938465963882644	389.495529221991	7.05391507471718	NA	NA
902	2015	2	6	147	24.3172503521214	0.70273784440514	294.493683100784	3.03500715216674	NA	NA
903	2015	2	5	167	44.9008966835051	0.644268051577275	719.030687224898	4.0336808415583	NA	NA
904	2015	2	3	138	23.3940760344685	0.162229973782498	422.673513911974	0.723003573825508	NA	NA
905	2015	2	3	157	38.041088745771	0	567.456358913372	0	NA	NA
906	2015	2	4	147	22.8454099993556	0.541279084390094	362.361091958769	3.33926719365203	NA	NA
907	2015	2	6	128	42.9129089907888	0.241510749076509	740.955102936345	3.5985679285897	NA	NA
908	2015	2	6	138	52.0466746159618	0.0771606742619596	860.609719643346	0.210685776888538	NA	NA
909	2015	2	4	393	61.3515936985475	0.408179377383014	855.408913359264	5.38927029765055	NA	NA
910	2015	2	2	275	42.2303297900708	0.652391830740404	534.16400174802	7.03125317920915	NA	NA
911	2015	2	2	128	32.7806730408739	0.0771606742619596	474.594133883255	0.322084412673661	NA	NA
912	2015	2	1	138	31.0802508220629	0.498070482216485	404.691907464206	4.05653431246079	NA	NA
913	2015	2	4	138	46.4063187292633	0.297839809675996	719.998926952393	0.243220191057866	NA	NA
914	2015	2	2	167	41.9976835783493	0.472992771862388	833.560842898604	5.63272529137137	NA	NA
915	2015	2	4	138	41.0960619837924	0.197530933135449	681.933924685204	1.14049155050356	NA	NA
917	2015	2	5	550	18.4289654494129	0	94.3416714172618	0	NA	NA
918	2015	2	6	118	32.439615787083	0	496.89600715588	0	NA	NA
919	2015	2	1	108	31.4137767067566	0.425347480040612	441.519838638697	3.66923567063626	NA	NA
920	2015	2	5	226	28.0424447042612	2.35859766158826	375.324895746063	24.6978890472841	NA	NA
921	2015	2	2	255	30.7065874361345	0.178433322402341	492.44556730658	1.83620103402673	NA	NA
922	2015	2	4	98	14.3641933949903	0.508680811755945	214.118334422228	1.98830403772656	NA	NA
923	2015	2	6	236	40.3560946543968	0.38059448545626	500.95514001664	3.18643129126363	NA	NA
925	2015	2	4	177	32.9996171909206	0.643904549546757	444.836469480227	6.89334836833378	NA	NA
926	2015	2	6	177	43.0755800791976	2.09242182608419	673.051833129393	12.0579125175349	NA	NA
927	2015	2	5	177	50.7280847543867	4.0237503590597	841.30219336468	55.467057778943	NA	NA
928	2015	2	6	157	32.804676946581	0.721735246470375	486.669076962139	3.23237107085573	NA	NA
929	2015	2	2	98	45.8901399512995	0	706.833426940792	0	NA	NA
930	2015	2	4	118	19.0455228570097	0	222.113978137161	0	NA	NA
931	2015	2	2	226	35.9716382831398	0.3939065192766	486.323366882357	3.66077295039062	NA	NA
932	2015	2	2	275	37.215088345255	2.72298879842468	402.095481230867	30.4272754231978	NA	NA
933	2015	2	4	98	21.8859090571609	0.564233746398379	335.101288739849	2.62873075703539	NA	NA
934	2015	2	4	167	39.0248519748459	2.66126615364263	523.500690313955	24.9159047934961	NA	NA
935	2015	2	4	147	28.7134419443366	0.39062517662273	422.860141749069	3.88563825378314	NA	NA
936	2015	2	3	187	33.3166017683499	0.576774566451268	465.023599937218	3.68990714691772	NA	NA
937	2015	2	6	138	43.8392762316828	0.509198556539953	632.846388453012	1.12054216609353	NA	NA
938	2015	2	1	157	37.6215248777673	0.579667846126611	580.604306934698	5.78003989264757	NA	NA
939	2015	2	4	177	38.8944549545576	0.530669737288554	634.097793314968	6.7658760657343	NA	NA
940	2015	2	4	246	31.477357141646	0.510034611210146	389.799104504246	10.3468436189815	NA	NA
941	2015	2	4	177	41.3345428943227	0.596243538718256	646.445955326807	3.11648171133683	NA	NA
942	2015	2	4	147	30.1038519476388	0.247685371405722	442.341465225592	1.2580893695659	NA	NA
943	2015	2	5	196	30.4123954184567	0.293403120027829	388.359270014049	2.36470547813889	NA	NA
944	2015	2	3	157	32.0721230937321	1.7671690511175	464.830456571834	19.6437921827196	NA	NA
945	2015	2	4	187	38.6243847351374	0.637728944779623	528.835295800843	1.56183756089471	NA	NA
946	2015	2	4	187	42.4792628576353	0.0771606742619596	620.762905041287	0.370797614514825	NA	NA
947	2015	2	5	177	34.4538021518204	0.831981482574963	468.535796836042	3.50676303468744	NA	NA
948	2015	2	3	98	25.9353658868437	0.262346292490663	382.133275023544	0.163807769082533	NA	NA
949	2015	2	3	177	25.6224476199667	0.197528968259608	351.011999558804	0.670439215336689	NA	NA
950	2015	2	2	138	32.6978829973285	2.34105033789342	495.413441528338	36.413858152024	NA	NA
951	2015	2	3	177	19.8249596298542	0.50038608839468	276.536074664096	2.98868323934779	NA	NA
952	2015	2	4	157	46.3266754343767	0.293403120027829	675.419408308697	2.50413797998036	NA	NA
953	2015	2	3	138	24.650086565395	1.07871094188421	297.32858729734	20.9079156859921	NA	NA
954	2015	2	4	118	29.6037812218165	0.472993754300308	424.446146300366	2.27860167148826	NA	NA
955	2015	2	4	138	29.9334520201109	0	438.09040231028	0	NA	NA
956	2015	2	3	147	44.3039467719221	0.151234528578273	622.248946534191	1.12853921076494	NA	NA
957	2015	2	4	157	24.7735908012344	0.264082260295869	330.867307472657	2.18062215525679	NA	NA
958	2015	2	3	196	32.0614263096557	0.249999012708077	421.898461759568	0.989291407252496	NA	NA
959	2015	2	5	216	28.864182306641	0.464700995814884	361.679699543059	1.73107722923869	NA	NA
960	2015	2	3	226	40.4500913672992	0.727814572321317	587.488360457868	2.85698448881509	NA	NA
961	2015	2	5	196	39.4740559949056	0.811974134327639	618.06885198693	3.17487389156899	NA	NA
962	2015	2	4	236	35.8364106155973	0.140625181476733	507.819661691515	1.00755394575333	NA	NA
963	2015	2	4	128	18.9979198100185	0.2887748549852	230.935724426154	0.839156226707062	NA	NA
964	2015	2	4	147	28.3002531159979	0.532020589428995	362.238114309655	3.72403802270757	NA	NA
965	2015	2	3	118	22.0073275772954	1.20543953897802	298.743508144316	4.1375991950181	NA	NA
966	2015	2	3	157	31.8825734862613	0.380400945185957	369.762741917822	5.63872798706453	NA	NA
