forest_reserve_fieldmap,plot_id,SiteName,SubArea
Everzwijnbad,101,Meerdaalwoud,Everzwijnbad SFR
Everzwijnbad,102,Meerdaalwoud,Everzwijnbad SFR
Everzwijnbad,103,Meerdaalwoud,Everzwijnbad SFR
Everzwijnbad,104,Meerdaalwoud,Everzwijnbad SFR
Everzwijnbad,105,Meerdaalwoud,Everzwijnbad SFR
Everzwijnbad,106,Meerdaalwoud,Everzwijnbad SFR
Everzwijnbad,107,Meerdaalwoud,Everzwijnbad SFR
Everzwijnbad,108,Meerdaalwoud,Everzwijnbad SFR
Everzwijnbad,109,Meerdaalwoud,Everzwijnbad SFR
Everzwijnbad,110,Meerdaalwoud,Everzwijnbad SFR
Everzwijnbad,111,Meerdaalwoud,Everzwijnbad SFR
Everzwijnbad,112,Meerdaalwoud,Everzwijnbad SFR
Everzwijnbad,113,Meerdaalwoud,Everzwijnbad SFR
Everzwijnbad,114,Meerdaalwoud,Everzwijnbad SFR
Everzwijnbad,115,Meerdaalwoud,Everzwijnbad SFR
Everzwijnbad,116,Meerdaalwoud,Everzwijnbad SFR
Everzwijnbad,117,Meerdaalwoud,Everzwijnbad SFR
Everzwijnbad,118,Meerdaalwoud,Everzwijnbad SFR
Everzwijnbad,119,Meerdaalwoud,Everzwijnbad SFR
Everzwijnbad,120,Meerdaalwoud,Everzwijnbad SFR
Everzwijnbad,121,Meerdaalwoud,Everzwijnbad SFR
Everzwijnbad,122,Meerdaalwoud,Everzwijnbad SFR
Everzwijnbad,123,Meerdaalwoud,Everzwijnbad SFR
Everzwijnbad,124,Meerdaalwoud,Everzwijnbad SFR
Everzwijnbad,125,Meerdaalwoud,Everzwijnbad SFR
Everzwijnbad,126,Meerdaalwoud,Everzwijnbad SFR
Everzwijnbad,127,Meerdaalwoud,Everzwijnbad SFR
Everzwijnbad,128,Meerdaalwoud,Everzwijnbad SFR
Everzwijnbad,129,Meerdaalwoud,Everzwijnbad SFR
Everzwijnbad,130,Meerdaalwoud,Everzwijnbad SFR
Everzwijnbad,131,Meerdaalwoud,Everzwijnbad SFR
Everzwijnbad,132,Meerdaalwoud,Everzwijnbad SFR
Everzwijnbad,133,Meerdaalwoud,Everzwijnbad SFR
Everzwijnbad,134,Meerdaalwoud,Everzwijnbad SFR
Everzwijnbad,135,Meerdaalwoud,Everzwijnbad SFR
Everzwijnbad,136,Meerdaalwoud,Everzwijnbad SFR
Everzwijnbad,137,Meerdaalwoud,Everzwijnbad SFR
Everzwijnbad,138,Meerdaalwoud,Everzwijnbad SFR
Everzwijnbad,139,Meerdaalwoud,Everzwijnbad SFR
Everzwijnbad,140,Meerdaalwoud,Everzwijnbad SFR
Everzwijnbad,141,Meerdaalwoud,Everzwijnbad SFR
Everzwijnbad,142,Meerdaalwoud,Everzwijnbad SFR
Everzwijnbad,143,Meerdaalwoud,Everzwijnbad SFR
Everzwijnbad,144,Meerdaalwoud,Everzwijnbad SFR
Everzwijnbad,145,Meerdaalwoud,Everzwijnbad SFR
Everzwijnbad,146,Meerdaalwoud,Everzwijnbad SFR
Everzwijnbad,147,Meerdaalwoud,Everzwijnbad SFR
Everzwijnbad,148,Meerdaalwoud,Everzwijnbad SFR
Withoefse heide,200,Grenspark Kalmthoutse Heide,Withoefse Heide
,201,Grenspark Kalmthoutse Heide,Withoefse Heide
,202,Grenspark Kalmthoutse Heide,Withoefse Heide
,203,Grenspark Kalmthoutse Heide,Withoefse Heide
Withoefse heide,204,Grenspark Kalmthoutse Heide,Withoefse Heide
Withoefse heide,205,Grenspark Kalmthoutse Heide,Withoefse Heide
Withoefse heide,206,Grenspark Kalmthoutse Heide,Withoefse Heide
Withoefse heide,207,Grenspark Kalmthoutse Heide,Withoefse Heide
,208,Grenspark Kalmthoutse Heide,Withoefse Heide
Withoefse heide,209,Grenspark Kalmthoutse Heide,Withoefse Heide
Withoefse heide,210,Grenspark Kalmthoutse Heide,Withoefse Heide
Withoefse heide,211,Grenspark Kalmthoutse Heide,Withoefse Heide
Withoefse heide,212,Grenspark Kalmthoutse Heide,Withoefse Heide
Withoefse heide,213,Grenspark Kalmthoutse Heide,Withoefse Heide
Withoefse heide,214,Grenspark Kalmthoutse Heide,Withoefse Heide
Withoefse heide,215,Grenspark Kalmthoutse Heide,Withoefse Heide
Withoefse heide,216,Grenspark Kalmthoutse Heide,Withoefse Heide
Withoefse heide,217,Grenspark Kalmthoutse Heide,Withoefse Heide
Withoefse heide,218,Grenspark Kalmthoutse Heide,Withoefse Heide
Withoefse heide,219,Grenspark Kalmthoutse Heide,Withoefse Heide
Withoefse heide,220,Grenspark Kalmthoutse Heide,Withoefse Heide
Withoefse heide,221,Grenspark Kalmthoutse Heide,Withoefse Heide
,222,Grenspark Kalmthoutse Heide,Withoefse Heide
Withoefse heide,223,Grenspark Kalmthoutse Heide,Withoefse Heide
Withoefse heide,224,Grenspark Kalmthoutse Heide,Withoefse Heide
Withoefse heide,225,Grenspark Kalmthoutse Heide,Withoefse Heide
Withoefse heide,226,Grenspark Kalmthoutse Heide,Withoefse Heide
Withoefse heide,227,Grenspark Kalmthoutse Heide,Withoefse Heide
Withoefse heide,228,Grenspark Kalmthoutse Heide,Withoefse Heide
Withoefse heide,229,Grenspark Kalmthoutse Heide,Withoefse Heide
,400,Wijnendalebos,SFR
Wijnendalebos,401,Wijnendalebos,SFR
Wijnendalebos,402,Wijnendalebos,SFR
Wijnendalebos,403,Wijnendalebos,SFR
Wijnendalebos,404,Wijnendalebos,SFR
Wijnendalebos,405,Wijnendalebos,SFR
Wijnendalebos,406,Wijnendalebos,SFR
Wijnendalebos,407,Wijnendalebos,SFR
Wijnendalebos,408,Wijnendalebos,SFR
Wijnendalebos,409,Wijnendalebos,SFR
Wijnendalebos,410,Wijnendalebos,SFR
Wijnendalebos,411,Wijnendalebos,SFR
Wijnendalebos,412,Wijnendalebos,SFR
Wijnendalebos,413,Wijnendalebos,SFR
Wijnendalebos,414,Wijnendalebos,SFR
Wijnendalebos,415,Wijnendalebos,SFR
Wijnendalebos,416,Wijnendalebos,SFR
Wijnendalebos,417,Wijnendalebos,SFR
Wijnendalebos,418,Wijnendalebos,SFR
Wijnendalebos,419,Wijnendalebos,SFR
Wijnendalebos,420,Wijnendalebos,SFR
Wijnendalebos,421,Wijnendalebos,SFR
Wijnendalebos,422,Wijnendalebos,SFR
Wijnendalebos,423,Wijnendalebos,SFR
,424,Wijnendalebos,SFR
Wijnendalebos,425,Wijnendalebos,SFR
,426,Wijnendalebos,SFR
Wijnendalebos,427,Wijnendalebos,SFR
Wijnendalebos,428,Wijnendalebos,SFR
Wijnendalebos,429,Wijnendalebos,SFR
Wijnendalebos,430,Wijnendalebos,SFR
Wijnendalebos,431,Wijnendalebos,SFR
Wijnendalebos,432,Wijnendalebos,SFR
Wijnendalebos,433,Wijnendalebos,SFR
Wijnendalebos,434,Wijnendalebos,SFR
Wijnendalebos,435,Wijnendalebos,SFR
Wijnendalebos,436,Wijnendalebos,SFR
Wijnendalebos,437,Wijnendalebos,SFR
Wijnendalebos,438,Wijnendalebos,SFR
Wijnendalebos,439,Wijnendalebos,SFR
Wijnendalebos,440,Wijnendalebos,SFR
Wijnendalebos,441,Wijnendalebos,SFR
Wijnendalebos,442,Wijnendalebos,SFR
Wijnendalebos,443,Wijnendalebos,SFR
Wijnendalebos,444,Wijnendalebos,SFR
Wijnendalebos,445,Wijnendalebos,SFR
Wijnendalebos,446,Wijnendalebos,SFR
Wijnendalebos,447,Wijnendalebos,SFR
Wijnendalebos,448,Wijnendalebos,SFR
Wijnendalebos,449,Wijnendalebos,SFR
Wijnendalebos,450,Wijnendalebos,SFR
Wijnendalebos,451,Wijnendalebos,SFR
Wijnendalebos,452,Wijnendalebos,SFR
Wijnendalebos,453,Wijnendalebos,SFR
Wijnendalebos,454,Wijnendalebos,SFR
Wijnendalebos,455,Wijnendalebos,SFR
Wijnendalebos,456,Wijnendalebos,SFR
Wijnendalebos,457,Wijnendalebos,SFR
Wijnendalebos,458,Wijnendalebos,SFR
Wijnendalebos,459,Wijnendalebos,SFR
Wijnendalebos,460,Wijnendalebos,SFR
Wijnendalebos,461,Wijnendalebos,SFR
Wijnendalebos,462,Wijnendalebos,SFR
Wijnendalebos,463,Wijnendalebos,SFR
Wijnendalebos,464,Wijnendalebos,SFR
Wijnendalebos,465,Wijnendalebos,SFR
Wijnendalebos,466,Wijnendalebos,SFR
Wijnendalebos,467,Wijnendalebos,SFR
Wijnendalebos,468,Wijnendalebos,SFR
Wijnendalebos,469,Wijnendalebos,SFR
Wijnendalebos,470,Wijnendalebos,SFR
Wijnendalebos,471,Wijnendalebos,SFR
Wijnendalebos,472,Wijnendalebos,SFR
Wijnendalebos,473,Wijnendalebos,SFR
Wijnendalebos,474,Wijnendalebos,SFR
Wijnendalebos,475,Wijnendalebos,SFR
Wijnendalebos,476,Wijnendalebos,SFR
Wijnendalebos,477,Wijnendalebos,SFR
Wijnendalebos,478,Wijnendalebos,SFR
Wijnendalebos,479,Wijnendalebos,SFR
Wijnendalebos,480,Wijnendalebos,SFR
Wijnendalebos,481,Wijnendalebos,SFR
,482,Wijnendalebos,SFR
Wijnendalebos,483,Wijnendalebos,SFR
Wijnendalebos,484,Wijnendalebos,SFR
Wijnendalebos,485,Wijnendalebos,SFR
Wijnendalebos,486,Wijnendalebos,SFR
Wijnendalebos,487,Wijnendalebos,SFR
Wijnendalebos,488,Wijnendalebos,SFR
Wijnendalebos,489,Wijnendalebos,SFR
Wijnendalebos,490,Wijnendalebos,SFR
Wijnendalebos,491,Wijnendalebos,SFR
Wijnendalebos,492,Wijnendalebos,SFR
Wijnendalebos,493,Wijnendalebos,SFR
Wijnendalebos,494,Wijnendalebos,SFR
Wijnendalebos,495,Wijnendalebos,SFR
Wijnendalebos,496,Wijnendalebos,SFR
Wijnendalebos,497,Wijnendalebos,SFR
Wijnendalebos,498,Wijnendalebos,SFR
Wijnendalebos,499,Wijnendalebos,SFR
Wijnendalebos,500,Wijnendalebos,SFR
Wijnendalebos,501,Wijnendalebos,SFR
Wijnendalebos,502,Wijnendalebos,SFR
Wijnendalebos,503,Wijnendalebos,SFR
Wijnendalebos,504,Wijnendalebos,SFR
Wijnendalebos,505,Wijnendalebos,SFR
Wijnendalebos,506,Wijnendalebos,SFR
Wijnendalebos,507,Wijnendalebos,SFR
Wijnendalebos,508,Wijnendalebos,SFR
Wijnendalebos,509,Wijnendalebos,SFR
Wijnendalebos,510,Wijnendalebos,SFR
Wijnendalebos,511,Wijnendalebos,SFR
Wijnendalebos,512,Wijnendalebos,SFR
Wijnendalebos,513,Wijnendalebos,SFR
Wijnendalebos,514,Wijnendalebos,SFR
Wijnendalebos,515,Wijnendalebos,SFR
Wijnendalebos,516,Wijnendalebos,SFR
Wijnendalebos,517,Wijnendalebos,SFR
Wijnendalebos,518,Wijnendalebos,SFR
Wijnendalebos,519,Wijnendalebos,SFR
Wijnendalebos,520,Wijnendalebos,SFR
Wijnendalebos,521,Wijnendalebos,SFR
Wijnendalebos,522,Wijnendalebos,SFR
Wijnendalebos,523,Wijnendalebos,SFR
Heirnisse,701,De Heirnisse,SFR
Heirnisse,702,De Heirnisse,SFR
Heirnisse,703,De Heirnisse,SFR
Heirnisse,704,De Heirnisse,SFR
Heirnisse,705,De Heirnisse,SFR
Heirnisse,706,De Heirnisse,SFR
Heirnisse,707,De Heirnisse,SFR
Heirnisse,708,De Heirnisse,SFR
Heirnisse,709,De Heirnisse,SFR
Heirnisse,710,De Heirnisse,SFR
Heirnisse,711,De Heirnisse,SFR
Heirnisse,712,De Heirnisse,SFR
Heirnisse,713,De Heirnisse,SFR
Heirnisse,714,De Heirnisse,SFR
Heirnisse,715,De Heirnisse,SFR
Heirnisse,716,De Heirnisse,SFR
Heirnisse,717,De Heirnisse,SFR
Heirnisse,718,De Heirnisse,SFR
Heirnisse,719,De Heirnisse,SFR
Heirnisse,720,De Heirnisse,SFR
Heirnisse,721,De Heirnisse,SFR
Heirnisse,722,De Heirnisse,SFR
Heirnisse,723,De Heirnisse,SFR
Heirnisse,724,De Heirnisse,SFR
Heirnisse,725,De Heirnisse,SFR
Heirnisse,726,De Heirnisse,SFR
Heirnisse,727,De Heirnisse,SFR
Heirnisse,728,De Heirnisse,SFR
Heirnisse,729,De Heirnisse,SFR
Heirnisse,730,De Heirnisse,SFR
Heirnisse,731,De Heirnisse,SFR
Heirnisse,732,De Heirnisse,SFR
Heirnisse,733,De Heirnisse,SFR
Heirnisse,734,De Heirnisse,SFR
Heirnisse,735,De Heirnisse,SFR
Heirnisse,736,De Heirnisse,SFR
Heirnisse,737,De Heirnisse,SFR
Heirnisse,738,De Heirnisse,SFR
Heirnisse,739,De Heirnisse,SFR
Heirnisse,740,De Heirnisse,SFR
Heirnisse,741,De Heirnisse,SFR
Heirnisse,742,De Heirnisse,SFR
Heirnisse,743,De Heirnisse,SFR
Heirnisse,744,De Heirnisse,SFR
Heirnisse,745,De Heirnisse,SFR
Heirnisse,746,De Heirnisse,SFR
Heirnisse,747,De Heirnisse,SFR
Heirnisse,748,De Heirnisse,SFR
Heirnisse,749,De Heirnisse,SFR
Heirnisse,750,De Heirnisse,SFR
Heirnisse,751,De Heirnisse,SFR
Heirnisse,752,De Heirnisse,SFR
Heirnisse,753,De Heirnisse,SFR
Heirnisse,754,De Heirnisse,SFR
Heirnisse,755,De Heirnisse,SFR
Heirnisse,756,De Heirnisse,SFR
Heirnisse,757,De Heirnisse,SFR
Heirnisse,758,De Heirnisse,SFR
Heirnisse,759,De Heirnisse,SFR
Heirnisse,760,De Heirnisse,SFR
Heirnisse,761,De Heirnisse,SFR
Heirnisse,762,De Heirnisse,SFR
Heirnisse,763,De Heirnisse,SFR
Heirnisse,764,De Heirnisse,SFR
Heirnisse,765,De Heirnisse,SFR
Heirnisse,766,De Heirnisse,SFR
Heirnisse,767,De Heirnisse,SFR
Heirnisse,768,De Heirnisse,SFR
Jansheideberg,801,Hallerbos,Jansheideberg SFR
Jansheideberg,802,Hallerbos,Jansheideberg SFR
Jansheideberg,803,Hallerbos,Jansheideberg SFR
Jansheideberg,804,Hallerbos,Jansheideberg SFR
Jansheideberg,805,Hallerbos,Jansheideberg SFR
Jansheideberg,806,Hallerbos,Jansheideberg SFR
Jansheideberg,807,Hallerbos,Jansheideberg SFR
Jansheideberg,808,Hallerbos,Jansheideberg SFR
Jansheideberg,809,Hallerbos,Jansheideberg SFR
Jansheideberg,810,Hallerbos,Jansheideberg SFR
Jansheideberg,811,Hallerbos,Jansheideberg SFR
Jansheideberg,812,Hallerbos,Jansheideberg SFR
Jansheideberg,813,Hallerbos,Jansheideberg SFR
Jansheideberg,814,Hallerbos,Jansheideberg SFR
Jansheideberg,815,Hallerbos,Jansheideberg SFR
Jansheideberg,816,Hallerbos,Jansheideberg SFR
Jansheideberg,817,Hallerbos,Jansheideberg SFR
Jansheideberg,818,Hallerbos,Jansheideberg SFR
Jansheideberg,819,Hallerbos,Jansheideberg SFR
Jansheideberg,820,Hallerbos,Jansheideberg SFR
Jansheideberg,821,Hallerbos,Jansheideberg SFR
Jansheideberg,822,Hallerbos,Jansheideberg SFR
Jansheideberg,823,Hallerbos,Jansheideberg SFR
Jansheideberg,824,Hallerbos,Jansheideberg SFR
Jansheideberg,825,Hallerbos,Jansheideberg SFR
Jansheideberg,826,Hallerbos,Jansheideberg SFR
Jansheideberg,827,Hallerbos,Jansheideberg SFR
Jansheideberg,828,Hallerbos,Jansheideberg SFR
Jansheideberg,829,Hallerbos,Jansheideberg SFR
Jansheideberg,830,Hallerbos,Jansheideberg SFR
Jansheideberg,831,Hallerbos,Jansheideberg SFR
Jansheideberg,832,Hallerbos,Jansheideberg SFR
Jansheideberg,833,Hallerbos,Jansheideberg SFR
Bos Terrijst,841,Bos Ter Rijst,SFR
Bos Terrijst,842,Bos Ter Rijst,SFR
Bos Terrijst,843,Bos Ter Rijst,SFR
Bos Terrijst,844,Bos Ter Rijst,SFR
Bos Terrijst,845,Bos Ter Rijst,SFR
Bos Terrijst,846,Bos Ter Rijst,SFR
Bos Terrijst,847,Bos Ter Rijst,SFR
Bos Terrijst,848,Bos Ter Rijst,SFR
Bos Terrijst,849,Bos Ter Rijst,SFR
Bos Terrijst,850,Bos Ter Rijst,SFR
Bos Terrijst,851,Bos Ter Rijst,SFR
Bos Terrijst,852,Bos Ter Rijst,SFR
Bos Terrijst,853,Bos Ter Rijst,SFR
Bos Terrijst,854,Bos Ter Rijst,SFR
Bos Terrijst,855,Bos Ter Rijst,SFR
Bos Terrijst,856,Bos Ter Rijst,SFR
Bos Terrijst,857,Bos Ter Rijst,SFR
Bos Terrijst,858,Bos Ter Rijst,SFR
Bos Terrijst,859,Bos Ter Rijst,SFR
Bos Terrijst,860,Bos Ter Rijst,SFR
Bos Terrijst,861,Bos Ter Rijst,SFR
Bos Terrijst,862,Bos Ter Rijst,SFR
Bos Terrijst,863,Bos Ter Rijst,SFR
Bos Terrijst,864,Bos Ter Rijst,SFR
Bos Terrijst,865,Bos Ter Rijst,SFR
Bos Terrijst,866,Bos Ter Rijst,SFR
Bos Terrijst,867,Bos Ter Rijst,SFR
Bos Terrijst,868,Bos Ter Rijst,SFR
Bos Terrijst,869,Bos Ter Rijst,SFR
Bos Terrijst,870,Bos Ter Rijst,SFR
Bos Terrijst,871,Bos Ter Rijst,SFR
Bos Terrijst,872,Bos Ter Rijst,SFR
Bos Terrijst,873,Bos Ter Rijst,SFR
Bos Terrijst,874,Bos Ter Rijst,SFR
Bos Terrijst,875,Bos Ter Rijst,SFR
Bos Terrijst,876,Bos Ter Rijst,SFR
Bos Terrijst,877,Bos Ter Rijst,SFR
Bos Terrijst,878,Bos Ter Rijst,SFR
Bos Terrijst,879,Bos Ter Rijst,SFR
Bos Terrijst,880,Bos Ter Rijst,SFR
Bos Terrijst,881,Bos Ter Rijst,SFR
Bos Terrijst,882,Bos Ter Rijst,SFR
Bos Terrijst,883,Bos Ter Rijst,SFR
Bos Terrijst,884,Bos Ter Rijst,SFR
Bos Terrijst,885,Bos Ter Rijst,SFR
Bos Terrijst,886,Bos Ter Rijst,SFR
Bos Terrijst,887,Bos Ter Rijst,SFR
Bos Terrijst,888,Bos Ter Rijst,SFR
Bos Terrijst,889,Bos Ter Rijst,SFR
Bos Terrijst,890,Bos Ter Rijst,SFR
Pruikemakers,901,Meerdaalwoud,Pruikenmakers SFR
Pruikemakers,902,Meerdaalwoud,Pruikenmakers SFR
Pruikemakers,903,Meerdaalwoud,Pruikenmakers SFR
Pruikemakers,904,Meerdaalwoud,Pruikenmakers SFR
Pruikemakers,905,Meerdaalwoud,Pruikenmakers SFR
Pruikemakers,906,Meerdaalwoud,Pruikenmakers SFR
Pruikemakers,907,Meerdaalwoud,Pruikenmakers SFR
Pruikemakers,908,Meerdaalwoud,Pruikenmakers SFR
Pruikemakers,909,Meerdaalwoud,Pruikenmakers SFR
Pruikemakers,910,Meerdaalwoud,Pruikenmakers SFR
Pruikemakers,911,Meerdaalwoud,Pruikenmakers SFR
Pruikemakers,912,Meerdaalwoud,Pruikenmakers SFR
Pruikemakers,913,Meerdaalwoud,Pruikenmakers SFR
Pruikemakers,914,Meerdaalwoud,Pruikenmakers SFR
Pruikemakers,915,Meerdaalwoud,Pruikenmakers SFR
Pruikemakers,916,Meerdaalwoud,Pruikenmakers SFR
Pruikemakers,917,Meerdaalwoud,Pruikenmakers SFR
Pruikemakers,918,Meerdaalwoud,Pruikenmakers SFR
Pruikemakers,919,Meerdaalwoud,Pruikenmakers SFR
Pruikemakers,920,Meerdaalwoud,Pruikenmakers SFR
Pruikemakers,921,Meerdaalwoud,Pruikenmakers SFR
Pruikemakers,922,Meerdaalwoud,Pruikenmakers SFR
Pruikemakers,923,Meerdaalwoud,Pruikenmakers SFR
Pruikemakers,924,Meerdaalwoud,Pruikenmakers SFR
Pruikemakers,925,Meerdaalwoud,Pruikenmakers SFR
Pruikemakers,926,Meerdaalwoud,Pruikenmakers SFR
Pruikemakers,927,Meerdaalwoud,Pruikenmakers SFR
Pruikemakers,928,Meerdaalwoud,Pruikenmakers SFR
Pruikemakers,929,Meerdaalwoud,Pruikenmakers SFR
Pruikemakers,930,Meerdaalwoud,Pruikenmakers SFR
Pruikemakers,931,Meerdaalwoud,Pruikenmakers SFR
Pruikemakers,932,Meerdaalwoud,Pruikenmakers SFR
Pruikemakers,933,Meerdaalwoud,Pruikenmakers SFR
Pruikemakers,934,Meerdaalwoud,Pruikenmakers SFR
Pruikemakers,935,Meerdaalwoud,Pruikenmakers SFR
Pruikemakers,936,Meerdaalwoud,Pruikenmakers SFR
Pruikemakers,937,Meerdaalwoud,Pruikenmakers SFR
Pruikemakers,938,Meerdaalwoud,Pruikenmakers SFR
Pruikemakers,939,Meerdaalwoud,Pruikenmakers SFR
Pruikemakers,940,Meerdaalwoud,Pruikenmakers SFR
Pruikemakers,941,Meerdaalwoud,Pruikenmakers SFR
Pruikemakers,942,Meerdaalwoud,Pruikenmakers SFR
Pruikemakers,943,Meerdaalwoud,Pruikenmakers SFR
Pruikemakers,944,Meerdaalwoud,Pruikenmakers SFR
Pruikemakers,945,Meerdaalwoud,Pruikenmakers SFR
Pruikemakers,946,Meerdaalwoud,Pruikenmakers SFR
Pruikemakers,947,Meerdaalwoud,Pruikenmakers SFR
Pruikemakers,948,Meerdaalwoud,Pruikenmakers SFR
Pruikemakers,949,Meerdaalwoud,Pruikenmakers SFR
Pruikemakers,950,Meerdaalwoud,Pruikenmakers SFR
Pruikemakers,951,Meerdaalwoud,Pruikenmakers SFR
Pruikemakers,952,Meerdaalwoud,Pruikenmakers SFR
Pruikemakers,953,Meerdaalwoud,Pruikenmakers SFR
Pruikemakers,954,Meerdaalwoud,Pruikenmakers SFR
Pruikemakers,955,Meerdaalwoud,Pruikenmakers SFR
Pruikemakers,956,Meerdaalwoud,Pruikenmakers SFR
Pruikemakers,957,Meerdaalwoud,Pruikenmakers SFR
Pruikemakers,958,Meerdaalwoud,Pruikenmakers SFR
Pruikemakers,959,Meerdaalwoud,Pruikenmakers SFR
Pruikemakers,960,Meerdaalwoud,Pruikenmakers SFR
Pruikemakers,961,Meerdaalwoud,Pruikenmakers SFR
Pruikemakers,962,Meerdaalwoud,Pruikenmakers SFR
Pruikemakers,963,Meerdaalwoud,Pruikenmakers SFR
Pruikemakers,964,Meerdaalwoud,Pruikenmakers SFR
Pruikemakers,965,Meerdaalwoud,Pruikenmakers SFR
Pruikemakers,966,Meerdaalwoud,Pruikenmakers SFR
Liedekerke,1003,Liedekerkebos,SFR
Liedekerke,1004,Liedekerkebos,SFR
Liedekerke,1005,Liedekerkebos,SFR
Liedekerke,1008,Liedekerkebos,SFR
Liedekerke,1009,Liedekerkebos,SFR
Liedekerke,1011,Liedekerkebos,SFR
Liedekerke,1018,Liedekerkebos,SFR
Liedekerke,1019,Liedekerkebos,SFR
Liedekerke,1022,Liedekerkebos,SFR
Liedekerke,1023,Liedekerkebos,SFR
Liedekerke,1024,Liedekerkebos,SFR
Liedekerke,1026,Liedekerkebos,SFR
Liedekerke,1027,Liedekerkebos,SFR
Liedekerke,1028,Liedekerkebos,SFR
Liedekerke,1029,Liedekerkebos,SFR
Liedekerke,1032,Liedekerkebos,SFR
Liedekerke,1035,Liedekerkebos,SFR
Liedekerke,1037,Liedekerkebos,SFR
Liedekerke,1041,Liedekerkebos,SFR
Liedekerke,1044,Liedekerkebos,SFR
Liedekerke,1046,Liedekerkebos,SFR
Liedekerke,1051,Liedekerkebos,SFR
Liedekerke,1052,Liedekerkebos,SFR
Liedekerke,1053,Liedekerkebos,SFR
Liedekerke,1058,Liedekerkebos,SFR
Liedekerke,1059,Liedekerkebos,SFR
Liedekerke,1060,Liedekerkebos,SFR
Liedekerke,1062,Liedekerkebos,SFR
Liedekerke,1063,Liedekerkebos,SFR
Liedekerke,1065,Liedekerkebos,SFR
Sevendonck,1101,Sevendonck,Alder forest SFR
Sevendonck,1102,Sevendonck,Alder forest SFR
Sevendonck,1103,Sevendonck,Oak forest SFR
Sevendonck,1104,Sevendonck,Oak forest SFR
Sevendonck,1105,Sevendonck,Oak forest SFR
Sevendonck,1106,Sevendonck,Oak forest SFR
Sevendonck,1107,Sevendonck,Oak forest SFR
Sevendonck,1108,Sevendonck,Alder forest SFR
Sevendonck,1109,Sevendonck,Oak forest SFR
Sevendonck,1110,Sevendonck,Alder forest SFR
Sevendonck,1111,Sevendonck,Alder forest SFR
Sevendonck,1112,Sevendonck,Alder forest SFR
Sevendonck,1113,Sevendonck,Alder forest SFR
Sevendonck,1114,Sevendonck,Alder forest SFR
Sevendonck,1115,Sevendonck,Alder forest SFR
Sevendonck,1116,Sevendonck,Alder forest SFR
Sevendonck,1117,Sevendonck,Alder forest SFR
Sevendonck,1118,Sevendonck,Alder forest SFR
Sevendonck,1119,Sevendonck,Alder forest SFR
Sevendonck,1120,Sevendonck,Alder forest SFR
Sevendonck,1121,Sevendonck,Alder forest SFR
Sevendonck,1122,Sevendonck,Alder forest SFR
Sevendonck,1123,Sevendonck,Alder forest SFR
Sevendonck,1124,Sevendonck,Alder forest SFR
Sevendonck,1125,Sevendonck,Alder forest SFR
Sevendonck,1126,Sevendonck,Alder forest SFR
Sevendonck,1127,Sevendonck,Alder forest SFR
Sevendonck,1128,Sevendonck,Alder forest SFR
Sevendonck,1129,Sevendonck,Alder forest SFR
Sevendonck,1130,Sevendonck,Alder forest SFR
Sevendonck,1131,Sevendonck,Alder forest SFR
Sevendonck,1132,Sevendonck,Oak forest SFR
Sevendonck,1133,Sevendonck,Oak forest SFR
Sevendonck,1134,Sevendonck,Oak forest SFR
Sevendonck,1135,Sevendonck,Oak forest SFR
Sevendonck,1136,Sevendonck,Alder forest SFR
Sevendonck,1137,Sevendonck,Oak forest SFR
Sevendonck,1138,Sevendonck,Oak forest SFR
Sevendonck,1139,Sevendonck,Oak forest SFR
Sevendonck,1140,Sevendonck,Oak forest SFR
Sevendonck,1141,Sevendonck,Oak forest SFR
Sevendonck,1142,Sevendonck,Oak forest SFR
Sevendonck,1143,Sevendonck,Oak forest SFR
Sevendonck,1144,Sevendonck,Oak forest SFR
Sevendonck,1145,Sevendonck,Oak forest SFR
Sevendonck,1146,Sevendonck,Oak forest SFR
Sevendonck,1147,Sevendonck,Oak forest SFR
Sevendonck,1148,Sevendonck,Oak forest SFR
Sevendonck,1149,Sevendonck,Oak forest SFR
Sevendonck,1150,Sevendonck,Oak forest SFR
Sevendonck,1151,Sevendonck,Oak forest SFR
Sevendonck,1152,Sevendonck,Oak forest SFR
Sevendonck,1153,Sevendonck,Oak forest SFR
Sevendonck,1154,Sevendonck,Oak forest SFR
Sevendonck,1155,Sevendonck,Oak forest SFR
Sevendonck,1156,Sevendonck,Oak forest SFR
Sevendonck,1157,Sevendonck,Oak forest SFR
Sevendonck,1158,Sevendonck,Oak forest SFR
Sevendonck,1159,Sevendonck,Oak forest SFR
Sevendonck,1160,Sevendonck,Oak forest SFR
Sevendonck,1161,Sevendonck,Oak forest SFR
Sevendonck,1162,Sevendonck,Oak forest SFR
Sevendonck,1163,Sevendonck,Oak forest SFR
Sevendonck,1164,Sevendonck,Oak forest SFR
Sevendonck,1165,Sevendonck,Alder forest SFR
Sevendonck,1166,Sevendonck,Alder forest SFR
Sevendonck,1167,Sevendonck,Alder forest SFR
Sevendonck,1168,Sevendonck,Alder forest SFR
Sevendonck,1169,Sevendonck,Alder forest SFR
Sevendonck,1170,Sevendonck,Alder forest SFR
Sevendonck,1171,Sevendonck,Alder forest SFR
Sevendonck,1172,Sevendonck,Alder forest SFR
Sevendonck,1173,Sevendonck,Alder forest SFR
Sevendonck,1174,Sevendonck,Alder forest SFR
Sevendonck,1175,Sevendonck,Alder forest SFR
Sevendonck,1176,Sevendonck,Alder forest SFR
Sevendonck,1177,Sevendonck,Alder forest SFR
Sevendonck,1178,Sevendonck,Alder forest SFR
Muizenbos,1201,Muizenbos,SFR
Muizenbos,1202,Muizenbos,SFR
Muizenbos,1203,Muizenbos,SFR
Muizenbos,1204,Muizenbos,SFR
Muizenbos,1205,Muizenbos,SFR
Muizenbos,1206,Muizenbos,SFR
Muizenbos,1207,Muizenbos,SFR
Muizenbos,1208,Muizenbos,SFR
Muizenbos,1209,Muizenbos,SFR
Muizenbos,1210,Muizenbos,SFR
Muizenbos,1211,Muizenbos,SFR
Muizenbos,1212,Muizenbos,SFR
Muizenbos,1213,Muizenbos,SFR
Muizenbos,1214,Muizenbos,SFR
Muizenbos,1215,Muizenbos,SFR
Muizenbos,1216,Muizenbos,SFR
Muizenbos,1217,Muizenbos,SFR
Muizenbos,1218,Muizenbos,SFR
Muizenbos,1219,Muizenbos,SFR
Muizenbos,1220,Muizenbos,SFR
Muizenbos,1221,Muizenbos,SFR
Muizenbos,1222,Muizenbos,SFR
Muizenbos,1223,Muizenbos,SFR
Muizenbos,1224,Muizenbos,SFR
Muizenbos,1225,Muizenbos,SFR
Muizenbos,1226,Muizenbos,SFR
Muizenbos,1227,Muizenbos,SFR
Muizenbos,1228,Muizenbos,SFR
Muizenbos,1229,Muizenbos,SFR
Muizenbos,1230,Muizenbos,SFR
Muizenbos,1231,Muizenbos,SFR
Muizenbos,1232,Muizenbos,SFR
Muizenbos,1233,Muizenbos,SFR
Muizenbos,1234,Muizenbos,SFR
Muizenbos,1235,Muizenbos,SFR
Muizenbos,1236,Muizenbos,SFR
Muizenbos,1237,Muizenbos,SFR
Muizenbos,1238,Muizenbos,SFR
Muizenbos,1239,Muizenbos,SFR
Muizenbos,1240,Muizenbos,SFR
Muizenbos,1241,Muizenbos,SFR
Muizenbos,1242,Muizenbos,SFR
Muizenbos,1243,Muizenbos,SFR
Muizenbos,1244,Muizenbos,SFR
Muizenbos,1245,Muizenbos,SFR
Muizenbos,1246,Muizenbos,SFR
Ename,1301,Bos t'Ename,
Ename,1302,Bos t'Ename,
Ename,1303,Bos t'Ename,
Ename,1304,Bos t'Ename,
Ename,1305,Bos t'Ename,
Ename,1306,Bos t'Ename,
Ename,1307,Bos t'Ename,
Ename,1308,Bos t'Ename,
Ename,1309,Bos t'Ename,
Ename,1310,Bos t'Ename,
Ename,1311,Bos t'Ename,
Ename,1312,Bos t'Ename,
Ename,1313,Bos t'Ename,
Ename,1314,Bos t'Ename,
Ename,1315,Bos t'Ename,
Ename,1316,Bos t'Ename,
Ename,1317,Bos t'Ename,
Ename,1318,Bos t'Ename,
Ename,1319,Bos t'Ename,
Ename,1320,Bos t'Ename,
Ename,1321,Bos t'Ename,
Ename,1322,Bos t'Ename,
Ename,1323,Bos t'Ename,
Ename,1324,Bos t'Ename,
Ename,1325,Bos t'Ename,
Ename,1326,Bos t'Ename,
Ename,1327,Bos t'Ename,
Ename,1328,Bos t'Ename,
Ename,1329,Bos t'Ename,
Ename,1330,Bos t'Ename,
Ename,1331,Bos t'Ename,
Ename,1332,Bos t'Ename,
Ename,1333,Bos t'Ename,
Ename,1334,Bos t'Ename,
Ename,1335,Bos t'Ename,
Ename,1336,Bos t'Ename,
Ename,1337,Bos t'Ename,
Ename,1338,Bos t'Ename,
Ename,1339,Bos t'Ename,
Ename,1340,Bos t'Ename,
Ename,1341,Bos t'Ename,
Ename,1342,Bos t'Ename,
Ename,1343,Bos t'Ename,
Ename,1344,Bos t'Ename,
Ename,1345,Bos t'Ename,
Ename,1346,Bos t'Ename,
Ename,1347,Bos t'Ename,
Ename,1348,Bos t'Ename,
Ename,1349,Bos t'Ename,
Ename,1350,Bos t'Ename,
Ename,1351,Bos t'Ename,
Ename,1352,Bos t'Ename,
Ename,1353,Bos t'Ename,
Ename,1354,Bos t'Ename,
Ename,1355,Bos t'Ename,
Ename,1356,Bos t'Ename,
Ename,1357,Bos t'Ename,
Ename,1358,Bos t'Ename,
Ename,1359,Bos t'Ename,
Ename,1360,Bos t'Ename,
Ename,1361,Bos t'Ename,
Ename,1362,Bos t'Ename,
Ename,1363,Bos t'Ename,
Ename,1364,Bos t'Ename,
Ename,1365,Bos t'Ename,
Ename,1366,Bos t'Ename,
Ename,1367,Bos t'Ename,
Ename,1368,Bos t'Ename,
Ename,1369,Bos t'Ename,
Ename,1370,Bos t'Ename,
Ename,1371,Bos t'Ename,
Ename,1372,Bos t'Ename,
Ename,1373,Bos t'Ename,
De heide,1401,Meerdaalwoud,De Heide (stand 1)
De heide,1402,Meerdaalwoud,De Heide (stand 1)
De heide,1403,Meerdaalwoud,De Heide (stand 1)
De heide,1404,Meerdaalwoud,De Heide (stand 1)
De heide,1405,Meerdaalwoud,De Heide (stand 1)
De heide,1406,Meerdaalwoud,De Heide (stand 1)
De heide,1407,Meerdaalwoud,De Heide (stand 2)
De heide,1408,Meerdaalwoud,De Heide (stand 2)
De heide,1409,Meerdaalwoud,De Heide (stand 2)
De heide,1410,Meerdaalwoud,De Heide (stand 2)
De heide,1411,Meerdaalwoud,De Heide (stand 2)
De heide,1412,Meerdaalwoud,De Heide (stand 2)
De heide,1413,Meerdaalwoud,De Heide (stand 2)
De heide,1414,Meerdaalwoud,De Heide (stand 2)
De heide,1415,Meerdaalwoud,De Heide (stand 2)
De heide,1416,Meerdaalwoud,De Heide (stand 2)
De heide,1417,Meerdaalwoud,De Heide (stand 3)
De heide,1418,Meerdaalwoud,De Heide (stand 3)
De heide,1419,Meerdaalwoud,De Heide (stand 3)
De heide,1420,Meerdaalwoud,De Heide (stand 3)
De heide,1421,Meerdaalwoud,De Heide (stand 3)
De heide,1422,Meerdaalwoud,De Heide (stand 3)
De heide,1423,Meerdaalwoud,De Heide (stand 3)
De heide,1424,Meerdaalwoud,De Heide (stand 3)
De heide,1425,Meerdaalwoud,De Heide (stand 3)
De heide,1426,Meerdaalwoud,De Heide (stand 3)
De heide,1427,Meerdaalwoud,De Heide (stand 4)
De heide,1428,Meerdaalwoud,De Heide (stand 4)
De heide,1429,Meerdaalwoud,De Heide (stand 4)
De heide,1430,Meerdaalwoud,De Heide (stand 4)
De heide,1431,Meerdaalwoud,De Heide (stand 4)
De heide,1432,Meerdaalwoud,De Heide (stand 4)
De heide,1433,Meerdaalwoud,De Heide (stand 5)
De heide,1434,Meerdaalwoud,De Heide (stand 5)
De heide,1435,Meerdaalwoud,De Heide (stand 5)
De heide,1436,Meerdaalwoud,De Heide (stand 5)
De heide,1437,Meerdaalwoud,De Heide (stand 5)
De heide,1438,Meerdaalwoud,De Heide (stand 6)
De heide,1439,Meerdaalwoud,De Heide (stand 6)
De heide,1440,Meerdaalwoud,De Heide (stand 6)
De heide,1441,Meerdaalwoud,De Heide (stand 6)
De heide,1442,Meerdaalwoud,De Heide (stand 6)
De heide,1443,Meerdaalwoud,De Heide (stand 7)
De heide,1444,Meerdaalwoud,De Heide (stand 7)
De heide,1445,Meerdaalwoud,De Heide (stand 7)
De heide,1446,Meerdaalwoud,De Heide (stand 7)
De heide,1447,Meerdaalwoud,De Heide (stand 7)
De heide,1448,Meerdaalwoud,De Heide (stand 8)
De heide,1449,Meerdaalwoud,De Heide (stand 8)
De heide,1450,Meerdaalwoud,De Heide (stand 8)
De heide,1451,Meerdaalwoud,De Heide (stand 8)
De heide,1452,Meerdaalwoud,De Heide (stand 8)
Kluisbos,1501,Kluisbos,Kluisbos SFR
Kluisbos,1502,Kluisbos,Kluisbos SFR
Kluisbos,1503,Kluisbos,Kluisbos SFR
Kluisbos,1504,Kluisbos,Kluisbos SFR
Kluisbos,1505,Kluisbos,Kluisbos SFR
Kluisbos,1506,Kluisbos,Kluisbos SFR
Kluisbos,1507,Kluisbos,Kluisbos SFR
Kluisbos,1508,Kluisbos,Kluisbos SFR
Kluisbos,1509,Kluisbos,Kluisbos SFR
Kluisbos,1510,Kluisbos,Kluisbos SFR
Kluisbos,1511,Kluisbos,Kluisbos SFR
Kluisbos,1512,Kluisbos,Kluisbos Communal Forest
Kluisbos,1513,Kluisbos,Kluisbos Communal Forest
Kluisbos,1514,Kluisbos,Kluisbos Communal Forest
Kluisbos,1515,Kluisbos,Kluisbos Communal Forest
Kluisbos,1516,Kluisbos,Kluisbos Communal Forest
Kluisbos,1517,Kluisbos,Kluisbos Communal Forest
Kluisbos,1518,Kluisbos,Kluisbos SFR
Kluisbos,1519,Kluisbos,Kluisbos SFR
Kluisbos,1520,Kluisbos,Kluisbos SFR
Kluisbos,1521,Kluisbos,Kluisbos SFR
Kluisbos,1522,Kluisbos,Kluisbos SFR
Kluisbos,1523,Kluisbos,Kluisbos SFR
Kluisbos,1524,Kluisbos,Kluisbos SFR
Kluisbos,1525,Kluisbos,Kluisbos SFR
Kluisbos,1526,Kluisbos,Kluisbos SFR
Kluisbos,1527,Kluisbos,Kluisbos SFR
Kluisbos,1528,Kluisbos,Kluisbos SFR
Kluisbos,1529,Kluisbos,Kluisbos SFR
Kluisbos,1530,Kluisbos,Kluisbos SFR
Kluisbos,1531,Kluisbos,Kluisbos SFR
Kluisbos,1532,Kluisbos,Kluisbos SFR
Kluisbos,1533,Kluisbos,Kluisbos SFR
Kluisbos,1534,Kluisbos,Kluisbos SFR
Kluisbos,1535,Kluisbos,Kluisbos SFR
Kluisbos,1536,Kluisbos,Kluisbos SFR
Kluisbos,1537,Kluisbos,Kluisbos SFR
Kluisbos,1538,Kluisbos,Kluisbos SFR
Kluisbos,1539,Kluisbos,Kluisbos SFR
Kluisbos,1540,Kluisbos,Kluisbos SFR
Kluisbos,1541,Kluisbos,Kluisbos SFR
Kluisbos,1542,Kluisbos,Kluisbos SFR
Kluisbos,1543,Kluisbos,Kluisbos SFR
Kluisbos,1544,Kluisbos,Kluisbos SFR
Kluisbos,1545,Kluisbos,Kluisbos SFR
Kluisbos,1546,Kluisbos,Kluisbos SFR
Kluisbos,1547,Kluisbos,Kluisbos SFR
Kluisbos,1548,Kluisbos,Kluisbos SFR
Kluisbos,1549,Kluisbos,Kluisbos SFR
Kluisbos,1550,Kluisbos,Kluisbos SFR
Kluisbos,1551,Kluisbos,Kluisbos SFR
Kluisbos,1552,Kluisbos,Kluisbos SFR
Kluisbos,1553,Kluisbos,Kluisbos SFR
Kluisbos,1554,Kluisbos,Kluisbos SFR
Kluisbos,1555,Kluisbos,Kluisbos SFR
Kluisbos,1556,Kluisbos,Kluisbos SFR
Kluisbos,1557,Kluisbos,Kluisbos SFR
Kluisbos,1558,Kluisbos,Kluisbos SFR
Kluisbos,1559,Kluisbos,Kluisbos SFR
Kluisbos,1560,Kluisbos,Kluisbos SFR
Kluisbos,1561,Kluisbos,Kluisbos SFR
Kluisbos,1562,Kluisbos,Kluisbos SFR
Kluisbos,1563,Kluisbos,Kluisbos SFR
Kluisbos,1564,Kluisbos,Kluisbos SFR
Kluisbos,1565,Kluisbos,Kluisbos SFR
Kluisbos,1566,Kluisbos,Kluisbos SFR
Kluisbos,1567,Kluisbos,Kluisbos SFR
Kluisbos,1568,Kluisbos,Kluisbos SFR
Kluisbos,1569,Kluisbos,Kluisbos SFR
Kluisbos,1570,Kluisbos,Kluisbos SFR
Kluisbos,1571,Kluisbos,Kluisbos SFR
Kluisbos,1572,Kluisbos,Kluisbos SFR
Kluisbos,1573,Kluisbos,Kluisbos SFR
Kluisbos,1574,Kluisbos,Kluisbos Communal Forest
Kluisbos,1575,Kluisbos,Kluisbos Communal Forest
Kluisbos,1576,Kluisbos,Kluisbos Communal Forest
Kluisbos,1577,Kluisbos,Kluisbos Communal Forest
Kluisbos,1578,Kluisbos,Kluisbos Communal Forest
Kluisbos,1579,Kluisbos,Kluisbos Communal Forest
Kluisbos,1580,Kluisbos,Kluisbos Communal Forest
Kluisbos,1581,Kluisbos,Kluisbos Communal Forest
Kluisbos,1582,Kluisbos,Kluisbos Communal Forest
Kluisbos,1583,Kluisbos,Kluisbos Communal Forest
Kluisbos,1584,Kluisbos,Kluisbos Communal Forest
Kluisbos,1585,Kluisbos,Kluisbos Communal Forest
Kluisbos,1586,Kluisbos,Kluisbos Communal Forest
Kluisbos,1587,Kluisbos,Kluisbos Communal Forest
Kluisbos,1588,Kluisbos,Kluisbos Communal Forest
Kluisbos,1589,Kluisbos,Kluisbos Communal Forest
Kluisbos,1590,Kluisbos,Kluisbos Communal Forest
Kluisbos,1591,Kluisbos,Kluisbos Communal Forest
Kluisbos,1592,Kluisbos,Kluisbos Communal Forest
Kluisbos,1593,Kluisbos,Kluisbos Communal Forest
Kluisbos,1594,Kluisbos,Kluisbos Communal Forest
Kluisbos,1595,Kluisbos,Kluisbos State Forest
Kluisbos,1596,Kluisbos,Kluisbos State Forest
Kluisbos,1597,Kluisbos,Kluisbos State Forest
Kluisbos,1598,Kluisbos,Kluisbos State Forest
Kluisbos,1599,Kluisbos,Kluisbos State Forest
Kluisbos,1600,Kluisbos,Kluisbos State Forest
Kluisbos,1601,Kluisbos,Kluisbos State Forest
Kluisbos,1602,Kluisbos,Kluisbos State Forest
Kluisbos,1603,Kluisbos,Kluisbos State Forest
Kluisbos,1604,Kluisbos,Kluisbos State Forest
Kluisbos,1605,Kluisbos,Kluisbos State Forest
Kluisbos,1606,Kluisbos,Kluisbos State Forest
Kluisbos,1607,Kluisbos,Kluisbos State Forest
Kluisbos,1608,Kluisbos,Kluisbos State Forest
Kluisbos,1609,Kluisbos,Kluisbos State Forest
Kluisbos,1610,Kluisbos,Kluisbos State Forest
Kluisbos,1611,Kluisbos,Kluisbos State Forest
Kluisbos,1612,Kluisbos,Kluisbos State Forest
Kluisbos,1613,Kluisbos,Kluisbos State Forest
Kluisbos,1614,Kluisbos,Kluisbos State Forest
Kluisbos,1615,Kluisbos,Kluisbos State Forest
Kluisbos,1616,Kluisbos,Kluisbos State Forest
Kluisbos,1617,Kluisbos,Kluisbos State Forest
Kluisbos,1618,Kluisbos,Kluisbos State Forest
Kluisbos,1619,Kluisbos,Kluisbos State Forest
Kluisbos,1620,Kluisbos,Kluisbos State Forest
Kluisbos,1621,Kluisbos,Kluisbos State Forest
Kluisbos,1622,Kluisbos,Kluisbos State Forest
Kluisbos,1623,Kluisbos,Kluisbos State Forest
Kluisbos,1624,Kluisbos,Kluisbos State Forest
Kluisbos,1625,Kluisbos,Kluisbos State Forest
Kluisbos,1626,Kluisbos,Kluisbos State Forest
Kluisbos,1627,Kluisbos,Kluisbos State Forest
Kluisbos,1628,Kluisbos,Kluisbos State Forest
Kolmont,1701,Kolmontbos,SFR
Kolmont,1702,Kolmontbos,SFR
Kolmont,1703,Kolmontbos,SFR
Kolmont,1704,Kolmontbos,SFR
Kolmont,1705,Kolmontbos,SFR
Kolmont,1706,Kolmontbos,SFR
Kolmont,1707,Kolmontbos,SFR
Kolmont,1708,Kolmontbos,SFR
Kolmont,1709,Kolmontbos,SFR
Kolmont,1710,Kolmontbos,SFR
Kolmont,1711,Kolmontbos,SFR
Kolmont,1712,Kolmontbos,SFR
Kolmont,1713,Kolmontbos,SFR
Kolmont,1714,Kolmontbos,SFR
Kolmont,1715,Kolmontbos,SFR
Kolmont,1716,Kolmontbos,SFR
Kolmont,1717,Kolmontbos,SFR
Kolmont,1718,Kolmontbos,SFR
Kolmont,1719,Kolmontbos,SFR
Kolmont,1720,Kolmontbos,SFR
Kolmont,1721,Kolmontbos,SFR
Kolmont,1722,Kolmontbos,SFR
Kolmont,1723,Kolmontbos,SFR
Kolmont,1724,Kolmontbos,SFR
Kolmont,1725,Kolmontbos,SFR
Kolmont,1726,Kolmontbos,SFR
Kolmont,1727,Kolmontbos,SFR
Kolmont,1728,Kolmontbos,SFR
Kolmont,1729,Kolmontbos,SFR
Kolmont,1730,Kolmontbos,SFR
Kolmont,1731,Kolmontbos,SFR
Kolmont,1732,Kolmontbos,SFR
Zoniën UITBR_1995,2001,"SFR Joseph Zwaenepoel, Sonian Forest",Kersselaerspleyn Extension 1995
Zoniën UITBR_1995,2002,"SFR Joseph Zwaenepoel, Sonian Forest",Kersselaerspleyn Extension 1995
Zoniën UITBR_1995,2003,"SFR Joseph Zwaenepoel, Sonian Forest",Kersselaerspleyn Extension 1995
Zoniën UITBR_1995,2004,"SFR Joseph Zwaenepoel, Sonian Forest",Kersselaerspleyn Extension 1995
Zoniën UITBR_1995,2005,"SFR Joseph Zwaenepoel, Sonian Forest",Kersselaerspleyn Extension 1995
Zoniën UITBR_1995,2006,"SFR Joseph Zwaenepoel, Sonian Forest",Kersselaerspleyn Extension 1995
Zoniën UITBR_1995,2007,"SFR Joseph Zwaenepoel, Sonian Forest",Kersselaerspleyn Extension 1995
Zoniën UITBR_1995,2008,"SFR Joseph Zwaenepoel, Sonian Forest",Kersselaerspleyn Extension 1995
Zoniën UITBR_1995,2009,"SFR Joseph Zwaenepoel, Sonian Forest",Kersselaerspleyn Extension 1995
Zoniën UITBR_1995,2010,"SFR Joseph Zwaenepoel, Sonian Forest",Kersselaerspleyn Extension 1995
Zoniën UITBR_1995,2011,"SFR Joseph Zwaenepoel, Sonian Forest",Kersselaerspleyn Extension 1995
Zoniën UITBR_1995,2012,"SFR Joseph Zwaenepoel, Sonian Forest",Kersselaerspleyn Extension 1995
Zoniën UITBR_1995,2013,"SFR Joseph Zwaenepoel, Sonian Forest",Kersselaerspleyn Extension 1995
Zoniën KERN_1983,2014,"SFR Joseph Zwaenepoel, Sonian Forest",Kersselaerspleyn Core: original reserve 1983
Zoniën KERN_1983,2015,"SFR Joseph Zwaenepoel, Sonian Forest",Kersselaerspleyn Core: original reserve 1983
Zoniën UITBR_1995,2016,"SFR Joseph Zwaenepoel, Sonian Forest",Kersselaerspleyn Extension 1995
Zoniën UITBR_1995,2017,"SFR Joseph Zwaenepoel, Sonian Forest",Kersselaerspleyn Extension 1995
Zoniën UITBR_1995,2018,"SFR Joseph Zwaenepoel, Sonian Forest",Kersselaerspleyn Extension 1995
Zoniën UITBR_1995,2019,"SFR Joseph Zwaenepoel, Sonian Forest",Kersselaerspleyn Extension 1995
Zoniën UITBR_1995,2020,"SFR Joseph Zwaenepoel, Sonian Forest",Kersselaerspleyn Extension 1995
Zoniën UITBR_1995,2021,"SFR Joseph Zwaenepoel, Sonian Forest",Kersselaerspleyn Extension 1995
Zoniën UITBR_1995,2022,"SFR Joseph Zwaenepoel, Sonian Forest",Kersselaerspleyn Extension 1995
Zoniën UITBR_1995,2023,"SFR Joseph Zwaenepoel, Sonian Forest",Kersselaerspleyn Extension 1995
Zoniën UITBR_1995,2024,"SFR Joseph Zwaenepoel, Sonian Forest",Kersselaerspleyn Extension 1995
Zoniën UITBR_1995,2025,"SFR Joseph Zwaenepoel, Sonian Forest",Kersselaerspleyn Extension 1995
Zoniën UITBR_1995,2026,"SFR Joseph Zwaenepoel, Sonian Forest",Kersselaerspleyn Extension 1995
Zoniën UITBR_1995,2027,"SFR Joseph Zwaenepoel, Sonian Forest",Kersselaerspleyn Extension 1995
Zoniën UITBR_1995,2028,"SFR Joseph Zwaenepoel, Sonian Forest",Kersselaerspleyn Extension 1995
Zoniën UITBR_1995,2029,"SFR Joseph Zwaenepoel, Sonian Forest",Kersselaerspleyn Extension 1995
Zoniën UITBR_1995,2030,"SFR Joseph Zwaenepoel, Sonian Forest",Kersselaerspleyn Extension 1995
Zoniën UITBR_1995,2031,"SFR Joseph Zwaenepoel, Sonian Forest",Kersselaerspleyn Extension 1995
Zoniën UITBR_1995,2032,"SFR Joseph Zwaenepoel, Sonian Forest",Kersselaerspleyn Extension 1995
Zoniën UITBR_1995,2033,"SFR Joseph Zwaenepoel, Sonian Forest",Kersselaerspleyn Extension 1995
Zoniën UITBR_1995,2034,"SFR Joseph Zwaenepoel, Sonian Forest",Kersselaerspleyn Extension 1995
Zoniën UITBR_1995,2035,"SFR Joseph Zwaenepoel, Sonian Forest",Kersselaerspleyn Extension 1995
Zoniën UITBR_1995,2036,"SFR Joseph Zwaenepoel, Sonian Forest",Kersselaerspleyn Extension 1995
Zoniën UITBR_1995,2037,"SFR Joseph Zwaenepoel, Sonian Forest",Kersselaerspleyn Extension 1995
Zoniën UITBR_1995,2038,"SFR Joseph Zwaenepoel, Sonian Forest",Kersselaerspleyn Extension 1995
Zoniën UITBR_1995,2039,"SFR Joseph Zwaenepoel, Sonian Forest",Kersselaerspleyn Extension 1995
Zoniën UITBR_1995,2040,"SFR Joseph Zwaenepoel, Sonian Forest",Kersselaerspleyn Extension 1995
Zoniën UITBR_1995,2041,"SFR Joseph Zwaenepoel, Sonian Forest",Kersselaerspleyn Extension 1995
Zoniën UITBR_1995,2042,"SFR Joseph Zwaenepoel, Sonian Forest",Kersselaerspleyn Extension 1995
Zoniën UITBR_1995,2043,"SFR Joseph Zwaenepoel, Sonian Forest",Kersselaerspleyn Extension 1995
Zoniën UITBR_1995,2044,"SFR Joseph Zwaenepoel, Sonian Forest",Kersselaerspleyn Extension 1995
Zoniën KERN_1983,2045,"SFR Joseph Zwaenepoel, Sonian Forest",Kersselaerspleyn Core: original reserve 1983
Zoniën KERN_1983,2046,"SFR Joseph Zwaenepoel, Sonian Forest",Kersselaerspleyn Core: original reserve 1983
Zoniën KERN_1983,2047,"SFR Joseph Zwaenepoel, Sonian Forest",Kersselaerspleyn Core: original reserve 1983
Zoniën UITBR_1995,2048,"SFR Joseph Zwaenepoel, Sonian Forest",Kersselaerspleyn Extension 1995
Zoniën KERN_1983,2049,"SFR Joseph Zwaenepoel, Sonian Forest",Kersselaerspleyn Core: original reserve 1983
Zoniën KERN_1983,2050,"SFR Joseph Zwaenepoel, Sonian Forest",Kersselaerspleyn Core: original reserve 1983
Zoniën KERN_1983,2051,"SFR Joseph Zwaenepoel, Sonian Forest",Kersselaerspleyn Core: original reserve 1983
Zoniën KERN_1983,2053,"SFR Joseph Zwaenepoel, Sonian Forest",Kersselaerspleyn Core: original reserve 1983
Zoniën KERN_1983,2054,"SFR Joseph Zwaenepoel, Sonian Forest",Kersselaerspleyn Core: original reserve 1983
Zoniën KERN_1983,2055,"SFR Joseph Zwaenepoel, Sonian Forest",Kersselaerspleyn Core: original reserve 1983
Zoniën UITBR_1995,2056,"SFR Joseph Zwaenepoel, Sonian Forest",Kersselaerspleyn Extension 1995
Zoniën UITBR_1995,2057,"SFR Joseph Zwaenepoel, Sonian Forest",Kersselaerspleyn Extension 1995
Zoniën UITBR_1995,2058,"SFR Joseph Zwaenepoel, Sonian Forest",Kersselaerspleyn Extension 1995
Zoniën UITBR_1995,2059,"SFR Joseph Zwaenepoel, Sonian Forest",Kersselaerspleyn Extension 1995
Zoniën UITBR_1995,2060,"SFR Joseph Zwaenepoel, Sonian Forest",Kersselaerspleyn Extension 1995
Zoniën UITBR_1995,2061,"SFR Joseph Zwaenepoel, Sonian Forest",Kersselaerspleyn Extension 1995
Zoniën UITBR_1995,2062,"SFR Joseph Zwaenepoel, Sonian Forest",Kersselaerspleyn Extension 1995
Zoniën UITBR_1995,2063,"SFR Joseph Zwaenepoel, Sonian Forest",Kersselaerspleyn Extension 1995
Zoniën UITBR_1995,2064,"SFR Joseph Zwaenepoel, Sonian Forest",Kersselaerspleyn Extension 1995
Zoniën UITBR_1995,2065,"SFR Joseph Zwaenepoel, Sonian Forest",Kersselaerspleyn Extension 1995
Zoniën HARRAS_1995,2101,"SFR Joseph Zwaenepoel, Sonian Forest",Harras
Zoniën HARRAS_1995,2102,"SFR Joseph Zwaenepoel, Sonian Forest",Harras
Zoniën HARRAS_1995,2103,"SFR Joseph Zwaenepoel, Sonian Forest",Harras
Zoniën HARRAS_1995,2104,"SFR Joseph Zwaenepoel, Sonian Forest",Harras
Zoniën HARRAS_1995,2105,"SFR Joseph Zwaenepoel, Sonian Forest",Harras
Zoniën HARRAS_1995,2106,"SFR Joseph Zwaenepoel, Sonian Forest",Harras
Zoniën HARRAS_1995,2107,"SFR Joseph Zwaenepoel, Sonian Forest",Harras
Zoniën HARRAS_1995,2108,"SFR Joseph Zwaenepoel, Sonian Forest",Harras
Zoniën HARRAS_1995,2109,"SFR Joseph Zwaenepoel, Sonian Forest",Harras
Zoniën HARRAS_1995,2110,"SFR Joseph Zwaenepoel, Sonian Forest",Harras
Zoniën HARRAS_1995,2111,"SFR Joseph Zwaenepoel, Sonian Forest",Harras
Zoniën HARRAS_1995,2112,"SFR Joseph Zwaenepoel, Sonian Forest",Harras
Zoniën HARRAS_1995,2113,"SFR Joseph Zwaenepoel, Sonian Forest",Harras
Zoniën UITBR_2010,2114,"SFR Joseph Zwaenepoel, Sonian Forest",Extension 2010
Zoniën UITBR_2010,2115,"SFR Joseph Zwaenepoel, Sonian Forest",Extension 2010
Zoniën UITBR_2010,2116,"SFR Joseph Zwaenepoel, Sonian Forest",Extension 2010
Zoniën UITBR_2010,2117,"SFR Joseph Zwaenepoel, Sonian Forest",Extension 2010
Zoniën HARRAS_1995,2118,"SFR Joseph Zwaenepoel, Sonian Forest",Harras
Zoniën HARRAS_1995,2119,"SFR Joseph Zwaenepoel, Sonian Forest",Harras
Zoniën HARRAS_1995,2120,"SFR Joseph Zwaenepoel, Sonian Forest",Harras
Zoniën HARRAS_1995,2121,"SFR Joseph Zwaenepoel, Sonian Forest",Harras
Zoniën UITBR_2010,2122,"SFR Joseph Zwaenepoel, Sonian Forest",Extension 2010
Zoniën UITBR_2010,2123,"SFR Joseph Zwaenepoel, Sonian Forest",Extension 2010
Zoniën UITBR_2010,2124,"SFR Joseph Zwaenepoel, Sonian Forest",Extension 2010
Zoniën UITBR_2010,2125,"SFR Joseph Zwaenepoel, Sonian Forest",Extension 2010
Zoniën UITBR_2010,2126,"SFR Joseph Zwaenepoel, Sonian Forest",Extension 2010
Zoniën HARRAS_1995,2127,"SFR Joseph Zwaenepoel, Sonian Forest",Harras
Zoniën HARRAS_1995,2128,"SFR Joseph Zwaenepoel, Sonian Forest",Harras
Zoniën HARRAS_1995,2129,"SFR Joseph Zwaenepoel, Sonian Forest",Harras
Zoniën UITBR_2010,2130,"SFR Joseph Zwaenepoel, Sonian Forest",Extension 2010
Zoniën UITBR_2010,2131,"SFR Joseph Zwaenepoel, Sonian Forest",Extension 2010
Zoniën UITBR_2010,2132,"SFR Joseph Zwaenepoel, Sonian Forest",Extension 2010
Zoniën UITBR_2010,2133,"SFR Joseph Zwaenepoel, Sonian Forest",Extension 2010
Zoniën HARRAS_1995,2134,"SFR Joseph Zwaenepoel, Sonian Forest",Harras
Zoniën HARRAS_1995,2135,"SFR Joseph Zwaenepoel, Sonian Forest",Harras
Zoniën UITBR_2010,2136,"SFR Joseph Zwaenepoel, Sonian Forest",Extension 2010
Zoniën UITBR_2010,2137,"SFR Joseph Zwaenepoel, Sonian Forest",Extension 2010
Zoniën UITBR_2010,2138,"SFR Joseph Zwaenepoel, Sonian Forest",Extension 2010
Zoniën UITBR_2010,2139,"SFR Joseph Zwaenepoel, Sonian Forest",Extension 2010
Zoniën UITBR_2010,2140,"SFR Joseph Zwaenepoel, Sonian Forest",Extension 2010
Zoniën UITBR_2010,2141,"SFR Joseph Zwaenepoel, Sonian Forest",Extension 2010
Zoniën UITBR_2010,2142,"SFR Joseph Zwaenepoel, Sonian Forest",Extension 2010
Zoniën UITBR_2010,2143,"SFR Joseph Zwaenepoel, Sonian Forest",Extension 2010
Zoniën UITBR_2010,2144,"SFR Joseph Zwaenepoel, Sonian Forest",Extension 2010
Zoniën UITBR_2010,2145,"SFR Joseph Zwaenepoel, Sonian Forest",Extension 2010
Zoniën UITBR_2010,2146,"SFR Joseph Zwaenepoel, Sonian Forest",Extension 2010
Zoniën UITBR_2010,2147,"SFR Joseph Zwaenepoel, Sonian Forest",Extension 2010
Zoniën UITBR_2010,2148,"SFR Joseph Zwaenepoel, Sonian Forest",Extension 2010
Zoniën UITBR_2010,2149,"SFR Joseph Zwaenepoel, Sonian Forest",Extension 2010
Zoniën UITBR_2010,2150,"SFR Joseph Zwaenepoel, Sonian Forest",Extension 2010
Zoniën UITBR_2010,2151,"SFR Joseph Zwaenepoel, Sonian Forest",Extension 2010
Zoniën UITBR_2010,2152,"SFR Joseph Zwaenepoel, Sonian Forest",Extension 2010
Zoniën UITBR_2010,2153,"SFR Joseph Zwaenepoel, Sonian Forest",Extension 2010
Zoniën UITBR_2010,2154,"SFR Joseph Zwaenepoel, Sonian Forest",Extension 2010
Zoniën UITBR_2010,2155,"SFR Joseph Zwaenepoel, Sonian Forest",Extension 2010
Zoniën UITBR_2010,2156,"SFR Joseph Zwaenepoel, Sonian Forest",Extension 2010
Zoniën UITBR_2010,2157,"SFR Joseph Zwaenepoel, Sonian Forest",Extension 2010
Zoniën UITBR_2010,2158,"SFR Joseph Zwaenepoel, Sonian Forest",Extension 2010
Zoniën UITBR_2010,2159,"SFR Joseph Zwaenepoel, Sonian Forest",Extension 2010
Zoniën UITBR_2010,2160,"SFR Joseph Zwaenepoel, Sonian Forest",Extension 2010
Zoniën UITBR_2010,2161,"SFR Joseph Zwaenepoel, Sonian Forest",Extension 2010
Zoniën UITBR_2010,2162,"SFR Joseph Zwaenepoel, Sonian Forest",Extension 2010
Zoniën UITBR_2010,2163,"SFR Joseph Zwaenepoel, Sonian Forest",Extension 2010
Zoniën UITBR_2010,2164,"SFR Joseph Zwaenepoel, Sonian Forest",Extension 2010
Zoniën UITBR_2010,2165,"SFR Joseph Zwaenepoel, Sonian Forest",Extension 2010
Zoniën UITBR_2010,2166,"SFR Joseph Zwaenepoel, Sonian Forest",Extension 2010
Zoniën UITBR_2010,2167,"SFR Joseph Zwaenepoel, Sonian Forest",Extension 2010
Zoniën UITBR_2010,2168,"SFR Joseph Zwaenepoel, Sonian Forest",Extension 2010
Zoniën UITBR_2010,2169,"SFR Joseph Zwaenepoel, Sonian Forest",Extension 2010
Zoniën UITBR_2010,2170,"SFR Joseph Zwaenepoel, Sonian Forest",Extension 2010
Zoniën UITBR_2010,2171,"SFR Joseph Zwaenepoel, Sonian Forest",Extension 2010
Zoniën UITBR_2010,2172,"SFR Joseph Zwaenepoel, Sonian Forest",Extension 2010
Zoniën UITBR_2010,2173,"SFR Joseph Zwaenepoel, Sonian Forest",Extension 2010
Zoniën UITBR_2010,2174,"SFR Joseph Zwaenepoel, Sonian Forest",Extension 2010
Zoniën UITBR_2010,2175,"SFR Joseph Zwaenepoel, Sonian Forest",Extension 2010
Zoniën UITBR_2010,2176,"SFR Joseph Zwaenepoel, Sonian Forest",Extension 2010
Zoniën UITBR_2010,2177,"SFR Joseph Zwaenepoel, Sonian Forest",Extension 2010
Zoniën UITBR_2010,2178,"SFR Joseph Zwaenepoel, Sonian Forest",Extension 2010
Zoniën UITBR_2010,2179,"SFR Joseph Zwaenepoel, Sonian Forest",Extension 2010
Zoniën UITBR_2010,2180,"SFR Joseph Zwaenepoel, Sonian Forest",Extension 2010
Zoniën UITBR_2010,2181,"SFR Joseph Zwaenepoel, Sonian Forest",Extension 2010
Zoniën UITBR_2010,2182,"SFR Joseph Zwaenepoel, Sonian Forest",Extension 2010
Zoniën UITBR_2010,2183,"SFR Joseph Zwaenepoel, Sonian Forest",Extension 2010
Zoniën UITBR_2010,2184,"SFR Joseph Zwaenepoel, Sonian Forest",Extension 2010
Zoniën UITBR_2010,2185,"SFR Joseph Zwaenepoel, Sonian Forest",Extension 2010
Zoniën UITBR_2010,2186,"SFR Joseph Zwaenepoel, Sonian Forest",Extension 2010
Zoniën KERN_1983,11000,"SFR Joseph Zwaenepoel, Sonian Forest",Kersselaerspleyn Core: original reserve 1983
Zoniën HARRAS_1995,21000,"SFR Joseph Zwaenepoel, Sonian Forest",Harras
Hannecart,31000,Hannecartbos,Nature reserve
Rodebos KV1,41000,Rodebos,Nature reserve
,42000,Rodebos,Nature reserve
Rodebos KV2,43000,Rodebos,Nature reserve
Walenbos KV1,51000,Walenbos,Nature reserve - mesotrophic forest
Walenbos OT,53000,Walenbos,Nature reserve - oligotrophic forest
Wijnendalebos,71000,Wijnendalebos,SFR
Everzwijnbad,81000,Meerdaalwoud,Everzwijnbad SFR
Heirnisse,91000,De Heirnisse,SFR
Jansheideberg,101000,Hallerbos,Jansheideberg SFR
Bos Terrijst,111000,Bos Ter Rijst,SFR
Pruikemakers,121000,Meerdaalwoud,Pruikenmakers SFR
Liedekerke TR,131000,Liedekerkebos,SFR
Sevendonck A,141100,Sevendonck,Alder forest SFR
Sevendonck Q,141200,Sevendonck,Oak forest SFR
Muizenbos,151000,Muizenbos,SFR
,155000,Muizenbos,SFR
,156000,Muizenbos,SFR
Coolhem A,171100,Coolhembos,Alder forest
Coolhem Q,171200,Coolhembos,Oak forest
,300001,Meerdaalwoud,Plot 9196 Dethioux/Bauwens (1954/2000)
,300002,Meerdaalwoud,Plot 8534 Dethioux/Bauwens (1954/2000)
,300003,Meerdaalwoud,Plot 8531 Dethioux/Bauwens (1954/2000)
,300004,Meerdaalwoud,Plot 8528 Dethioux/Bauwens (1954/2000)
,300005,Meerdaalwoud,Plot 8815 Dethioux/Bauwens (1954/2000)
,300006,Meerdaalwoud,Plot 8505 Dethioux/Bauwens (1954/2000)
,300007,Meerdaalwoud,Plot 8520 Dethioux/Bauwens (1954/2000)
,300008,Meerdaalwoud,Plot 8519 Dethioux/Bauwens (1954/2000)
,300009,Meerdaalwoud,Plot 8501 Dethioux/Bauwens (1954/2000)
,300010,Meerdaalwoud,Plot 8800 Dethioux/Bauwens (1954/2000)
,300011,Meerdaalwoud,Plot 8801 Dethioux/Bauwens (1954/2000)
,300012,Meerdaalwoud,Plot 8803 Dethioux/Bauwens (1954/2000)
,300013,Meerdaalwoud,Plot 8802 Dethioux/Bauwens (1954/2000)
,300014,Meerdaalwoud,Plot 8830 Dethioux/Bauwens (1954/2000)
,300015,Meerdaalwoud,Plot 8513 Dethioux/Bauwens (1954/2000)
,300016,Meerdaalwoud,Plot 8514 Dethioux/Bauwens (1954/2000)
,300017,Meerdaalwoud,Plot 8807 Dethioux/Bauwens (1954/2000)
,300018,Meerdaalwoud,Plot 8810 Dethioux/Bauwens (1954/2000)
,300019,Meerdaalwoud,Plot 8808 Dethioux/Bauwens (1954/2000)
,300022,Meerdaalwoud,Plot 8499 Dethioux/Bauwens (1954/2000)
,300023,Meerdaalwoud,Plot 8819 Dethioux/Bauwens (1954/2000)
,300024,Meerdaalwoud,Plot 9095 Dethioux/Bauwens (1954/2000)
,300025,Meerdaalwoud,Plot 8823 Dethioux/Bauwens (1954/2000)
,400000,Peerdsbos,Research site 'Boswachter'
