plot_id,forest_reserve_fieldmap,SITE_ID,SITE_NAME,WILDCARD_sub_ID,composed_site_id
101,Everzwijnbad,3,Everzwijnbad,NA,INBO__3__Everzwijnbad__NA
102,Everzwijnbad,3,Everzwijnbad,NA,INBO__3__Everzwijnbad__NA
103,Everzwijnbad,3,Everzwijnbad,NA,INBO__3__Everzwijnbad__NA
104,Everzwijnbad,3,Everzwijnbad,NA,INBO__3__Everzwijnbad__NA
105,Everzwijnbad,3,Everzwijnbad,NA,INBO__3__Everzwijnbad__NA
106,Everzwijnbad,3,Everzwijnbad,NA,INBO__3__Everzwijnbad__NA
107,Everzwijnbad,3,Everzwijnbad,NA,INBO__3__Everzwijnbad__NA
108,Everzwijnbad,3,Everzwijnbad,NA,INBO__3__Everzwijnbad__NA
109,Everzwijnbad,3,Everzwijnbad,NA,INBO__3__Everzwijnbad__NA
110,Everzwijnbad,3,Everzwijnbad,NA,INBO__3__Everzwijnbad__NA
111,Everzwijnbad,3,Everzwijnbad,NA,INBO__3__Everzwijnbad__NA
112,Everzwijnbad,3,Everzwijnbad,NA,INBO__3__Everzwijnbad__NA
113,Everzwijnbad,3,Everzwijnbad,NA,INBO__3__Everzwijnbad__NA
114,Everzwijnbad,3,Everzwijnbad,NA,INBO__3__Everzwijnbad__NA
115,Everzwijnbad,3,Everzwijnbad,NA,INBO__3__Everzwijnbad__NA
116,Everzwijnbad,3,Everzwijnbad,NA,INBO__3__Everzwijnbad__NA
117,Everzwijnbad,3,Everzwijnbad,NA,INBO__3__Everzwijnbad__NA
118,Everzwijnbad,3,Everzwijnbad,NA,INBO__3__Everzwijnbad__NA
119,Everzwijnbad,3,Everzwijnbad,NA,INBO__3__Everzwijnbad__NA
120,Everzwijnbad,3,Everzwijnbad,NA,INBO__3__Everzwijnbad__NA
121,Everzwijnbad,3,Everzwijnbad,NA,INBO__3__Everzwijnbad__NA
122,Everzwijnbad,3,Everzwijnbad,NA,INBO__3__Everzwijnbad__NA
123,Everzwijnbad,3,Everzwijnbad,NA,INBO__3__Everzwijnbad__NA
124,Everzwijnbad,3,Everzwijnbad,NA,INBO__3__Everzwijnbad__NA
125,Everzwijnbad,3,Everzwijnbad,NA,INBO__3__Everzwijnbad__NA
126,Everzwijnbad,3,Everzwijnbad,NA,INBO__3__Everzwijnbad__NA
127,Everzwijnbad,3,Everzwijnbad,NA,INBO__3__Everzwijnbad__NA
128,Everzwijnbad,3,Everzwijnbad,NA,INBO__3__Everzwijnbad__NA
129,Everzwijnbad,3,Everzwijnbad,NA,INBO__3__Everzwijnbad__NA
130,Everzwijnbad,3,Everzwijnbad,NA,INBO__3__Everzwijnbad__NA
131,Everzwijnbad,3,Everzwijnbad,NA,INBO__3__Everzwijnbad__NA
132,Everzwijnbad,3,Everzwijnbad,NA,INBO__3__Everzwijnbad__NA
133,Everzwijnbad,3,Everzwijnbad,NA,INBO__3__Everzwijnbad__NA
134,Everzwijnbad,3,Everzwijnbad,NA,INBO__3__Everzwijnbad__NA
135,Everzwijnbad,3,Everzwijnbad,NA,INBO__3__Everzwijnbad__NA
136,Everzwijnbad,3,Everzwijnbad,NA,INBO__3__Everzwijnbad__NA
137,Everzwijnbad,3,Everzwijnbad,NA,INBO__3__Everzwijnbad__NA
138,Everzwijnbad,3,Everzwijnbad,NA,INBO__3__Everzwijnbad__NA
139,Everzwijnbad,3,Everzwijnbad,NA,INBO__3__Everzwijnbad__NA
140,Everzwijnbad,3,Everzwijnbad,NA,INBO__3__Everzwijnbad__NA
141,Everzwijnbad,3,Everzwijnbad,NA,INBO__3__Everzwijnbad__NA
142,Everzwijnbad,3,Everzwijnbad,NA,INBO__3__Everzwijnbad__NA
143,Everzwijnbad,3,Everzwijnbad,NA,INBO__3__Everzwijnbad__NA
144,Everzwijnbad,3,Everzwijnbad,NA,INBO__3__Everzwijnbad__NA
145,Everzwijnbad,3,Everzwijnbad,NA,INBO__3__Everzwijnbad__NA
146,Everzwijnbad,3,Everzwijnbad,NA,INBO__3__Everzwijnbad__NA
147,Everzwijnbad,3,Everzwijnbad,NA,INBO__3__Everzwijnbad__NA
148,Everzwijnbad,3,Everzwijnbad,NA,INBO__3__Everzwijnbad__NA
200,Withoefse heide,4,Withoefse heide,NA,INBO__4__Withoefse heide__NA
204,Withoefse heide,4,Withoefse heide,NA,INBO__4__Withoefse heide__NA
205,Withoefse heide,4,Withoefse heide,NA,INBO__4__Withoefse heide__NA
206,Withoefse heide,4,Withoefse heide,NA,INBO__4__Withoefse heide__NA
207,Withoefse heide,4,Withoefse heide,NA,INBO__4__Withoefse heide__NA
209,Withoefse heide,4,Withoefse heide,NA,INBO__4__Withoefse heide__NA
210,Withoefse heide,4,Withoefse heide,NA,INBO__4__Withoefse heide__NA
211,Withoefse heide,4,Withoefse heide,NA,INBO__4__Withoefse heide__NA
212,Withoefse heide,4,Withoefse heide,NA,INBO__4__Withoefse heide__NA
213,Withoefse heide,4,Withoefse heide,NA,INBO__4__Withoefse heide__NA
214,Withoefse heide,4,Withoefse heide,NA,INBO__4__Withoefse heide__NA
215,Withoefse heide,4,Withoefse heide,NA,INBO__4__Withoefse heide__NA
216,Withoefse heide,4,Withoefse heide,NA,INBO__4__Withoefse heide__NA
217,Withoefse heide,4,Withoefse heide,NA,INBO__4__Withoefse heide__NA
218,Withoefse heide,4,Withoefse heide,NA,INBO__4__Withoefse heide__NA
219,Withoefse heide,4,Withoefse heide,NA,INBO__4__Withoefse heide__NA
220,Withoefse heide,4,Withoefse heide,NA,INBO__4__Withoefse heide__NA
221,Withoefse heide,4,Withoefse heide,NA,INBO__4__Withoefse heide__NA
223,Withoefse heide,4,Withoefse heide,NA,INBO__4__Withoefse heide__NA
224,Withoefse heide,4,Withoefse heide,NA,INBO__4__Withoefse heide__NA
225,Withoefse heide,4,Withoefse heide,NA,INBO__4__Withoefse heide__NA
226,Withoefse heide,4,Withoefse heide,NA,INBO__4__Withoefse heide__NA
227,Withoefse heide,4,Withoefse heide,NA,INBO__4__Withoefse heide__NA
228,Withoefse heide,4,Withoefse heide,NA,INBO__4__Withoefse heide__NA
229,Withoefse heide,4,Withoefse heide,NA,INBO__4__Withoefse heide__NA
401,Wijnendalebos,2,Wijnendalebos,NA,INBO__2__Wijnendalebos__NA
402,Wijnendalebos,2,Wijnendalebos,NA,INBO__2__Wijnendalebos__NA
403,Wijnendalebos,2,Wijnendalebos,NA,INBO__2__Wijnendalebos__NA
404,Wijnendalebos,2,Wijnendalebos,NA,INBO__2__Wijnendalebos__NA
405,Wijnendalebos,2,Wijnendalebos,NA,INBO__2__Wijnendalebos__NA
406,Wijnendalebos,2,Wijnendalebos,NA,INBO__2__Wijnendalebos__NA
407,Wijnendalebos,2,Wijnendalebos,NA,INBO__2__Wijnendalebos__NA
408,Wijnendalebos,2,Wijnendalebos,NA,INBO__2__Wijnendalebos__NA
409,Wijnendalebos,2,Wijnendalebos,NA,INBO__2__Wijnendalebos__NA
410,Wijnendalebos,2,Wijnendalebos,NA,INBO__2__Wijnendalebos__NA
411,Wijnendalebos,2,Wijnendalebos,NA,INBO__2__Wijnendalebos__NA
412,Wijnendalebos,2,Wijnendalebos,NA,INBO__2__Wijnendalebos__NA
413,Wijnendalebos,2,Wijnendalebos,NA,INBO__2__Wijnendalebos__NA
414,Wijnendalebos,2,Wijnendalebos,NA,INBO__2__Wijnendalebos__NA
415,Wijnendalebos,2,Wijnendalebos,NA,INBO__2__Wijnendalebos__NA
416,Wijnendalebos,2,Wijnendalebos,NA,INBO__2__Wijnendalebos__NA
417,Wijnendalebos,2,Wijnendalebos,NA,INBO__2__Wijnendalebos__NA
418,Wijnendalebos,2,Wijnendalebos,NA,INBO__2__Wijnendalebos__NA
419,Wijnendalebos,2,Wijnendalebos,NA,INBO__2__Wijnendalebos__NA
420,Wijnendalebos,2,Wijnendalebos,NA,INBO__2__Wijnendalebos__NA
421,Wijnendalebos,2,Wijnendalebos,NA,INBO__2__Wijnendalebos__NA
422,Wijnendalebos,2,Wijnendalebos,NA,INBO__2__Wijnendalebos__NA
423,Wijnendalebos,2,Wijnendalebos,NA,INBO__2__Wijnendalebos__NA
425,Wijnendalebos,2,Wijnendalebos,NA,INBO__2__Wijnendalebos__NA
427,Wijnendalebos,2,Wijnendalebos,NA,INBO__2__Wijnendalebos__NA
428,Wijnendalebos,2,Wijnendalebos,NA,INBO__2__Wijnendalebos__NA
429,Wijnendalebos,2,Wijnendalebos,NA,INBO__2__Wijnendalebos__NA
430,Wijnendalebos,2,Wijnendalebos,NA,INBO__2__Wijnendalebos__NA
431,Wijnendalebos,2,Wijnendalebos,NA,INBO__2__Wijnendalebos__NA
432,Wijnendalebos,2,Wijnendalebos,NA,INBO__2__Wijnendalebos__NA
433,Wijnendalebos,2,Wijnendalebos,NA,INBO__2__Wijnendalebos__NA
434,Wijnendalebos,2,Wijnendalebos,NA,INBO__2__Wijnendalebos__NA
435,Wijnendalebos,2,Wijnendalebos,NA,INBO__2__Wijnendalebos__NA
436,Wijnendalebos,2,Wijnendalebos,NA,INBO__2__Wijnendalebos__NA
437,Wijnendalebos,2,Wijnendalebos,NA,INBO__2__Wijnendalebos__NA
438,Wijnendalebos,2,Wijnendalebos,NA,INBO__2__Wijnendalebos__NA
439,Wijnendalebos,2,Wijnendalebos,NA,INBO__2__Wijnendalebos__NA
440,Wijnendalebos,2,Wijnendalebos,NA,INBO__2__Wijnendalebos__NA
441,Wijnendalebos,2,Wijnendalebos,NA,INBO__2__Wijnendalebos__NA
442,Wijnendalebos,2,Wijnendalebos,NA,INBO__2__Wijnendalebos__NA
443,Wijnendalebos,2,Wijnendalebos,NA,INBO__2__Wijnendalebos__NA
444,Wijnendalebos,2,Wijnendalebos,NA,INBO__2__Wijnendalebos__NA
445,Wijnendalebos,2,Wijnendalebos,NA,INBO__2__Wijnendalebos__NA
446,Wijnendalebos,2,Wijnendalebos,NA,INBO__2__Wijnendalebos__NA
447,Wijnendalebos,2,Wijnendalebos,NA,INBO__2__Wijnendalebos__NA
448,Wijnendalebos,2,Wijnendalebos,NA,INBO__2__Wijnendalebos__NA
449,Wijnendalebos,2,Wijnendalebos,NA,INBO__2__Wijnendalebos__NA
450,Wijnendalebos,2,Wijnendalebos,NA,INBO__2__Wijnendalebos__NA
451,Wijnendalebos,2,Wijnendalebos,NA,INBO__2__Wijnendalebos__NA
452,Wijnendalebos,2,Wijnendalebos,NA,INBO__2__Wijnendalebos__NA
453,Wijnendalebos,2,Wijnendalebos,NA,INBO__2__Wijnendalebos__NA
454,Wijnendalebos,2,Wijnendalebos,NA,INBO__2__Wijnendalebos__NA
455,Wijnendalebos,2,Wijnendalebos,NA,INBO__2__Wijnendalebos__NA
456,Wijnendalebos,2,Wijnendalebos,NA,INBO__2__Wijnendalebos__NA
457,Wijnendalebos,2,Wijnendalebos,NA,INBO__2__Wijnendalebos__NA
458,Wijnendalebos,2,Wijnendalebos,NA,INBO__2__Wijnendalebos__NA
459,Wijnendalebos,2,Wijnendalebos,NA,INBO__2__Wijnendalebos__NA
460,Wijnendalebos,2,Wijnendalebos,NA,INBO__2__Wijnendalebos__NA
461,Wijnendalebos,2,Wijnendalebos,NA,INBO__2__Wijnendalebos__NA
462,Wijnendalebos,2,Wijnendalebos,NA,INBO__2__Wijnendalebos__NA
463,Wijnendalebos,2,Wijnendalebos,NA,INBO__2__Wijnendalebos__NA
464,Wijnendalebos,2,Wijnendalebos,NA,INBO__2__Wijnendalebos__NA
465,Wijnendalebos,2,Wijnendalebos,NA,INBO__2__Wijnendalebos__NA
466,Wijnendalebos,2,Wijnendalebos,NA,INBO__2__Wijnendalebos__NA
467,Wijnendalebos,2,Wijnendalebos,NA,INBO__2__Wijnendalebos__NA
468,Wijnendalebos,2,Wijnendalebos,NA,INBO__2__Wijnendalebos__NA
469,Wijnendalebos,2,Wijnendalebos,NA,INBO__2__Wijnendalebos__NA
470,Wijnendalebos,2,Wijnendalebos,NA,INBO__2__Wijnendalebos__NA
471,Wijnendalebos,2,Wijnendalebos,NA,INBO__2__Wijnendalebos__NA
472,Wijnendalebos,2,Wijnendalebos,NA,INBO__2__Wijnendalebos__NA
473,Wijnendalebos,2,Wijnendalebos,NA,INBO__2__Wijnendalebos__NA
474,Wijnendalebos,2,Wijnendalebos,NA,INBO__2__Wijnendalebos__NA
475,Wijnendalebos,2,Wijnendalebos,NA,INBO__2__Wijnendalebos__NA
476,Wijnendalebos,2,Wijnendalebos,NA,INBO__2__Wijnendalebos__NA
477,Wijnendalebos,2,Wijnendalebos,NA,INBO__2__Wijnendalebos__NA
478,Wijnendalebos,2,Wijnendalebos,NA,INBO__2__Wijnendalebos__NA
479,Wijnendalebos,2,Wijnendalebos,NA,INBO__2__Wijnendalebos__NA
480,Wijnendalebos,2,Wijnendalebos,NA,INBO__2__Wijnendalebos__NA
481,Wijnendalebos,2,Wijnendalebos,NA,INBO__2__Wijnendalebos__NA
483,Wijnendalebos,2,Wijnendalebos,NA,INBO__2__Wijnendalebos__NA
484,Wijnendalebos,2,Wijnendalebos,NA,INBO__2__Wijnendalebos__NA
485,Wijnendalebos,2,Wijnendalebos,NA,INBO__2__Wijnendalebos__NA
486,Wijnendalebos,2,Wijnendalebos,NA,INBO__2__Wijnendalebos__NA
487,Wijnendalebos,2,Wijnendalebos,NA,INBO__2__Wijnendalebos__NA
488,Wijnendalebos,2,Wijnendalebos,NA,INBO__2__Wijnendalebos__NA
489,Wijnendalebos,2,Wijnendalebos,NA,INBO__2__Wijnendalebos__NA
490,Wijnendalebos,2,Wijnendalebos,NA,INBO__2__Wijnendalebos__NA
491,Wijnendalebos,2,Wijnendalebos,NA,INBO__2__Wijnendalebos__NA
492,Wijnendalebos,2,Wijnendalebos,NA,INBO__2__Wijnendalebos__NA
493,Wijnendalebos,2,Wijnendalebos,NA,INBO__2__Wijnendalebos__NA
494,Wijnendalebos,2,Wijnendalebos,NA,INBO__2__Wijnendalebos__NA
495,Wijnendalebos,2,Wijnendalebos,NA,INBO__2__Wijnendalebos__NA
496,Wijnendalebos,2,Wijnendalebos,NA,INBO__2__Wijnendalebos__NA
497,Wijnendalebos,2,Wijnendalebos,NA,INBO__2__Wijnendalebos__NA
498,Wijnendalebos,2,Wijnendalebos,NA,INBO__2__Wijnendalebos__NA
499,Wijnendalebos,2,Wijnendalebos,NA,INBO__2__Wijnendalebos__NA
500,Wijnendalebos,2,Wijnendalebos,NA,INBO__2__Wijnendalebos__NA
501,Wijnendalebos,2,Wijnendalebos,NA,INBO__2__Wijnendalebos__NA
502,Wijnendalebos,2,Wijnendalebos,NA,INBO__2__Wijnendalebos__NA
503,Wijnendalebos,2,Wijnendalebos,NA,INBO__2__Wijnendalebos__NA
504,Wijnendalebos,2,Wijnendalebos,NA,INBO__2__Wijnendalebos__NA
505,Wijnendalebos,2,Wijnendalebos,NA,INBO__2__Wijnendalebos__NA
506,Wijnendalebos,2,Wijnendalebos,NA,INBO__2__Wijnendalebos__NA
507,Wijnendalebos,2,Wijnendalebos,NA,INBO__2__Wijnendalebos__NA
508,Wijnendalebos,2,Wijnendalebos,NA,INBO__2__Wijnendalebos__NA
509,Wijnendalebos,2,Wijnendalebos,NA,INBO__2__Wijnendalebos__NA
510,Wijnendalebos,2,Wijnendalebos,NA,INBO__2__Wijnendalebos__NA
511,Wijnendalebos,2,Wijnendalebos,NA,INBO__2__Wijnendalebos__NA
512,Wijnendalebos,2,Wijnendalebos,NA,INBO__2__Wijnendalebos__NA
513,Wijnendalebos,2,Wijnendalebos,NA,INBO__2__Wijnendalebos__NA
514,Wijnendalebos,2,Wijnendalebos,NA,INBO__2__Wijnendalebos__NA
515,Wijnendalebos,2,Wijnendalebos,NA,INBO__2__Wijnendalebos__NA
516,Wijnendalebos,2,Wijnendalebos,NA,INBO__2__Wijnendalebos__NA
517,Wijnendalebos,2,Wijnendalebos,NA,INBO__2__Wijnendalebos__NA
518,Wijnendalebos,2,Wijnendalebos,NA,INBO__2__Wijnendalebos__NA
519,Wijnendalebos,2,Wijnendalebos,NA,INBO__2__Wijnendalebos__NA
520,Wijnendalebos,2,Wijnendalebos,NA,INBO__2__Wijnendalebos__NA
521,Wijnendalebos,2,Wijnendalebos,NA,INBO__2__Wijnendalebos__NA
522,Wijnendalebos,2,Wijnendalebos,NA,INBO__2__Wijnendalebos__NA
523,Wijnendalebos,2,Wijnendalebos,NA,INBO__2__Wijnendalebos__NA
701,Heirnisse,8,Heirnisse,NA,INBO__8__Heirnisse__NA
702,Heirnisse,8,Heirnisse,NA,INBO__8__Heirnisse__NA
703,Heirnisse,8,Heirnisse,NA,INBO__8__Heirnisse__NA
704,Heirnisse,8,Heirnisse,NA,INBO__8__Heirnisse__NA
705,Heirnisse,8,Heirnisse,NA,INBO__8__Heirnisse__NA
706,Heirnisse,8,Heirnisse,NA,INBO__8__Heirnisse__NA
707,Heirnisse,8,Heirnisse,NA,INBO__8__Heirnisse__NA
708,Heirnisse,8,Heirnisse,NA,INBO__8__Heirnisse__NA
709,Heirnisse,8,Heirnisse,NA,INBO__8__Heirnisse__NA
710,Heirnisse,8,Heirnisse,NA,INBO__8__Heirnisse__NA
711,Heirnisse,8,Heirnisse,NA,INBO__8__Heirnisse__NA
712,Heirnisse,8,Heirnisse,NA,INBO__8__Heirnisse__NA
713,Heirnisse,8,Heirnisse,NA,INBO__8__Heirnisse__NA
714,Heirnisse,8,Heirnisse,NA,INBO__8__Heirnisse__NA
715,Heirnisse,8,Heirnisse,NA,INBO__8__Heirnisse__NA
716,Heirnisse,8,Heirnisse,NA,INBO__8__Heirnisse__NA
717,Heirnisse,8,Heirnisse,NA,INBO__8__Heirnisse__NA
718,Heirnisse,8,Heirnisse,NA,INBO__8__Heirnisse__NA
719,Heirnisse,8,Heirnisse,NA,INBO__8__Heirnisse__NA
720,Heirnisse,8,Heirnisse,NA,INBO__8__Heirnisse__NA
721,Heirnisse,8,Heirnisse,NA,INBO__8__Heirnisse__NA
722,Heirnisse,8,Heirnisse,NA,INBO__8__Heirnisse__NA
723,Heirnisse,8,Heirnisse,NA,INBO__8__Heirnisse__NA
724,Heirnisse,8,Heirnisse,NA,INBO__8__Heirnisse__NA
725,Heirnisse,8,Heirnisse,NA,INBO__8__Heirnisse__NA
726,Heirnisse,8,Heirnisse,NA,INBO__8__Heirnisse__NA
727,Heirnisse,8,Heirnisse,NA,INBO__8__Heirnisse__NA
728,Heirnisse,8,Heirnisse,NA,INBO__8__Heirnisse__NA
729,Heirnisse,8,Heirnisse,NA,INBO__8__Heirnisse__NA
730,Heirnisse,8,Heirnisse,NA,INBO__8__Heirnisse__NA
731,Heirnisse,8,Heirnisse,NA,INBO__8__Heirnisse__NA
732,Heirnisse,8,Heirnisse,NA,INBO__8__Heirnisse__NA
733,Heirnisse,8,Heirnisse,NA,INBO__8__Heirnisse__NA
734,Heirnisse,8,Heirnisse,NA,INBO__8__Heirnisse__NA
735,Heirnisse,8,Heirnisse,NA,INBO__8__Heirnisse__NA
736,Heirnisse,8,Heirnisse,NA,INBO__8__Heirnisse__NA
737,Heirnisse,8,Heirnisse,NA,INBO__8__Heirnisse__NA
738,Heirnisse,8,Heirnisse,NA,INBO__8__Heirnisse__NA
739,Heirnisse,8,Heirnisse,NA,INBO__8__Heirnisse__NA
740,Heirnisse,8,Heirnisse,NA,INBO__8__Heirnisse__NA
741,Heirnisse,8,Heirnisse,NA,INBO__8__Heirnisse__NA
742,Heirnisse,8,Heirnisse,NA,INBO__8__Heirnisse__NA
743,Heirnisse,8,Heirnisse,NA,INBO__8__Heirnisse__NA
744,Heirnisse,8,Heirnisse,NA,INBO__8__Heirnisse__NA
745,Heirnisse,8,Heirnisse,NA,INBO__8__Heirnisse__NA
746,Heirnisse,8,Heirnisse,NA,INBO__8__Heirnisse__NA
747,Heirnisse,8,Heirnisse,NA,INBO__8__Heirnisse__NA
748,Heirnisse,8,Heirnisse,NA,INBO__8__Heirnisse__NA
749,Heirnisse,8,Heirnisse,NA,INBO__8__Heirnisse__NA
750,Heirnisse,8,Heirnisse,NA,INBO__8__Heirnisse__NA
751,Heirnisse,8,Heirnisse,NA,INBO__8__Heirnisse__NA
752,Heirnisse,8,Heirnisse,NA,INBO__8__Heirnisse__NA
753,Heirnisse,8,Heirnisse,NA,INBO__8__Heirnisse__NA
754,Heirnisse,8,Heirnisse,NA,INBO__8__Heirnisse__NA
755,Heirnisse,8,Heirnisse,NA,INBO__8__Heirnisse__NA
756,Heirnisse,8,Heirnisse,NA,INBO__8__Heirnisse__NA
757,Heirnisse,8,Heirnisse,NA,INBO__8__Heirnisse__NA
758,Heirnisse,8,Heirnisse,NA,INBO__8__Heirnisse__NA
759,Heirnisse,8,Heirnisse,NA,INBO__8__Heirnisse__NA
760,Heirnisse,8,Heirnisse,NA,INBO__8__Heirnisse__NA
761,Heirnisse,8,Heirnisse,NA,INBO__8__Heirnisse__NA
762,Heirnisse,8,Heirnisse,NA,INBO__8__Heirnisse__NA
763,Heirnisse,8,Heirnisse,NA,INBO__8__Heirnisse__NA
764,Heirnisse,8,Heirnisse,NA,INBO__8__Heirnisse__NA
765,Heirnisse,8,Heirnisse,NA,INBO__8__Heirnisse__NA
766,Heirnisse,8,Heirnisse,NA,INBO__8__Heirnisse__NA
767,Heirnisse,8,Heirnisse,NA,INBO__8__Heirnisse__NA
768,Heirnisse,8,Heirnisse,NA,INBO__8__Heirnisse__NA
801,Jansheideberg,9,Jansheideberg,NA,INBO__9__Jansheideberg__NA
802,Jansheideberg,9,Jansheideberg,NA,INBO__9__Jansheideberg__NA
803,Jansheideberg,9,Jansheideberg,NA,INBO__9__Jansheideberg__NA
804,Jansheideberg,9,Jansheideberg,NA,INBO__9__Jansheideberg__NA
805,Jansheideberg,9,Jansheideberg,NA,INBO__9__Jansheideberg__NA
806,Jansheideberg,9,Jansheideberg,NA,INBO__9__Jansheideberg__NA
807,Jansheideberg,9,Jansheideberg,NA,INBO__9__Jansheideberg__NA
808,Jansheideberg,9,Jansheideberg,NA,INBO__9__Jansheideberg__NA
809,Jansheideberg,9,Jansheideberg,NA,INBO__9__Jansheideberg__NA
810,Jansheideberg,9,Jansheideberg,NA,INBO__9__Jansheideberg__NA
811,Jansheideberg,9,Jansheideberg,NA,INBO__9__Jansheideberg__NA
812,Jansheideberg,9,Jansheideberg,NA,INBO__9__Jansheideberg__NA
813,Jansheideberg,9,Jansheideberg,NA,INBO__9__Jansheideberg__NA
814,Jansheideberg,9,Jansheideberg,NA,INBO__9__Jansheideberg__NA
815,Jansheideberg,9,Jansheideberg,NA,INBO__9__Jansheideberg__NA
816,Jansheideberg,9,Jansheideberg,NA,INBO__9__Jansheideberg__NA
817,Jansheideberg,9,Jansheideberg,NA,INBO__9__Jansheideberg__NA
818,Jansheideberg,9,Jansheideberg,NA,INBO__9__Jansheideberg__NA
819,Jansheideberg,9,Jansheideberg,NA,INBO__9__Jansheideberg__NA
820,Jansheideberg,9,Jansheideberg,NA,INBO__9__Jansheideberg__NA
821,Jansheideberg,9,Jansheideberg,NA,INBO__9__Jansheideberg__NA
822,Jansheideberg,9,Jansheideberg,NA,INBO__9__Jansheideberg__NA
823,Jansheideberg,9,Jansheideberg,NA,INBO__9__Jansheideberg__NA
824,Jansheideberg,9,Jansheideberg,NA,INBO__9__Jansheideberg__NA
825,Jansheideberg,9,Jansheideberg,NA,INBO__9__Jansheideberg__NA
826,Jansheideberg,9,Jansheideberg,NA,INBO__9__Jansheideberg__NA
827,Jansheideberg,9,Jansheideberg,NA,INBO__9__Jansheideberg__NA
828,Jansheideberg,9,Jansheideberg,NA,INBO__9__Jansheideberg__NA
829,Jansheideberg,9,Jansheideberg,NA,INBO__9__Jansheideberg__NA
830,Jansheideberg,9,Jansheideberg,NA,INBO__9__Jansheideberg__NA
831,Jansheideberg,9,Jansheideberg,NA,INBO__9__Jansheideberg__NA
832,Jansheideberg,9,Jansheideberg,NA,INBO__9__Jansheideberg__NA
833,Jansheideberg,9,Jansheideberg,NA,INBO__9__Jansheideberg__NA
841,Bos Terrijst,11,Bos Terrijst,NA,INBO__11__Bos Terrijst__NA
842,Bos Terrijst,11,Bos Terrijst,NA,INBO__11__Bos Terrijst__NA
843,Bos Terrijst,11,Bos Terrijst,NA,INBO__11__Bos Terrijst__NA
844,Bos Terrijst,11,Bos Terrijst,NA,INBO__11__Bos Terrijst__NA
845,Bos Terrijst,11,Bos Terrijst,NA,INBO__11__Bos Terrijst__NA
846,Bos Terrijst,11,Bos Terrijst,NA,INBO__11__Bos Terrijst__NA
847,Bos Terrijst,11,Bos Terrijst,NA,INBO__11__Bos Terrijst__NA
848,Bos Terrijst,11,Bos Terrijst,NA,INBO__11__Bos Terrijst__NA
849,Bos Terrijst,11,Bos Terrijst,NA,INBO__11__Bos Terrijst__NA
850,Bos Terrijst,11,Bos Terrijst,NA,INBO__11__Bos Terrijst__NA
851,Bos Terrijst,11,Bos Terrijst,NA,INBO__11__Bos Terrijst__NA
852,Bos Terrijst,11,Bos Terrijst,NA,INBO__11__Bos Terrijst__NA
853,Bos Terrijst,11,Bos Terrijst,NA,INBO__11__Bos Terrijst__NA
854,Bos Terrijst,11,Bos Terrijst,NA,INBO__11__Bos Terrijst__NA
855,Bos Terrijst,11,Bos Terrijst,NA,INBO__11__Bos Terrijst__NA
856,Bos Terrijst,11,Bos Terrijst,NA,INBO__11__Bos Terrijst__NA
857,Bos Terrijst,11,Bos Terrijst,NA,INBO__11__Bos Terrijst__NA
858,Bos Terrijst,11,Bos Terrijst,NA,INBO__11__Bos Terrijst__NA
859,Bos Terrijst,11,Bos Terrijst,NA,INBO__11__Bos Terrijst__NA
860,Bos Terrijst,11,Bos Terrijst,NA,INBO__11__Bos Terrijst__NA
861,Bos Terrijst,11,Bos Terrijst,NA,INBO__11__Bos Terrijst__NA
862,Bos Terrijst,11,Bos Terrijst,NA,INBO__11__Bos Terrijst__NA
863,Bos Terrijst,11,Bos Terrijst,NA,INBO__11__Bos Terrijst__NA
864,Bos Terrijst,11,Bos Terrijst,NA,INBO__11__Bos Terrijst__NA
865,Bos Terrijst,11,Bos Terrijst,NA,INBO__11__Bos Terrijst__NA
866,Bos Terrijst,11,Bos Terrijst,NA,INBO__11__Bos Terrijst__NA
867,Bos Terrijst,11,Bos Terrijst,NA,INBO__11__Bos Terrijst__NA
868,Bos Terrijst,11,Bos Terrijst,NA,INBO__11__Bos Terrijst__NA
869,Bos Terrijst,11,Bos Terrijst,NA,INBO__11__Bos Terrijst__NA
870,Bos Terrijst,11,Bos Terrijst,NA,INBO__11__Bos Terrijst__NA
871,Bos Terrijst,11,Bos Terrijst,NA,INBO__11__Bos Terrijst__NA
872,Bos Terrijst,11,Bos Terrijst,NA,INBO__11__Bos Terrijst__NA
873,Bos Terrijst,11,Bos Terrijst,NA,INBO__11__Bos Terrijst__NA
874,Bos Terrijst,11,Bos Terrijst,NA,INBO__11__Bos Terrijst__NA
875,Bos Terrijst,11,Bos Terrijst,NA,INBO__11__Bos Terrijst__NA
876,Bos Terrijst,11,Bos Terrijst,NA,INBO__11__Bos Terrijst__NA
877,Bos Terrijst,11,Bos Terrijst,NA,INBO__11__Bos Terrijst__NA
878,Bos Terrijst,11,Bos Terrijst,NA,INBO__11__Bos Terrijst__NA
879,Bos Terrijst,11,Bos Terrijst,NA,INBO__11__Bos Terrijst__NA
880,Bos Terrijst,11,Bos Terrijst,NA,INBO__11__Bos Terrijst__NA
881,Bos Terrijst,11,Bos Terrijst,NA,INBO__11__Bos Terrijst__NA
882,Bos Terrijst,11,Bos Terrijst,NA,INBO__11__Bos Terrijst__NA
883,Bos Terrijst,11,Bos Terrijst,NA,INBO__11__Bos Terrijst__NA
884,Bos Terrijst,11,Bos Terrijst,NA,INBO__11__Bos Terrijst__NA
885,Bos Terrijst,11,Bos Terrijst,NA,INBO__11__Bos Terrijst__NA
886,Bos Terrijst,11,Bos Terrijst,NA,INBO__11__Bos Terrijst__NA
887,Bos Terrijst,11,Bos Terrijst,NA,INBO__11__Bos Terrijst__NA
888,Bos Terrijst,11,Bos Terrijst,NA,INBO__11__Bos Terrijst__NA
889,Bos Terrijst,11,Bos Terrijst,NA,INBO__11__Bos Terrijst__NA
890,Bos Terrijst,11,Bos Terrijst,NA,INBO__11__Bos Terrijst__NA
901,Pruikemakers,12,Pruikenmakers,NA,INBO__12__Pruikenmakers__NA
902,Pruikemakers,12,Pruikenmakers,NA,INBO__12__Pruikenmakers__NA
903,Pruikemakers,12,Pruikenmakers,NA,INBO__12__Pruikenmakers__NA
904,Pruikemakers,12,Pruikenmakers,NA,INBO__12__Pruikenmakers__NA
905,Pruikemakers,12,Pruikenmakers,NA,INBO__12__Pruikenmakers__NA
906,Pruikemakers,12,Pruikenmakers,NA,INBO__12__Pruikenmakers__NA
907,Pruikemakers,12,Pruikenmakers,NA,INBO__12__Pruikenmakers__NA
908,Pruikemakers,12,Pruikenmakers,NA,INBO__12__Pruikenmakers__NA
909,Pruikemakers,12,Pruikenmakers,NA,INBO__12__Pruikenmakers__NA
910,Pruikemakers,12,Pruikenmakers,NA,INBO__12__Pruikenmakers__NA
911,Pruikemakers,12,Pruikenmakers,NA,INBO__12__Pruikenmakers__NA
912,Pruikemakers,12,Pruikenmakers,NA,INBO__12__Pruikenmakers__NA
913,Pruikemakers,12,Pruikenmakers,NA,INBO__12__Pruikenmakers__NA
914,Pruikemakers,12,Pruikenmakers,NA,INBO__12__Pruikenmakers__NA
915,Pruikemakers,12,Pruikenmakers,NA,INBO__12__Pruikenmakers__NA
916,Pruikemakers,12,Pruikenmakers,NA,INBO__12__Pruikenmakers__NA
917,Pruikemakers,12,Pruikenmakers,NA,INBO__12__Pruikenmakers__NA
918,Pruikemakers,12,Pruikenmakers,NA,INBO__12__Pruikenmakers__NA
919,Pruikemakers,12,Pruikenmakers,NA,INBO__12__Pruikenmakers__NA
920,Pruikemakers,12,Pruikenmakers,NA,INBO__12__Pruikenmakers__NA
921,Pruikemakers,12,Pruikenmakers,NA,INBO__12__Pruikenmakers__NA
922,Pruikemakers,12,Pruikenmakers,NA,INBO__12__Pruikenmakers__NA
923,Pruikemakers,12,Pruikenmakers,NA,INBO__12__Pruikenmakers__NA
924,Pruikemakers,12,Pruikenmakers,NA,INBO__12__Pruikenmakers__NA
925,Pruikemakers,12,Pruikenmakers,NA,INBO__12__Pruikenmakers__NA
926,Pruikemakers,12,Pruikenmakers,NA,INBO__12__Pruikenmakers__NA
927,Pruikemakers,12,Pruikenmakers,NA,INBO__12__Pruikenmakers__NA
928,Pruikemakers,12,Pruikenmakers,NA,INBO__12__Pruikenmakers__NA
929,Pruikemakers,12,Pruikenmakers,NA,INBO__12__Pruikenmakers__NA
930,Pruikemakers,12,Pruikenmakers,NA,INBO__12__Pruikenmakers__NA
931,Pruikemakers,12,Pruikenmakers,NA,INBO__12__Pruikenmakers__NA
932,Pruikemakers,12,Pruikenmakers,NA,INBO__12__Pruikenmakers__NA
933,Pruikemakers,12,Pruikenmakers,NA,INBO__12__Pruikenmakers__NA
934,Pruikemakers,12,Pruikenmakers,NA,INBO__12__Pruikenmakers__NA
935,Pruikemakers,12,Pruikenmakers,NA,INBO__12__Pruikenmakers__NA
936,Pruikemakers,12,Pruikenmakers,NA,INBO__12__Pruikenmakers__NA
937,Pruikemakers,12,Pruikenmakers,NA,INBO__12__Pruikenmakers__NA
938,Pruikemakers,12,Pruikenmakers,NA,INBO__12__Pruikenmakers__NA
939,Pruikemakers,12,Pruikenmakers,NA,INBO__12__Pruikenmakers__NA
940,Pruikemakers,12,Pruikenmakers,NA,INBO__12__Pruikenmakers__NA
941,Pruikemakers,12,Pruikenmakers,NA,INBO__12__Pruikenmakers__NA
942,Pruikemakers,12,Pruikenmakers,NA,INBO__12__Pruikenmakers__NA
943,Pruikemakers,12,Pruikenmakers,NA,INBO__12__Pruikenmakers__NA
944,Pruikemakers,12,Pruikenmakers,NA,INBO__12__Pruikenmakers__NA
945,Pruikemakers,12,Pruikenmakers,NA,INBO__12__Pruikenmakers__NA
946,Pruikemakers,12,Pruikenmakers,NA,INBO__12__Pruikenmakers__NA
947,Pruikemakers,12,Pruikenmakers,NA,INBO__12__Pruikenmakers__NA
948,Pruikemakers,12,Pruikenmakers,NA,INBO__12__Pruikenmakers__NA
949,Pruikemakers,12,Pruikenmakers,NA,INBO__12__Pruikenmakers__NA
950,Pruikemakers,12,Pruikenmakers,NA,INBO__12__Pruikenmakers__NA
951,Pruikemakers,12,Pruikenmakers,NA,INBO__12__Pruikenmakers__NA
952,Pruikemakers,12,Pruikenmakers,NA,INBO__12__Pruikenmakers__NA
953,Pruikemakers,12,Pruikenmakers,NA,INBO__12__Pruikenmakers__NA
954,Pruikemakers,12,Pruikenmakers,NA,INBO__12__Pruikenmakers__NA
955,Pruikemakers,12,Pruikenmakers,NA,INBO__12__Pruikenmakers__NA
956,Pruikemakers,12,Pruikenmakers,NA,INBO__12__Pruikenmakers__NA
957,Pruikemakers,12,Pruikenmakers,NA,INBO__12__Pruikenmakers__NA
958,Pruikemakers,12,Pruikenmakers,NA,INBO__12__Pruikenmakers__NA
959,Pruikemakers,12,Pruikenmakers,NA,INBO__12__Pruikenmakers__NA
960,Pruikemakers,12,Pruikenmakers,NA,INBO__12__Pruikenmakers__NA
961,Pruikemakers,12,Pruikenmakers,NA,INBO__12__Pruikenmakers__NA
962,Pruikemakers,12,Pruikenmakers,NA,INBO__12__Pruikenmakers__NA
963,Pruikemakers,12,Pruikenmakers,NA,INBO__12__Pruikenmakers__NA
964,Pruikemakers,12,Pruikenmakers,NA,INBO__12__Pruikenmakers__NA
965,Pruikemakers,12,Pruikenmakers,NA,INBO__12__Pruikenmakers__NA
966,Pruikemakers,12,Pruikenmakers,NA,INBO__12__Pruikenmakers__NA
1003,Liedekerke,13,Liedekerke,NA,INBO__13__Liedekerke__NA
1004,Liedekerke,13,Liedekerke,NA,INBO__13__Liedekerke__NA
1005,Liedekerke,13,Liedekerke,NA,INBO__13__Liedekerke__NA
1008,Liedekerke,13,Liedekerke,NA,INBO__13__Liedekerke__NA
1009,Liedekerke,13,Liedekerke,NA,INBO__13__Liedekerke__NA
1011,Liedekerke,13,Liedekerke,NA,INBO__13__Liedekerke__NA
1018,Liedekerke,13,Liedekerke,NA,INBO__13__Liedekerke__NA
1019,Liedekerke,13,Liedekerke,NA,INBO__13__Liedekerke__NA
1022,Liedekerke,13,Liedekerke,NA,INBO__13__Liedekerke__NA
1023,Liedekerke,13,Liedekerke,NA,INBO__13__Liedekerke__NA
1024,Liedekerke,13,Liedekerke,NA,INBO__13__Liedekerke__NA
1026,Liedekerke,13,Liedekerke,NA,INBO__13__Liedekerke__NA
1027,Liedekerke,13,Liedekerke,NA,INBO__13__Liedekerke__NA
1028,Liedekerke,13,Liedekerke,NA,INBO__13__Liedekerke__NA
1029,Liedekerke,13,Liedekerke,NA,INBO__13__Liedekerke__NA
1032,Liedekerke,13,Liedekerke,NA,INBO__13__Liedekerke__NA
1035,Liedekerke,13,Liedekerke,NA,INBO__13__Liedekerke__NA
1037,Liedekerke,13,Liedekerke,NA,INBO__13__Liedekerke__NA
1041,Liedekerke,13,Liedekerke,NA,INBO__13__Liedekerke__NA
1044,Liedekerke,13,Liedekerke,NA,INBO__13__Liedekerke__NA
1046,Liedekerke,13,Liedekerke,NA,INBO__13__Liedekerke__NA
1051,Liedekerke,13,Liedekerke,NA,INBO__13__Liedekerke__NA
1052,Liedekerke,13,Liedekerke,NA,INBO__13__Liedekerke__NA
1053,Liedekerke,13,Liedekerke,NA,INBO__13__Liedekerke__NA
1058,Liedekerke,13,Liedekerke,NA,INBO__13__Liedekerke__NA
1059,Liedekerke,13,Liedekerke,NA,INBO__13__Liedekerke__NA
1060,Liedekerke,13,Liedekerke,NA,INBO__13__Liedekerke__NA
1062,Liedekerke,13,Liedekerke,NA,INBO__13__Liedekerke__NA
1063,Liedekerke,13,Liedekerke,NA,INBO__13__Liedekerke__NA
1065,Liedekerke,13,Liedekerke,NA,INBO__13__Liedekerke__NA
1101,Sevendonck,14,Sevendonk,Alnion,INBO__14__Sevendonk__Alnion
1102,Sevendonck,14,Sevendonk,Alnion,INBO__14__Sevendonk__Alnion
1103,Sevendonck,14,Sevendonk,Quercion,INBO__14__Sevendonk__Quercion
1104,Sevendonck,14,Sevendonk,Quercion,INBO__14__Sevendonk__Quercion
1105,Sevendonck,14,Sevendonk,Quercion,INBO__14__Sevendonk__Quercion
1106,Sevendonck,14,Sevendonk,Quercion,INBO__14__Sevendonk__Quercion
1107,Sevendonck,14,Sevendonk,Quercion,INBO__14__Sevendonk__Quercion
1108,Sevendonck,14,Sevendonk,Alnion,INBO__14__Sevendonk__Alnion
1109,Sevendonck,14,Sevendonk,Quercion,INBO__14__Sevendonk__Quercion
1110,Sevendonck,14,Sevendonk,Alnion,INBO__14__Sevendonk__Alnion
1111,Sevendonck,14,Sevendonk,Alnion,INBO__14__Sevendonk__Alnion
1112,Sevendonck,14,Sevendonk,Alnion,INBO__14__Sevendonk__Alnion
1113,Sevendonck,14,Sevendonk,Alnion,INBO__14__Sevendonk__Alnion
1114,Sevendonck,14,Sevendonk,Alnion,INBO__14__Sevendonk__Alnion
1115,Sevendonck,14,Sevendonk,Alnion,INBO__14__Sevendonk__Alnion
1116,Sevendonck,14,Sevendonk,Alnion,INBO__14__Sevendonk__Alnion
1117,Sevendonck,14,Sevendonk,Alnion,INBO__14__Sevendonk__Alnion
1118,Sevendonck,14,Sevendonk,Alnion,INBO__14__Sevendonk__Alnion
1119,Sevendonck,14,Sevendonk,Alnion,INBO__14__Sevendonk__Alnion
1120,Sevendonck,14,Sevendonk,Alnion,INBO__14__Sevendonk__Alnion
1121,Sevendonck,14,Sevendonk,Alnion,INBO__14__Sevendonk__Alnion
1122,Sevendonck,14,Sevendonk,Alnion,INBO__14__Sevendonk__Alnion
1123,Sevendonck,14,Sevendonk,Alnion,INBO__14__Sevendonk__Alnion
1124,Sevendonck,14,Sevendonk,Alnion,INBO__14__Sevendonk__Alnion
1125,Sevendonck,14,Sevendonk,Alnion,INBO__14__Sevendonk__Alnion
1126,Sevendonck,14,Sevendonk,Alnion,INBO__14__Sevendonk__Alnion
1127,Sevendonck,14,Sevendonk,Alnion,INBO__14__Sevendonk__Alnion
1128,Sevendonck,14,Sevendonk,Alnion,INBO__14__Sevendonk__Alnion
1129,Sevendonck,14,Sevendonk,Alnion,INBO__14__Sevendonk__Alnion
1130,Sevendonck,14,Sevendonk,Alnion,INBO__14__Sevendonk__Alnion
1131,Sevendonck,14,Sevendonk,Alnion,INBO__14__Sevendonk__Alnion
1132,Sevendonck,14,Sevendonk,Quercion,INBO__14__Sevendonk__Quercion
1133,Sevendonck,14,Sevendonk,Quercion,INBO__14__Sevendonk__Quercion
1134,Sevendonck,14,Sevendonk,Quercion,INBO__14__Sevendonk__Quercion
1135,Sevendonck,14,Sevendonk,Quercion,INBO__14__Sevendonk__Quercion
1136,Sevendonck,14,Sevendonk,Alnion,INBO__14__Sevendonk__Alnion
1138,Sevendonck,14,Sevendonk,Quercion,INBO__14__Sevendonk__Quercion
1139,Sevendonck,14,Sevendonk,Quercion,INBO__14__Sevendonk__Quercion
1141,Sevendonck,14,Sevendonk,Quercion,INBO__14__Sevendonk__Quercion
1142,Sevendonck,14,Sevendonk,Quercion,INBO__14__Sevendonk__Quercion
1143,Sevendonck,14,Sevendonk,Quercion,INBO__14__Sevendonk__Quercion
1144,Sevendonck,14,Sevendonk,Quercion,INBO__14__Sevendonk__Quercion
1145,Sevendonck,14,Sevendonk,Quercion,INBO__14__Sevendonk__Quercion
1146,Sevendonck,14,Sevendonk,Quercion,INBO__14__Sevendonk__Quercion
1147,Sevendonck,14,Sevendonk,Quercion,INBO__14__Sevendonk__Quercion
1148,Sevendonck,14,Sevendonk,Quercion,INBO__14__Sevendonk__Quercion
1149,Sevendonck,14,Sevendonk,Quercion,INBO__14__Sevendonk__Quercion
1150,Sevendonck,14,Sevendonk,Quercion,INBO__14__Sevendonk__Quercion
1151,Sevendonck,14,Sevendonk,Quercion,INBO__14__Sevendonk__Quercion
1152,Sevendonck,14,Sevendonk,Quercion,INBO__14__Sevendonk__Quercion
1153,Sevendonck,14,Sevendonk,Quercion,INBO__14__Sevendonk__Quercion
1154,Sevendonck,14,Sevendonk,Quercion,INBO__14__Sevendonk__Quercion
1155,Sevendonck,14,Sevendonk,Quercion,INBO__14__Sevendonk__Quercion
1156,Sevendonck,14,Sevendonk,Quercion,INBO__14__Sevendonk__Quercion
1157,Sevendonck,14,Sevendonk,Quercion,INBO__14__Sevendonk__Quercion
1158,Sevendonck,14,Sevendonk,Quercion,INBO__14__Sevendonk__Quercion
1159,Sevendonck,14,Sevendonk,Quercion,INBO__14__Sevendonk__Quercion
1160,Sevendonck,14,Sevendonk,Quercion,INBO__14__Sevendonk__Quercion
1161,Sevendonck,14,Sevendonk,Quercion,INBO__14__Sevendonk__Quercion
1162,Sevendonck,14,Sevendonk,Quercion,INBO__14__Sevendonk__Quercion
1163,Sevendonck,14,Sevendonk,Quercion,INBO__14__Sevendonk__Quercion
1164,Sevendonck,14,Sevendonk,Quercion,INBO__14__Sevendonk__Quercion
1165,Sevendonck,14,Sevendonk,Alnion,INBO__14__Sevendonk__Alnion
1166,Sevendonck,14,Sevendonk,Alnion,INBO__14__Sevendonk__Alnion
1167,Sevendonck,14,Sevendonk,Alnion,INBO__14__Sevendonk__Alnion
1168,Sevendonck,14,Sevendonk,Alnion,INBO__14__Sevendonk__Alnion
1169,Sevendonck,14,Sevendonk,Alnion,INBO__14__Sevendonk__Alnion
1170,Sevendonck,14,Sevendonk,Alnion,INBO__14__Sevendonk__Alnion
1171,Sevendonck,14,Sevendonk,Alnion,INBO__14__Sevendonk__Alnion
1172,Sevendonck,14,Sevendonk,Alnion,INBO__14__Sevendonk__Alnion
1173,Sevendonck,14,Sevendonk,Alnion,INBO__14__Sevendonk__Alnion
1174,Sevendonck,14,Sevendonk,Alnion,INBO__14__Sevendonk__Alnion
1175,Sevendonck,14,Sevendonk,Alnion,INBO__14__Sevendonk__Alnion
1176,Sevendonck,14,Sevendonk,Alnion,INBO__14__Sevendonk__Alnion
1177,Sevendonck,14,Sevendonk,Alnion,INBO__14__Sevendonk__Alnion
1178,Sevendonck,14,Sevendonk,Alnion,INBO__14__Sevendonk__Alnion
1201,Muizenbos,15,Muizenbos,NA,INBO__15__Muizenbos__NA
1202,Muizenbos,15,Muizenbos,NA,INBO__15__Muizenbos__NA
1203,Muizenbos,15,Muizenbos,NA,INBO__15__Muizenbos__NA
1204,Muizenbos,15,Muizenbos,NA,INBO__15__Muizenbos__NA
1205,Muizenbos,15,Muizenbos,NA,INBO__15__Muizenbos__NA
1206,Muizenbos,15,Muizenbos,NA,INBO__15__Muizenbos__NA
1207,Muizenbos,15,Muizenbos,NA,INBO__15__Muizenbos__NA
1208,Muizenbos,15,Muizenbos,NA,INBO__15__Muizenbos__NA
1209,Muizenbos,15,Muizenbos,NA,INBO__15__Muizenbos__NA
1210,Muizenbos,15,Muizenbos,NA,INBO__15__Muizenbos__NA
1211,Muizenbos,15,Muizenbos,NA,INBO__15__Muizenbos__NA
1212,Muizenbos,15,Muizenbos,NA,INBO__15__Muizenbos__NA
1213,Muizenbos,15,Muizenbos,NA,INBO__15__Muizenbos__NA
1214,Muizenbos,15,Muizenbos,NA,INBO__15__Muizenbos__NA
1215,Muizenbos,15,Muizenbos,NA,INBO__15__Muizenbos__NA
1216,Muizenbos,15,Muizenbos,NA,INBO__15__Muizenbos__NA
1217,Muizenbos,15,Muizenbos,NA,INBO__15__Muizenbos__NA
1218,Muizenbos,15,Muizenbos,NA,INBO__15__Muizenbos__NA
1219,Muizenbos,15,Muizenbos,NA,INBO__15__Muizenbos__NA
1220,Muizenbos,15,Muizenbos,NA,INBO__15__Muizenbos__NA
1221,Muizenbos,15,Muizenbos,NA,INBO__15__Muizenbos__NA
1222,Muizenbos,15,Muizenbos,NA,INBO__15__Muizenbos__NA
1223,Muizenbos,15,Muizenbos,NA,INBO__15__Muizenbos__NA
1224,Muizenbos,15,Muizenbos,NA,INBO__15__Muizenbos__NA
1225,Muizenbos,15,Muizenbos,NA,INBO__15__Muizenbos__NA
1226,Muizenbos,15,Muizenbos,NA,INBO__15__Muizenbos__NA
1227,Muizenbos,15,Muizenbos,NA,INBO__15__Muizenbos__NA
1228,Muizenbos,15,Muizenbos,NA,INBO__15__Muizenbos__NA
1229,Muizenbos,15,Muizenbos,NA,INBO__15__Muizenbos__NA
1230,Muizenbos,15,Muizenbos,NA,INBO__15__Muizenbos__NA
1231,Muizenbos,15,Muizenbos,NA,INBO__15__Muizenbos__NA
1232,Muizenbos,15,Muizenbos,NA,INBO__15__Muizenbos__NA
1233,Muizenbos,15,Muizenbos,NA,INBO__15__Muizenbos__NA
1234,Muizenbos,15,Muizenbos,NA,INBO__15__Muizenbos__NA
1235,Muizenbos,15,Muizenbos,NA,INBO__15__Muizenbos__NA
1236,Muizenbos,15,Muizenbos,NA,INBO__15__Muizenbos__NA
1237,Muizenbos,15,Muizenbos,NA,INBO__15__Muizenbos__NA
1238,Muizenbos,15,Muizenbos,NA,INBO__15__Muizenbos__NA
1239,Muizenbos,15,Muizenbos,NA,INBO__15__Muizenbos__NA
1240,Muizenbos,15,Muizenbos,NA,INBO__15__Muizenbos__NA
1241,Muizenbos,15,Muizenbos,NA,INBO__15__Muizenbos__NA
1242,Muizenbos,15,Muizenbos,NA,INBO__15__Muizenbos__NA
1243,Muizenbos,15,Muizenbos,NA,INBO__15__Muizenbos__NA
1244,Muizenbos,15,Muizenbos,NA,INBO__15__Muizenbos__NA
1245,Muizenbos,15,Muizenbos,NA,INBO__15__Muizenbos__NA
1246,Muizenbos,15,Muizenbos,NA,INBO__15__Muizenbos__NA
1301,Ename,16,Ename,NA,INBO__16__Ename__NA
1304,Ename,16,Ename,NA,INBO__16__Ename__NA
1305,Ename,16,Ename,NA,INBO__16__Ename__NA
1306,Ename,16,Ename,NA,INBO__16__Ename__NA
1308,Ename,16,Ename,NA,INBO__16__Ename__NA
1309,Ename,16,Ename,NA,INBO__16__Ename__NA
1310,Ename,16,Ename,NA,INBO__16__Ename__NA
1324,Ename,16,Ename,NA,INBO__16__Ename__NA
1328,Ename,16,Ename,NA,INBO__16__Ename__NA
1343,Ename,16,Ename,NA,INBO__16__Ename__NA
1344,Ename,16,Ename,NA,INBO__16__Ename__NA
1346,Ename,16,Ename,NA,INBO__16__Ename__NA
1347,Ename,16,Ename,NA,INBO__16__Ename__NA
1352,Ename,16,Ename,NA,INBO__16__Ename__NA
1353,Ename,16,Ename,NA,INBO__16__Ename__NA
1356,Ename,16,Ename,NA,INBO__16__Ename__NA
1357,Ename,16,Ename,NA,INBO__16__Ename__NA
1358,Ename,16,Ename,NA,INBO__16__Ename__NA
1503,Kluisbos,17,Kluisbos,NA,INBO__17__Kluisbos__NA
1507,Kluisbos,17,Kluisbos,NA,INBO__17__Kluisbos__NA
1509,Kluisbos,17,Kluisbos,NA,INBO__17__Kluisbos__NA
1510,Kluisbos,17,Kluisbos,NA,INBO__17__Kluisbos__NA
1511,Kluisbos,17,Kluisbos,NA,INBO__17__Kluisbos__NA
1512,Kluisbos,17,Kluisbos,NA,INBO__17__Kluisbos__NA
1513,Kluisbos,17,Kluisbos,NA,INBO__17__Kluisbos__NA
1514,Kluisbos,17,Kluisbos,NA,INBO__17__Kluisbos__NA
1515,Kluisbos,17,Kluisbos,NA,INBO__17__Kluisbos__NA
1516,Kluisbos,17,Kluisbos,NA,INBO__17__Kluisbos__NA
1517,Kluisbos,17,Kluisbos,NA,INBO__17__Kluisbos__NA
1518,Kluisbos,17,Kluisbos,NA,INBO__17__Kluisbos__NA
1519,Kluisbos,17,Kluisbos,NA,INBO__17__Kluisbos__NA
1520,Kluisbos,17,Kluisbos,NA,INBO__17__Kluisbos__NA
1521,Kluisbos,17,Kluisbos,NA,INBO__17__Kluisbos__NA
1522,Kluisbos,17,Kluisbos,NA,INBO__17__Kluisbos__NA
1523,Kluisbos,17,Kluisbos,NA,INBO__17__Kluisbos__NA
1524,Kluisbos,17,Kluisbos,NA,INBO__17__Kluisbos__NA
1525,Kluisbos,17,Kluisbos,NA,INBO__17__Kluisbos__NA
1526,Kluisbos,17,Kluisbos,NA,INBO__17__Kluisbos__NA
1527,Kluisbos,17,Kluisbos,NA,INBO__17__Kluisbos__NA
1528,Kluisbos,17,Kluisbos,NA,INBO__17__Kluisbos__NA
1529,Kluisbos,17,Kluisbos,NA,INBO__17__Kluisbos__NA
1530,Kluisbos,17,Kluisbos,NA,INBO__17__Kluisbos__NA
1531,Kluisbos,17,Kluisbos,NA,INBO__17__Kluisbos__NA
1532,Kluisbos,17,Kluisbos,NA,INBO__17__Kluisbos__NA
1533,Kluisbos,17,Kluisbos,NA,INBO__17__Kluisbos__NA
1534,Kluisbos,17,Kluisbos,NA,INBO__17__Kluisbos__NA
1535,Kluisbos,17,Kluisbos,NA,INBO__17__Kluisbos__NA
1536,Kluisbos,17,Kluisbos,NA,INBO__17__Kluisbos__NA
1537,Kluisbos,17,Kluisbos,NA,INBO__17__Kluisbos__NA
1538,Kluisbos,17,Kluisbos,NA,INBO__17__Kluisbos__NA
1539,Kluisbos,17,Kluisbos,NA,INBO__17__Kluisbos__NA
1540,Kluisbos,17,Kluisbos,NA,INBO__17__Kluisbos__NA
1541,Kluisbos,17,Kluisbos,NA,INBO__17__Kluisbos__NA
1542,Kluisbos,17,Kluisbos,NA,INBO__17__Kluisbos__NA
1543,Kluisbos,17,Kluisbos,NA,INBO__17__Kluisbos__NA
1544,Kluisbos,17,Kluisbos,NA,INBO__17__Kluisbos__NA
1545,Kluisbos,17,Kluisbos,NA,INBO__17__Kluisbos__NA
1546,Kluisbos,17,Kluisbos,NA,INBO__17__Kluisbos__NA
1547,Kluisbos,17,Kluisbos,NA,INBO__17__Kluisbos__NA
1548,Kluisbos,17,Kluisbos,NA,INBO__17__Kluisbos__NA
1549,Kluisbos,17,Kluisbos,NA,INBO__17__Kluisbos__NA
1550,Kluisbos,17,Kluisbos,NA,INBO__17__Kluisbos__NA
1551,Kluisbos,17,Kluisbos,NA,INBO__17__Kluisbos__NA
1552,Kluisbos,17,Kluisbos,NA,INBO__17__Kluisbos__NA
1553,Kluisbos,17,Kluisbos,NA,INBO__17__Kluisbos__NA
1554,Kluisbos,17,Kluisbos,NA,INBO__17__Kluisbos__NA
1555,Kluisbos,17,Kluisbos,NA,INBO__17__Kluisbos__NA
1556,Kluisbos,17,Kluisbos,NA,INBO__17__Kluisbos__NA
1557,Kluisbos,17,Kluisbos,NA,INBO__17__Kluisbos__NA
1558,Kluisbos,17,Kluisbos,NA,INBO__17__Kluisbos__NA
1559,Kluisbos,17,Kluisbos,NA,INBO__17__Kluisbos__NA
1560,Kluisbos,17,Kluisbos,NA,INBO__17__Kluisbos__NA
1561,Kluisbos,17,Kluisbos,NA,INBO__17__Kluisbos__NA
1562,Kluisbos,17,Kluisbos,NA,INBO__17__Kluisbos__NA
1563,Kluisbos,17,Kluisbos,NA,INBO__17__Kluisbos__NA
1564,Kluisbos,17,Kluisbos,NA,INBO__17__Kluisbos__NA
1565,Kluisbos,17,Kluisbos,NA,INBO__17__Kluisbos__NA
1566,Kluisbos,17,Kluisbos,NA,INBO__17__Kluisbos__NA
1567,Kluisbos,17,Kluisbos,NA,INBO__17__Kluisbos__NA
1568,Kluisbos,17,Kluisbos,NA,INBO__17__Kluisbos__NA
1569,Kluisbos,17,Kluisbos,NA,INBO__17__Kluisbos__NA
1570,Kluisbos,17,Kluisbos,NA,INBO__17__Kluisbos__NA
1571,Kluisbos,17,Kluisbos,NA,INBO__17__Kluisbos__NA
1572,Kluisbos,17,Kluisbos,NA,INBO__17__Kluisbos__NA
1573,Kluisbos,17,Kluisbos,NA,INBO__17__Kluisbos__NA
1701,Kolmont,18,Kolmont,NA,INBO__18__Kolmont__NA
1702,Kolmont,18,Kolmont,NA,INBO__18__Kolmont__NA
1703,Kolmont,18,Kolmont,NA,INBO__18__Kolmont__NA
1704,Kolmont,18,Kolmont,NA,INBO__18__Kolmont__NA
1705,Kolmont,18,Kolmont,NA,INBO__18__Kolmont__NA
1706,Kolmont,18,Kolmont,NA,INBO__18__Kolmont__NA
1707,Kolmont,18,Kolmont,NA,INBO__18__Kolmont__NA
1708,Kolmont,18,Kolmont,NA,INBO__18__Kolmont__NA
1709,Kolmont,18,Kolmont,NA,INBO__18__Kolmont__NA
1710,Kolmont,18,Kolmont,NA,INBO__18__Kolmont__NA
1711,Kolmont,18,Kolmont,NA,INBO__18__Kolmont__NA
1712,Kolmont,18,Kolmont,NA,INBO__18__Kolmont__NA
1713,Kolmont,18,Kolmont,NA,INBO__18__Kolmont__NA
1714,Kolmont,18,Kolmont,NA,INBO__18__Kolmont__NA
1715,Kolmont,18,Kolmont,NA,INBO__18__Kolmont__NA
1716,Kolmont,18,Kolmont,NA,INBO__18__Kolmont__NA
1717,Kolmont,18,Kolmont,NA,INBO__18__Kolmont__NA
1718,Kolmont,18,Kolmont,NA,INBO__18__Kolmont__NA
1719,Kolmont,18,Kolmont,NA,INBO__18__Kolmont__NA
1720,Kolmont,18,Kolmont,NA,INBO__18__Kolmont__NA
1721,Kolmont,18,Kolmont,NA,INBO__18__Kolmont__NA
1722,Kolmont,18,Kolmont,NA,INBO__18__Kolmont__NA
1723,Kolmont,18,Kolmont,NA,INBO__18__Kolmont__NA
1724,Kolmont,18,Kolmont,NA,INBO__18__Kolmont__NA
1725,Kolmont,18,Kolmont,NA,INBO__18__Kolmont__NA
1726,Kolmont,18,Kolmont,NA,INBO__18__Kolmont__NA
1727,Kolmont,18,Kolmont,NA,INBO__18__Kolmont__NA
1728,Kolmont,18,Kolmont,NA,INBO__18__Kolmont__NA
1729,Kolmont,18,Kolmont,NA,INBO__18__Kolmont__NA
1730,Kolmont,18,Kolmont,NA,INBO__18__Kolmont__NA
1731,Kolmont,18,Kolmont,NA,INBO__18__Kolmont__NA
1732,Kolmont,18,Kolmont,NA,INBO__18__Kolmont__NA
2001,Zoniën UITBR_1995,1,Zonienwoud-Joseph Zwaenepoel reservaat,1stExtension,INBO__1__Zonienwoud-Joseph Zwaenepoel reservaat__1stExtension
2002,Zoniën UITBR_1995,1,Zonienwoud-Joseph Zwaenepoel reservaat,1stExtension,INBO__1__Zonienwoud-Joseph Zwaenepoel reservaat__1stExtension
2003,Zoniën UITBR_1995,1,Zonienwoud-Joseph Zwaenepoel reservaat,1stExtension,INBO__1__Zonienwoud-Joseph Zwaenepoel reservaat__1stExtension
2004,Zoniën UITBR_1995,1,Zonienwoud-Joseph Zwaenepoel reservaat,1stExtension,INBO__1__Zonienwoud-Joseph Zwaenepoel reservaat__1stExtension
2005,Zoniën UITBR_1995,1,Zonienwoud-Joseph Zwaenepoel reservaat,1stExtension,INBO__1__Zonienwoud-Joseph Zwaenepoel reservaat__1stExtension
2006,Zoniën UITBR_1995,1,Zonienwoud-Joseph Zwaenepoel reservaat,1stExtension,INBO__1__Zonienwoud-Joseph Zwaenepoel reservaat__1stExtension
2007,Zoniën UITBR_1995,1,Zonienwoud-Joseph Zwaenepoel reservaat,1stExtension,INBO__1__Zonienwoud-Joseph Zwaenepoel reservaat__1stExtension
2008,Zoniën UITBR_1995,1,Zonienwoud-Joseph Zwaenepoel reservaat,1stExtension,INBO__1__Zonienwoud-Joseph Zwaenepoel reservaat__1stExtension
2009,Zoniën UITBR_1995,1,Zonienwoud-Joseph Zwaenepoel reservaat,1stExtension,INBO__1__Zonienwoud-Joseph Zwaenepoel reservaat__1stExtension
2010,Zoniën UITBR_1995,1,Zonienwoud-Joseph Zwaenepoel reservaat,1stExtension,INBO__1__Zonienwoud-Joseph Zwaenepoel reservaat__1stExtension
2011,Zoniën UITBR_1995,1,Zonienwoud-Joseph Zwaenepoel reservaat,1stExtension,INBO__1__Zonienwoud-Joseph Zwaenepoel reservaat__1stExtension
2012,Zoniën UITBR_1995,1,Zonienwoud-Joseph Zwaenepoel reservaat,1stExtension,INBO__1__Zonienwoud-Joseph Zwaenepoel reservaat__1stExtension
2013,Zoniën UITBR_1995,1,Zonienwoud-Joseph Zwaenepoel reservaat,1stExtension,INBO__1__Zonienwoud-Joseph Zwaenepoel reservaat__1stExtension
2014,Zoniën KERN_1983,1,Zonienwoud-Joseph Zwaenepoel reservaat,OldCore,INBO__1__Zonienwoud-Joseph Zwaenepoel reservaat__OldCore
2015,Zoniën KERN_1983,1,Zonienwoud-Joseph Zwaenepoel reservaat,OldCore,INBO__1__Zonienwoud-Joseph Zwaenepoel reservaat__OldCore
2016,Zoniën UITBR_1995,1,Zonienwoud-Joseph Zwaenepoel reservaat,1stExtension,INBO__1__Zonienwoud-Joseph Zwaenepoel reservaat__1stExtension
2017,Zoniën UITBR_1995,1,Zonienwoud-Joseph Zwaenepoel reservaat,1stExtension,INBO__1__Zonienwoud-Joseph Zwaenepoel reservaat__1stExtension
2018,Zoniën UITBR_1995,1,Zonienwoud-Joseph Zwaenepoel reservaat,1stExtension,INBO__1__Zonienwoud-Joseph Zwaenepoel reservaat__1stExtension
2019,Zoniën UITBR_1995,1,Zonienwoud-Joseph Zwaenepoel reservaat,1stExtension,INBO__1__Zonienwoud-Joseph Zwaenepoel reservaat__1stExtension
2020,Zoniën UITBR_1995,1,Zonienwoud-Joseph Zwaenepoel reservaat,1stExtension,INBO__1__Zonienwoud-Joseph Zwaenepoel reservaat__1stExtension
2021,Zoniën UITBR_1995,1,Zonienwoud-Joseph Zwaenepoel reservaat,1stExtension,INBO__1__Zonienwoud-Joseph Zwaenepoel reservaat__1stExtension
2022,Zoniën UITBR_1995,1,Zonienwoud-Joseph Zwaenepoel reservaat,1stExtension,INBO__1__Zonienwoud-Joseph Zwaenepoel reservaat__1stExtension
2023,Zoniën UITBR_1995,1,Zonienwoud-Joseph Zwaenepoel reservaat,1stExtension,INBO__1__Zonienwoud-Joseph Zwaenepoel reservaat__1stExtension
2024,Zoniën UITBR_1995,1,Zonienwoud-Joseph Zwaenepoel reservaat,1stExtension,INBO__1__Zonienwoud-Joseph Zwaenepoel reservaat__1stExtension
2025,Zoniën UITBR_1995,1,Zonienwoud-Joseph Zwaenepoel reservaat,1stExtension,INBO__1__Zonienwoud-Joseph Zwaenepoel reservaat__1stExtension
2026,Zoniën UITBR_1995,1,Zonienwoud-Joseph Zwaenepoel reservaat,1stExtension,INBO__1__Zonienwoud-Joseph Zwaenepoel reservaat__1stExtension
2027,Zoniën UITBR_1995,1,Zonienwoud-Joseph Zwaenepoel reservaat,1stExtension,INBO__1__Zonienwoud-Joseph Zwaenepoel reservaat__1stExtension
2028,Zoniën UITBR_1995,1,Zonienwoud-Joseph Zwaenepoel reservaat,1stExtension,INBO__1__Zonienwoud-Joseph Zwaenepoel reservaat__1stExtension
2029,Zoniën UITBR_1995,1,Zonienwoud-Joseph Zwaenepoel reservaat,1stExtension,INBO__1__Zonienwoud-Joseph Zwaenepoel reservaat__1stExtension
2030,Zoniën UITBR_1995,1,Zonienwoud-Joseph Zwaenepoel reservaat,1stExtension,INBO__1__Zonienwoud-Joseph Zwaenepoel reservaat__1stExtension
2031,Zoniën UITBR_1995,1,Zonienwoud-Joseph Zwaenepoel reservaat,1stExtension,INBO__1__Zonienwoud-Joseph Zwaenepoel reservaat__1stExtension
2032,Zoniën UITBR_1995,1,Zonienwoud-Joseph Zwaenepoel reservaat,1stExtension,INBO__1__Zonienwoud-Joseph Zwaenepoel reservaat__1stExtension
2033,Zoniën UITBR_1995,1,Zonienwoud-Joseph Zwaenepoel reservaat,1stExtension,INBO__1__Zonienwoud-Joseph Zwaenepoel reservaat__1stExtension
2034,Zoniën UITBR_1995,1,Zonienwoud-Joseph Zwaenepoel reservaat,1stExtension,INBO__1__Zonienwoud-Joseph Zwaenepoel reservaat__1stExtension
2035,Zoniën UITBR_1995,1,Zonienwoud-Joseph Zwaenepoel reservaat,1stExtension,INBO__1__Zonienwoud-Joseph Zwaenepoel reservaat__1stExtension
2036,Zoniën UITBR_1995,1,Zonienwoud-Joseph Zwaenepoel reservaat,1stExtension,INBO__1__Zonienwoud-Joseph Zwaenepoel reservaat__1stExtension
2037,Zoniën UITBR_1995,1,Zonienwoud-Joseph Zwaenepoel reservaat,1stExtension,INBO__1__Zonienwoud-Joseph Zwaenepoel reservaat__1stExtension
2038,Zoniën UITBR_1995,1,Zonienwoud-Joseph Zwaenepoel reservaat,1stExtension,INBO__1__Zonienwoud-Joseph Zwaenepoel reservaat__1stExtension
2039,Zoniën UITBR_1995,1,Zonienwoud-Joseph Zwaenepoel reservaat,1stExtension,INBO__1__Zonienwoud-Joseph Zwaenepoel reservaat__1stExtension
2040,Zoniën UITBR_1995,1,Zonienwoud-Joseph Zwaenepoel reservaat,1stExtension,INBO__1__Zonienwoud-Joseph Zwaenepoel reservaat__1stExtension
2041,Zoniën UITBR_1995,1,Zonienwoud-Joseph Zwaenepoel reservaat,1stExtension,INBO__1__Zonienwoud-Joseph Zwaenepoel reservaat__1stExtension
2042,Zoniën UITBR_1995,1,Zonienwoud-Joseph Zwaenepoel reservaat,1stExtension,INBO__1__Zonienwoud-Joseph Zwaenepoel reservaat__1stExtension
2043,Zoniën UITBR_1995,1,Zonienwoud-Joseph Zwaenepoel reservaat,1stExtension,INBO__1__Zonienwoud-Joseph Zwaenepoel reservaat__1stExtension
2044,Zoniën UITBR_1995,1,Zonienwoud-Joseph Zwaenepoel reservaat,1stExtension,INBO__1__Zonienwoud-Joseph Zwaenepoel reservaat__1stExtension
2045,Zoniën KERN_1983,1,Zonienwoud-Joseph Zwaenepoel reservaat,OldCore,INBO__1__Zonienwoud-Joseph Zwaenepoel reservaat__OldCore
2046,Zoniën KERN_1983,1,Zonienwoud-Joseph Zwaenepoel reservaat,OldCore,INBO__1__Zonienwoud-Joseph Zwaenepoel reservaat__OldCore
2047,Zoniën KERN_1983,1,Zonienwoud-Joseph Zwaenepoel reservaat,OldCore,INBO__1__Zonienwoud-Joseph Zwaenepoel reservaat__OldCore
2048,Zoniën UITBR_1995,1,Zonienwoud-Joseph Zwaenepoel reservaat,1stExtension,INBO__1__Zonienwoud-Joseph Zwaenepoel reservaat__1stExtension
2049,Zoniën KERN_1983,1,Zonienwoud-Joseph Zwaenepoel reservaat,OldCore,INBO__1__Zonienwoud-Joseph Zwaenepoel reservaat__OldCore
2050,Zoniën KERN_1983,1,Zonienwoud-Joseph Zwaenepoel reservaat,OldCore,INBO__1__Zonienwoud-Joseph Zwaenepoel reservaat__OldCore
2051,Zoniën KERN_1983,1,Zonienwoud-Joseph Zwaenepoel reservaat,OldCore,INBO__1__Zonienwoud-Joseph Zwaenepoel reservaat__OldCore
2053,Zoniën KERN_1983,1,Zonienwoud-Joseph Zwaenepoel reservaat,OldCore,INBO__1__Zonienwoud-Joseph Zwaenepoel reservaat__OldCore
2054,Zoniën KERN_1983,1,Zonienwoud-Joseph Zwaenepoel reservaat,OldCore,INBO__1__Zonienwoud-Joseph Zwaenepoel reservaat__OldCore
2055,Zoniën KERN_1983,1,Zonienwoud-Joseph Zwaenepoel reservaat,OldCore,INBO__1__Zonienwoud-Joseph Zwaenepoel reservaat__OldCore
2056,Zoniën UITBR_1995,1,Zonienwoud-Joseph Zwaenepoel reservaat,1stExtension,INBO__1__Zonienwoud-Joseph Zwaenepoel reservaat__1stExtension
2057,Zoniën UITBR_1995,1,Zonienwoud-Joseph Zwaenepoel reservaat,1stExtension,INBO__1__Zonienwoud-Joseph Zwaenepoel reservaat__1stExtension
2058,Zoniën UITBR_1995,1,Zonienwoud-Joseph Zwaenepoel reservaat,1stExtension,INBO__1__Zonienwoud-Joseph Zwaenepoel reservaat__1stExtension
2059,Zoniën UITBR_1995,1,Zonienwoud-Joseph Zwaenepoel reservaat,1stExtension,INBO__1__Zonienwoud-Joseph Zwaenepoel reservaat__1stExtension
2060,Zoniën UITBR_1995,1,Zonienwoud-Joseph Zwaenepoel reservaat,1stExtension,INBO__1__Zonienwoud-Joseph Zwaenepoel reservaat__1stExtension
2061,Zoniën UITBR_1995,1,Zonienwoud-Joseph Zwaenepoel reservaat,1stExtension,INBO__1__Zonienwoud-Joseph Zwaenepoel reservaat__1stExtension
2062,Zoniën UITBR_1995,1,Zonienwoud-Joseph Zwaenepoel reservaat,1stExtension,INBO__1__Zonienwoud-Joseph Zwaenepoel reservaat__1stExtension
2063,Zoniën UITBR_1995,1,Zonienwoud-Joseph Zwaenepoel reservaat,1stExtension,INBO__1__Zonienwoud-Joseph Zwaenepoel reservaat__1stExtension
2064,Zoniën UITBR_1995,1,Zonienwoud-Joseph Zwaenepoel reservaat,1stExtension,INBO__1__Zonienwoud-Joseph Zwaenepoel reservaat__1stExtension
2065,Zoniën UITBR_1995,1,Zonienwoud-Joseph Zwaenepoel reservaat,1stExtension,INBO__1__Zonienwoud-Joseph Zwaenepoel reservaat__1stExtension
2101,Zoniën HARRAS_1995,1,Zonienwoud-Joseph Zwaenepoel reservaat,Haras,INBO__1__Zonienwoud-Joseph Zwaenepoel reservaat__Haras
2102,Zoniën HARRAS_1995,1,Zonienwoud-Joseph Zwaenepoel reservaat,Haras,INBO__1__Zonienwoud-Joseph Zwaenepoel reservaat__Haras
2103,Zoniën HARRAS_1995,1,Zonienwoud-Joseph Zwaenepoel reservaat,Haras,INBO__1__Zonienwoud-Joseph Zwaenepoel reservaat__Haras
2104,Zoniën HARRAS_1995,1,Zonienwoud-Joseph Zwaenepoel reservaat,Haras,INBO__1__Zonienwoud-Joseph Zwaenepoel reservaat__Haras
2105,Zoniën HARRAS_1995,1,Zonienwoud-Joseph Zwaenepoel reservaat,Haras,INBO__1__Zonienwoud-Joseph Zwaenepoel reservaat__Haras
2106,Zoniën HARRAS_1995,1,Zonienwoud-Joseph Zwaenepoel reservaat,Haras,INBO__1__Zonienwoud-Joseph Zwaenepoel reservaat__Haras
2107,Zoniën HARRAS_1995,1,Zonienwoud-Joseph Zwaenepoel reservaat,Haras,INBO__1__Zonienwoud-Joseph Zwaenepoel reservaat__Haras
2108,Zoniën HARRAS_1995,1,Zonienwoud-Joseph Zwaenepoel reservaat,Haras,INBO__1__Zonienwoud-Joseph Zwaenepoel reservaat__Haras
2109,Zoniën HARRAS_1995,1,Zonienwoud-Joseph Zwaenepoel reservaat,Haras,INBO__1__Zonienwoud-Joseph Zwaenepoel reservaat__Haras
2110,Zoniën HARRAS_1995,1,Zonienwoud-Joseph Zwaenepoel reservaat,Haras,INBO__1__Zonienwoud-Joseph Zwaenepoel reservaat__Haras
2111,Zoniën HARRAS_1995,1,Zonienwoud-Joseph Zwaenepoel reservaat,Haras,INBO__1__Zonienwoud-Joseph Zwaenepoel reservaat__Haras
2112,Zoniën HARRAS_1995,1,Zonienwoud-Joseph Zwaenepoel reservaat,Haras,INBO__1__Zonienwoud-Joseph Zwaenepoel reservaat__Haras
2113,Zoniën HARRAS_1995,1,Zonienwoud-Joseph Zwaenepoel reservaat,Haras,INBO__1__Zonienwoud-Joseph Zwaenepoel reservaat__Haras
2114,Zoniën UITBR_2010,1,Zonienwoud-Joseph Zwaenepoel reservaat,2ndExtension,INBO__1__Zonienwoud-Joseph Zwaenepoel reservaat__2ndExtension
2115,Zoniën UITBR_2010,1,Zonienwoud-Joseph Zwaenepoel reservaat,2ndExtension,INBO__1__Zonienwoud-Joseph Zwaenepoel reservaat__2ndExtension
2116,Zoniën UITBR_2010,1,Zonienwoud-Joseph Zwaenepoel reservaat,2ndExtension,INBO__1__Zonienwoud-Joseph Zwaenepoel reservaat__2ndExtension
2117,Zoniën UITBR_2010,1,Zonienwoud-Joseph Zwaenepoel reservaat,2ndExtension,INBO__1__Zonienwoud-Joseph Zwaenepoel reservaat__2ndExtension
2118,Zoniën HARRAS_1995,1,Zonienwoud-Joseph Zwaenepoel reservaat,Haras,INBO__1__Zonienwoud-Joseph Zwaenepoel reservaat__Haras
2119,Zoniën HARRAS_1995,1,Zonienwoud-Joseph Zwaenepoel reservaat,Haras,INBO__1__Zonienwoud-Joseph Zwaenepoel reservaat__Haras
2120,Zoniën HARRAS_1995,1,Zonienwoud-Joseph Zwaenepoel reservaat,Haras,INBO__1__Zonienwoud-Joseph Zwaenepoel reservaat__Haras
2121,Zoniën HARRAS_1995,1,Zonienwoud-Joseph Zwaenepoel reservaat,Haras,INBO__1__Zonienwoud-Joseph Zwaenepoel reservaat__Haras
2122,Zoniën UITBR_2010,1,Zonienwoud-Joseph Zwaenepoel reservaat,2ndExtension,INBO__1__Zonienwoud-Joseph Zwaenepoel reservaat__2ndExtension
2123,Zoniën UITBR_2010,1,Zonienwoud-Joseph Zwaenepoel reservaat,2ndExtension,INBO__1__Zonienwoud-Joseph Zwaenepoel reservaat__2ndExtension
2124,Zoniën UITBR_2010,1,Zonienwoud-Joseph Zwaenepoel reservaat,2ndExtension,INBO__1__Zonienwoud-Joseph Zwaenepoel reservaat__2ndExtension
2125,Zoniën UITBR_2010,1,Zonienwoud-Joseph Zwaenepoel reservaat,2ndExtension,INBO__1__Zonienwoud-Joseph Zwaenepoel reservaat__2ndExtension
2126,Zoniën UITBR_2010,1,Zonienwoud-Joseph Zwaenepoel reservaat,2ndExtension,INBO__1__Zonienwoud-Joseph Zwaenepoel reservaat__2ndExtension
2127,Zoniën HARRAS_1995,1,Zonienwoud-Joseph Zwaenepoel reservaat,Haras,INBO__1__Zonienwoud-Joseph Zwaenepoel reservaat__Haras
2128,Zoniën HARRAS_1995,1,Zonienwoud-Joseph Zwaenepoel reservaat,Haras,INBO__1__Zonienwoud-Joseph Zwaenepoel reservaat__Haras
2129,Zoniën HARRAS_1995,1,Zonienwoud-Joseph Zwaenepoel reservaat,Haras,INBO__1__Zonienwoud-Joseph Zwaenepoel reservaat__Haras
2130,Zoniën UITBR_2010,1,Zonienwoud-Joseph Zwaenepoel reservaat,2ndExtension,INBO__1__Zonienwoud-Joseph Zwaenepoel reservaat__2ndExtension
2131,Zoniën UITBR_2010,1,Zonienwoud-Joseph Zwaenepoel reservaat,2ndExtension,INBO__1__Zonienwoud-Joseph Zwaenepoel reservaat__2ndExtension
2132,Zoniën UITBR_2010,1,Zonienwoud-Joseph Zwaenepoel reservaat,2ndExtension,INBO__1__Zonienwoud-Joseph Zwaenepoel reservaat__2ndExtension
2133,Zoniën UITBR_2010,1,Zonienwoud-Joseph Zwaenepoel reservaat,2ndExtension,INBO__1__Zonienwoud-Joseph Zwaenepoel reservaat__2ndExtension
2134,Zoniën HARRAS_1995,1,Zonienwoud-Joseph Zwaenepoel reservaat,Haras,INBO__1__Zonienwoud-Joseph Zwaenepoel reservaat__Haras
2135,Zoniën HARRAS_1995,1,Zonienwoud-Joseph Zwaenepoel reservaat,Haras,INBO__1__Zonienwoud-Joseph Zwaenepoel reservaat__Haras
2136,Zoniën UITBR_2010,1,Zonienwoud-Joseph Zwaenepoel reservaat,2ndExtension,INBO__1__Zonienwoud-Joseph Zwaenepoel reservaat__2ndExtension
2137,Zoniën UITBR_2010,1,Zonienwoud-Joseph Zwaenepoel reservaat,2ndExtension,INBO__1__Zonienwoud-Joseph Zwaenepoel reservaat__2ndExtension
2138,Zoniën UITBR_2010,1,Zonienwoud-Joseph Zwaenepoel reservaat,2ndExtension,INBO__1__Zonienwoud-Joseph Zwaenepoel reservaat__2ndExtension
2139,Zoniën UITBR_2010,1,Zonienwoud-Joseph Zwaenepoel reservaat,2ndExtension,INBO__1__Zonienwoud-Joseph Zwaenepoel reservaat__2ndExtension
2140,Zoniën UITBR_2010,1,Zonienwoud-Joseph Zwaenepoel reservaat,2ndExtension,INBO__1__Zonienwoud-Joseph Zwaenepoel reservaat__2ndExtension
2141,Zoniën UITBR_2010,1,Zonienwoud-Joseph Zwaenepoel reservaat,2ndExtension,INBO__1__Zonienwoud-Joseph Zwaenepoel reservaat__2ndExtension
2142,Zoniën UITBR_2010,1,Zonienwoud-Joseph Zwaenepoel reservaat,2ndExtension,INBO__1__Zonienwoud-Joseph Zwaenepoel reservaat__2ndExtension
2143,Zoniën UITBR_2010,1,Zonienwoud-Joseph Zwaenepoel reservaat,2ndExtension,INBO__1__Zonienwoud-Joseph Zwaenepoel reservaat__2ndExtension
2144,Zoniën UITBR_2010,1,Zonienwoud-Joseph Zwaenepoel reservaat,2ndExtension,INBO__1__Zonienwoud-Joseph Zwaenepoel reservaat__2ndExtension
2145,Zoniën UITBR_2010,1,Zonienwoud-Joseph Zwaenepoel reservaat,2ndExtension,INBO__1__Zonienwoud-Joseph Zwaenepoel reservaat__2ndExtension
2146,Zoniën UITBR_2010,1,Zonienwoud-Joseph Zwaenepoel reservaat,2ndExtension,INBO__1__Zonienwoud-Joseph Zwaenepoel reservaat__2ndExtension
2147,Zoniën UITBR_2010,1,Zonienwoud-Joseph Zwaenepoel reservaat,2ndExtension,INBO__1__Zonienwoud-Joseph Zwaenepoel reservaat__2ndExtension
2148,Zoniën UITBR_2010,1,Zonienwoud-Joseph Zwaenepoel reservaat,2ndExtension,INBO__1__Zonienwoud-Joseph Zwaenepoel reservaat__2ndExtension
2149,Zoniën UITBR_2010,1,Zonienwoud-Joseph Zwaenepoel reservaat,2ndExtension,INBO__1__Zonienwoud-Joseph Zwaenepoel reservaat__2ndExtension
2150,Zoniën UITBR_2010,1,Zonienwoud-Joseph Zwaenepoel reservaat,2ndExtension,INBO__1__Zonienwoud-Joseph Zwaenepoel reservaat__2ndExtension
2151,Zoniën UITBR_2010,1,Zonienwoud-Joseph Zwaenepoel reservaat,2ndExtension,INBO__1__Zonienwoud-Joseph Zwaenepoel reservaat__2ndExtension
2152,Zoniën UITBR_2010,1,Zonienwoud-Joseph Zwaenepoel reservaat,2ndExtension,INBO__1__Zonienwoud-Joseph Zwaenepoel reservaat__2ndExtension
2153,Zoniën UITBR_2010,1,Zonienwoud-Joseph Zwaenepoel reservaat,2ndExtension,INBO__1__Zonienwoud-Joseph Zwaenepoel reservaat__2ndExtension
2154,Zoniën UITBR_2010,1,Zonienwoud-Joseph Zwaenepoel reservaat,2ndExtension,INBO__1__Zonienwoud-Joseph Zwaenepoel reservaat__2ndExtension
2155,Zoniën UITBR_2010,1,Zonienwoud-Joseph Zwaenepoel reservaat,2ndExtension,INBO__1__Zonienwoud-Joseph Zwaenepoel reservaat__2ndExtension
2156,Zoniën UITBR_2010,1,Zonienwoud-Joseph Zwaenepoel reservaat,2ndExtension,INBO__1__Zonienwoud-Joseph Zwaenepoel reservaat__2ndExtension
2157,Zoniën UITBR_2010,1,Zonienwoud-Joseph Zwaenepoel reservaat,2ndExtension,INBO__1__Zonienwoud-Joseph Zwaenepoel reservaat__2ndExtension
2158,Zoniën UITBR_2010,1,Zonienwoud-Joseph Zwaenepoel reservaat,2ndExtension,INBO__1__Zonienwoud-Joseph Zwaenepoel reservaat__2ndExtension
2159,Zoniën UITBR_2010,1,Zonienwoud-Joseph Zwaenepoel reservaat,2ndExtension,INBO__1__Zonienwoud-Joseph Zwaenepoel reservaat__2ndExtension
2160,Zoniën UITBR_2010,1,Zonienwoud-Joseph Zwaenepoel reservaat,2ndExtension,INBO__1__Zonienwoud-Joseph Zwaenepoel reservaat__2ndExtension
2161,Zoniën UITBR_2010,1,Zonienwoud-Joseph Zwaenepoel reservaat,2ndExtension,INBO__1__Zonienwoud-Joseph Zwaenepoel reservaat__2ndExtension
2162,Zoniën UITBR_2010,1,Zonienwoud-Joseph Zwaenepoel reservaat,2ndExtension,INBO__1__Zonienwoud-Joseph Zwaenepoel reservaat__2ndExtension
2163,Zoniën UITBR_2010,1,Zonienwoud-Joseph Zwaenepoel reservaat,2ndExtension,INBO__1__Zonienwoud-Joseph Zwaenepoel reservaat__2ndExtension
2164,Zoniën UITBR_2010,1,Zonienwoud-Joseph Zwaenepoel reservaat,2ndExtension,INBO__1__Zonienwoud-Joseph Zwaenepoel reservaat__2ndExtension
2165,Zoniën UITBR_2010,1,Zonienwoud-Joseph Zwaenepoel reservaat,2ndExtension,INBO__1__Zonienwoud-Joseph Zwaenepoel reservaat__2ndExtension
2166,Zoniën UITBR_2010,1,Zonienwoud-Joseph Zwaenepoel reservaat,2ndExtension,INBO__1__Zonienwoud-Joseph Zwaenepoel reservaat__2ndExtension
2167,Zoniën UITBR_2010,1,Zonienwoud-Joseph Zwaenepoel reservaat,2ndExtension,INBO__1__Zonienwoud-Joseph Zwaenepoel reservaat__2ndExtension
2168,Zoniën UITBR_2010,1,Zonienwoud-Joseph Zwaenepoel reservaat,2ndExtension,INBO__1__Zonienwoud-Joseph Zwaenepoel reservaat__2ndExtension
2169,Zoniën UITBR_2010,1,Zonienwoud-Joseph Zwaenepoel reservaat,2ndExtension,INBO__1__Zonienwoud-Joseph Zwaenepoel reservaat__2ndExtension
2170,Zoniën UITBR_2010,1,Zonienwoud-Joseph Zwaenepoel reservaat,2ndExtension,INBO__1__Zonienwoud-Joseph Zwaenepoel reservaat__2ndExtension
2171,Zoniën UITBR_2010,1,Zonienwoud-Joseph Zwaenepoel reservaat,2ndExtension,INBO__1__Zonienwoud-Joseph Zwaenepoel reservaat__2ndExtension
2172,Zoniën UITBR_2010,1,Zonienwoud-Joseph Zwaenepoel reservaat,2ndExtension,INBO__1__Zonienwoud-Joseph Zwaenepoel reservaat__2ndExtension
2173,Zoniën UITBR_2010,1,Zonienwoud-Joseph Zwaenepoel reservaat,2ndExtension,INBO__1__Zonienwoud-Joseph Zwaenepoel reservaat__2ndExtension
2174,Zoniën UITBR_2010,1,Zonienwoud-Joseph Zwaenepoel reservaat,2ndExtension,INBO__1__Zonienwoud-Joseph Zwaenepoel reservaat__2ndExtension
2175,Zoniën UITBR_2010,1,Zonienwoud-Joseph Zwaenepoel reservaat,2ndExtension,INBO__1__Zonienwoud-Joseph Zwaenepoel reservaat__2ndExtension
2176,Zoniën UITBR_2010,1,Zonienwoud-Joseph Zwaenepoel reservaat,2ndExtension,INBO__1__Zonienwoud-Joseph Zwaenepoel reservaat__2ndExtension
2177,Zoniën UITBR_2010,1,Zonienwoud-Joseph Zwaenepoel reservaat,2ndExtension,INBO__1__Zonienwoud-Joseph Zwaenepoel reservaat__2ndExtension
2178,Zoniën UITBR_2010,1,Zonienwoud-Joseph Zwaenepoel reservaat,2ndExtension,INBO__1__Zonienwoud-Joseph Zwaenepoel reservaat__2ndExtension
2179,Zoniën UITBR_2010,1,Zonienwoud-Joseph Zwaenepoel reservaat,2ndExtension,INBO__1__Zonienwoud-Joseph Zwaenepoel reservaat__2ndExtension
2180,Zoniën UITBR_2010,1,Zonienwoud-Joseph Zwaenepoel reservaat,2ndExtension,INBO__1__Zonienwoud-Joseph Zwaenepoel reservaat__2ndExtension
2181,Zoniën UITBR_2010,1,Zonienwoud-Joseph Zwaenepoel reservaat,2ndExtension,INBO__1__Zonienwoud-Joseph Zwaenepoel reservaat__2ndExtension
2182,Zoniën UITBR_2010,1,Zonienwoud-Joseph Zwaenepoel reservaat,2ndExtension,INBO__1__Zonienwoud-Joseph Zwaenepoel reservaat__2ndExtension
2183,Zoniën UITBR_2010,1,Zonienwoud-Joseph Zwaenepoel reservaat,2ndExtension,INBO__1__Zonienwoud-Joseph Zwaenepoel reservaat__2ndExtension
2184,Zoniën UITBR_2010,1,Zonienwoud-Joseph Zwaenepoel reservaat,2ndExtension,INBO__1__Zonienwoud-Joseph Zwaenepoel reservaat__2ndExtension
2185,Zoniën UITBR_2010,1,Zonienwoud-Joseph Zwaenepoel reservaat,2ndExtension,INBO__1__Zonienwoud-Joseph Zwaenepoel reservaat__2ndExtension
2186,Zoniën UITBR_2010,1,Zonienwoud-Joseph Zwaenepoel reservaat,2ndExtension,INBO__1__Zonienwoud-Joseph Zwaenepoel reservaat__2ndExtension
11000,Zoniën KERN_1983,1,Zonienwoud-Joseph Zwaenepoel reservaat,OldCore,INBO__1__Zonienwoud-Joseph Zwaenepoel reservaat__OldCore
21000,Zoniën HARRAS_1995,1,Zonienwoud-Joseph Zwaenepoel reservaat,Haras,INBO__1__Zonienwoud-Joseph Zwaenepoel reservaat__Haras
31000,Hannecart,5,Hannecart,NA,INBO__5__Hannecart__NA
41000,Rodebos KV1,7,Rodebos,FagoQuercetum,INBO__7__Rodebos__FagoQuercetum
43000,Rodebos KV2,7,Rodebos,Fagion-AlnoPadion,INBO__7__Rodebos__Fagion-AlnoPadion
51000,Walenbos KV1,6,Walenbos,MesotrophicAlnion,INBO__6__Walenbos__MesotrophicAlnion
53000,Walenbos OT,6,Walenbos,OligotrophicAlnion,INBO__6__Walenbos__OligotrophicAlnion
71000,Wijnendalebos,2,Wijnendalebos,NA,INBO__2__Wijnendalebos__NA
81000,Everzwijnbad,3,Everzwijnbad,NA,INBO__3__Everzwijnbad__NA
91000,Heirnisse,8,Heirnisse,NA,INBO__8__Heirnisse__NA
101000,Jansheideberg,9,Jansheideberg,NA,INBO__9__Jansheideberg__NA
111000,Bos Terrijst,11,Bos Terrijst,NA,INBO__11__Bos Terrijst__NA
121000,Pruikemakers,12,Pruikenmakers,NA,INBO__12__Pruikenmakers__NA
131000,Liedekerke TR,13,Liedekerke,NA,INBO__13__Liedekerke__NA
141100,Sevendonck A,14,Sevendonk,Alnion,INBO__14__Sevendonk__Alnion
141200,Sevendonck Q,14,Sevendonk,Quercion,INBO__14__Sevendonk__Quercion
151000,Muizenbos,15,Muizenbos,NA,INBO__15__Muizenbos__NA
171100,Coolhem A,10,Coolhembos,Alnion,INBO__10__Coolhembos__Alnion
171200,Coolhem Q,10,Coolhembos,Quercion-Alnion,INBO__10__Coolhembos__Quercion-Alnion
