plot_id	year	period	decaystage	volume_log_m3_ha
101	2002	1	10	0.592524989629156
101	2002	1	12	0.686124819172523
101	2002	1	13	0.823423816075557
102	2002	1	10	5.59009046247832
102	2002	1	12	0.229332661292202
102	2002	1	13	0.875411133280644
104	2002	1	11	10.0433583118184
105	2002	1	12	2.36332583552995
106	2002	1	10	1.68579470061528
107	2002	1	11	2.78229366348482
107	2002	1	13	3.79255422570863
108	2002	1	11	4.45384162525984
108	2002	1	12	0.350484728074282
108	2002	1	13	0.240127476484698
109	2002	1	13	0.639910939400655
109	2002	1	14	9.33737490172142
110	2002	1	10	2.04093721635169
110	2002	1	11	0.778834276048639
110	2002	1	12	3.26671934136626
110	2002	1	13	0.48419452902988
112	2002	1	10	1.47174112653589
112	2002	1	12	0.795185252707285
113	2002	1	12	0.227002105869218
113	2002	1	13	6.58461520222824
115	2002	1	12	0.612825125937423
115	2002	1	13	2.22976075271745
115	2002	1	14	1.24691020847058
116	2002	1	10	1.851757938495
116	2002	1	11	0.660109863042441
116	2002	1	13	0.605329124605379
118	2002	1	12	0.671048435035702
118	2002	1	13	0.433657922408602
119	2002	1	11	1.6444340641698
119	2002	1	12	4.52350198784591
120	2002	1	12	0.055252308638816
120	2002	1	13	0.472041771955518
121	2002	1	12	0.463229303810244
121	2002	1	13	0.199975238681206
122	2002	1	10	0.670096437211518
122	2002	1	12	0.100326560423113
123	2002	1	10	1.30977702221753
124	2002	1	12	2.21545186242964
125	2002	1	13	0.312552799970714
126	2002	1	13	0.249411514831725
127	2002	1	10	3.15012392442054
127	2002	1	11	0.315932386416615
127	2002	1	13	1.85380140936927
128	2002	1	12	1.0681851020059
129	2002	1	12	0.523472397084288
131	2002	1	13	0.9712676011663
132	2002	1	11	0.500601104190159
132	2002	1	12	0.432636186971469
132	2002	1	14	0.759633701158422
135	2002	1	11	1.19244347948158
135	2002	1	14	0.599405023945847
136	2002	1	13	1.67100736326307
138	2002	1	12	0.258616958145127
138	2002	1	13	1.03215910346775
139	2002	1	0	0.820139175883421
139	2002	1	10	3.12722167726044
139	2002	1	11	2.15082507962634
139	2002	1	12	4.49803307191147
140	2002	1	10	3.86444903271767
140	2002	1	12	1.15091596064405
140	2002	1	13	1.97039714175288
143	2002	1	12	0.430494472305171
144	2002	1	12	0.142679459168123
145	2002	1	11	3.90351662820045
147	2002	1	13	0.311982985976928
701	2003	1	10	3.80777293839334
701	2003	1	11	6.80066805955173
701	2003	1	12	6.18837646009783
702	2003	1	12	0.261475852493259
702	2003	1	13	5.74718323884037
702	2003	1	14	1.04666971155089
703	2003	1	13	0.33575798364868
704	2003	1	11	0.185936200799828
704	2003	1	12	0.870695431263106
704	2003	1	13	8.1249973861501
704	2003	1	14	4.20344906150341
705	2003	1	12	0.279857265982453
706	2003	1	11	35.3984553290483
706	2003	1	12	18.2394174987729
706	2003	1	13	2.15363163827183
706	2003	1	14	0.480795293825572
711	2003	1	13	0.334638004419515
712	2003	1	12	2.12906086588462
712	2003	1	13	1.13479439300362
712	2003	1	14	1.58877895598365
712	2003	1	15	1.49965218785219
718	2003	1	12	18.0733437091319
718	2003	1	13	7.0540614579673
718	2003	1	14	10.7160496840654
719	2003	1	11	0.541922581227904
722	2003	1	10	0.819284454892743
722	2003	1	11	1.28226272481065
722	2003	1	13	1.37401802660162
722	2003	1	14	11.6863250229321
724	2003	1	12	0.173095737181241
724	2003	1	13	1.93023507957019
724	2003	1	14	1.18848462534913
725	2003	1	13	0.317101487541797
725	2003	1	14	5.31814277465728
726	2003	1	12	0.75570107268961
726	2003	1	14	15.2630376375464
726	2003	1	15	1.1190852106577
728	2003	1	13	1.43223729775981
729	2003	1	10	3.43292300059617
729	2003	1	12	18.2387733275423
729	2003	1	13	8.60513444656906
729	2003	1	14	27.0085447207986
730	2003	1	12	1.74339503588367
730	2003	1	13	19.3570529391053
730	2003	1	14	6.26150913888648
730	2003	1	15	4.15307946932859
732	2003	1	13	7.8753402618383
732	2003	1	14	9.11731863194887
732	2003	1	15	4.34679657845735
734	2003	1	13	26.1311785360565
734	2003	1	14	8.93208978645167
734	2003	1	15	1.41205802287643
735	2003	1	12	0.675771862798679
735	2003	1	13	0.676349561865336
735	2003	1	14	4.4742187767229
736	2003	1	10	0.826366442639593
736	2003	1	11	0.611842688017102
736	2003	1	13	2.38707853689835
736	2003	1	14	5.33105200893029
737	2003	1	14	5.17109146674373
738	2003	1	12	0.366970036377257
739	2003	1	11	0.348195647719935
739	2003	1	12	0.580958764776827
739	2003	1	13	1.23565146990371
740	2003	1	14	0.408743296749278
741	2003	1	10	18.5805045337465
741	2003	1	12	0.20820806845349
741	2003	1	13	4.7447232337039
741	2003	1	14	15.7354822090492
742	2003	1	12	0.468033425240611
742	2003	1	13	0.749256279932309
742	2003	1	14	10.7625189976965
743	2003	1	10	11.8769179794743
743	2003	1	13	8.28836698792017
745	2003	1	11	6.9396467377668
745	2003	1	13	16.7188927429107
745	2003	1	14	2.5451822714155
746	2003	1	10	10.2001617077259
746	2003	1	11	0.228220328890415
746	2003	1	12	0.41690735586714
747	2003	1	11	0.802944123991308
747	2003	1	12	0.669580564594329
747	2003	1	13	1.59869175459968
747	2003	1	14	0.674099779027802
749	2003	1	12	1.28188499843398
749	2003	1	13	4.92713248236978
749	2003	1	14	1.08245010060895
750	2003	1	12	2.00501825406497
750	2003	1	13	4.42934101252267
751	2003	1	13	0.456096804508719
752	2003	1	13	0.893124488984019
754	2003	1	12	2.67851874596138
754	2003	1	13	21.0450974225581
754	2003	1	14	21.5808699424048
754	2003	1	15	0.677479365473704
755	2003	1	13	2.2661011313901
755	2003	1	14	4.88985878767283
756	2003	1	10	3.32367620731142
756	2003	1	14	5.28164520591738
756	2003	1	15	1.84828010825707
757	2003	1	14	4.89246224816168
758	2003	1	13	0.596732792802576
758	2003	1	14	1.11691402285379
759	2003	1	10	2.96281286475784
761	2003	1	13	4.45877485261546
761	2003	1	14	4.37758618288019
762	2003	1	13	1.27584300522401
762	2003	1	14	12.3713495116339
764	2003	1	13	10.9961525595279
764	2003	1	14	28.1858099050977
764	2003	1	15	6.41864025986251
765	2003	1	10	36.423758178947
765	2003	1	13	52.1337362995847
765	2003	1	14	22.9417527740118
765	2003	1	15	6.46546325114498
767	2003	1	12	0.621558999049071
767	2003	1	13	10.6729206593633
767	2003	1	14	13.7143617974702
768	2003	1	13	30.8516650262661
768	2003	1	14	7.29904217777838
768	2003	1	15	0.399970126120818
823	2003	1	11	0.430327457858716
823	2003	1	12	2.44002211642441
803	2004	1	10	16.4952702234874
805	2004	1	11	2.73117741849055
805	2004	1	12	0.532520650330438
806	2004	1	11	0.28883674857418
806	2004	1	12	1.09431795068642
806	2004	1	13	0.348745812955315
807	2004	1	14	0.0847549193860359
808	2004	1	0	4.25660877737194
808	2004	1	14	0.223435856218455
809	2004	1	10	11.2242353471095
809	2004	1	12	0.246817878722079
809	2004	1	13	0.777756804000802
810	2004	1	13	0.665660637292251
811	2004	1	12	0.143779789638882
812	2004	1	11	1.04531394722084
812	2004	1	13	2.54530016396594
812	2004	1	14	0.969685876114584
813	2004	1	10	1.47365688048051
813	2004	1	13	5.83192833384721
814	2004	1	10	1.30853853921227
814	2004	1	12	0.995877671070324
815	2004	1	11	0.37127311446826
815	2004	1	12	2.40602976438133
815	2004	1	13	1.9811941344972
815	2004	1	14	0.432813025797126
816	2004	1	11	0.286744155803898
816	2004	1	13	4.36295768224662
817	2004	1	13	0.19891420572726
818	2004	1	10	0.626795393164378
818	2004	1	13	3.35227467171707
819	2004	1	10	23.2317095018151
819	2004	1	13	3.12414276223948
820	2004	1	12	0.641954410274921
820	2004	1	13	4.99482245507985
821	2004	1	13	0.674365037266289
822	2004	1	11	0.382168351004613
822	2004	1	12	1.85668977685501
822	2004	1	13	1.71444259037183
822	2004	1	14	0.708573525651843
824	2004	1	12	5.56435154186876
824	2004	1	13	1.31648646198766
824	2004	1	14	0.463563332703153
825	2004	1	13	3.31791881764347
825	2004	1	14	0.515524474308896
827	2004	1	12	1.73042685533544
828	2004	1	12	0.453011949438913
829	2004	1	10	2.62022087976957
829	2004	1	11	5.45813035392372
829	2004	1	12	1.22761512771549
829	2004	1	13	3.60713871700657
829	2004	1	14	4.24741315843775
829	2004	1	15	0.786372784562011
830	2004	1	11	1.27392725127939
830	2004	1	12	1.35250263614661
833	2004	1	10	4.1865413048947
833	2004	1	12	3.81065073220093
833	2004	1	13	14.8224633521787
833	2004	1	14	3.04864240806286
842	2004	1	11	0.944447045941554
842	2004	1	12	15.9614134575853
843	2004	1	12	1.28741612392539
843	2004	1	13	10.0311037903972
843	2004	1	14	10.5483180579291
844	2004	1	12	0.730334525586939
844	2004	1	13	1.63337181318699
845	2004	1	11	0.249932206929495
845	2004	1	12	2.43281102208926
845	2004	1	13	1.80416864563468
845	2004	1	14	11.3815138337735
846	2004	1	12	0.349580885187587
846	2004	1	13	3.13666884572357
846	2004	1	14	21.3625918852681
847	2004	1	10	13.3875722931086
847	2004	1	11	1.24447376242818
847	2004	1	12	0.234331092754808
847	2004	1	13	0.472375800848427
847	2004	1	14	1.08656651549509
848	2004	1	13	5.73478487228593
848	2004	1	14	17.5447890050072
849	2004	1	12	2.42673955574168
849	2004	1	13	4.87710674346707
850	2004	1	10	2.35129814784028
850	2004	1	11	1.21811495302599
850	2004	1	12	21.3418624451493
850	2004	1	13	11.4976085228178
850	2004	1	14	0.85650902769368
851	2004	1	10	0.185837957007796
851	2004	1	13	0.932254991350379
852	2004	1	14	8.92163664697946
853	2004	1	12	0.44364931605826
853	2004	1	13	6.21063850337229
853	2004	1	14	44.0383692411115
854	2004	1	12	4.35239647460318
854	2004	1	13	2.14779595702513
855	2004	1	12	3.93918308531644
855	2004	1	13	17.5179880985409
855	2004	1	14	0.468033425240611
856	2004	1	12	2.22749132112151
856	2004	1	13	11.5912053834867
856	2004	1	14	16.5478011790869
856	2004	1	15	8.63113957831994
857	2004	1	12	1.41335484093125
857	2004	1	13	0.884223601425917
858	2004	1	10	0.990562681921391
858	2004	1	12	1.27122554699851
858	2004	1	14	3.79862569205621
859	2004	1	12	0.464820853241163
859	2004	1	13	49.1216405821578
860	2004	1	14	0.315450991835659
861	2004	1	12	4.34961617528867
861	2004	1	13	1.41141943822822
861	2004	1	14	0.561345378912637
862	2004	1	12	0.0899520159845305
863	2004	1	12	0.364513941576456
863	2004	1	13	7.66934267870553
863	2004	1	14	1.41986840434297
864	2004	1	12	13.306801355977
864	2004	1	13	1.07679125818791
865	2004	1	10	7.43098359047741
865	2004	1	12	5.26864755223154
865	2004	1	13	1.13404774018418
865	2004	1	14	0.456725564777724
866	2004	1	12	0.283944207730985
866	2004	1	13	6.4106235664327
866	2004	1	14	1.15047410221193
867	2004	1	11	5.23381030357698
867	2004	1	12	6.70017749468871
867	2004	1	13	0.27929727636787
868	2004	1	11	2.06388593425057
868	2004	1	13	6.75362211755414
869	2004	1	12	20.5719592498835
869	2004	1	13	24.5678643709676
870	2004	1	10	0.211803791241862
870	2004	1	12	3.73007117397626
870	2004	1	13	13.0565017172653
870	2004	1	14	4.52435258379685
871	2004	1	12	3.46238631382657
871	2004	1	13	0.719596479117838
871	2004	1	14	1.52091214444792
872	2004	1	12	1.16312790262566
872	2004	1	13	13.3622069249314
872	2004	1	14	2.25741638017447
873	2004	1	12	4.13081742605413
873	2004	1	13	18.7037906683675
873	2004	1	14	1.56996526980952
874	2004	1	11	2.69589807277185
874	2004	1	12	0.429521858764053
874	2004	1	13	2.85605510254247
875	2004	1	11	7.53644830122379
875	2004	1	12	2.94248999077225
875	2004	1	13	2.63836650815789
875	2004	1	14	4.35330031748987
876	2004	1	12	0.28635118063577
876	2004	1	13	2.25672867363025
877	2004	1	11	1.64232182264111
877	2004	1	12	5.30824962479965
877	2004	1	13	5.05104737725978
878	2004	1	12	4.23087872823875
879	2004	1	12	29.3484289048806
879	2004	1	13	6.28829039659441
880	2004	1	12	11.0429755508104
880	2004	1	14	0.262949509373739
881	2004	1	10	6.13323221963025
881	2004	1	12	2.44013018459565
881	2004	1	13	18.9690096093372
881	2004	1	14	18.6059791490204
881	2004	1	15	0.732987107971804
882	2004	1	12	1.00143826969934
882	2004	1	13	0.837479205177075
882	2004	1	14	1.91758127915646
883	2004	1	10	1.01099739066405
883	2004	1	11	0.636374162887501
883	2004	1	12	20.0971332488618
883	2004	1	13	5.39460591799581
883	2004	1	14	9.21474700050704
884	2004	1	12	9.03193495229383
884	2004	1	13	5.49477528835167
885	2004	1	10	0.609809041522039
885	2004	1	12	0.601969186917883
885	2004	1	13	12.5490430582822
885	2004	1	14	5.79298449468571
886	2004	1	12	0.458100977866172
886	2004	1	13	2.39227563349684
887	2004	1	12	0.918707172429161
887	2004	1	13	3.59358107370615
887	2004	1	14	2.22313912113449
888	2004	1	11	0.268058186559405
888	2004	1	12	1.06431429659984
888	2004	1	13	2.86661631018591
889	2004	1	12	0.77180323020366
889	2004	1	13	7.34856687334173
890	2004	1	11	0.318987768348812
890	2004	1	12	1.784893213638
890	2004	1	13	3.10384559480567
901	2005	1	13	NA
901	2005	1	14	NA
902	2005	1	10	NA
902	2005	1	11	NA
902	2005	1	13	NA
904	2005	1	12	NA
904	2005	1	13	NA
905	2005	1	12	NA
905	2005	1	13	NA
905	2005	1	14	NA
906	2005	1	13	NA
907	2005	1	12	NA
908	2005	1	12	NA
908	2005	1	13	NA
909	2005	1	12	NA
910	2005	1	13	NA
911	2005	1	13	NA
911	2005	1	14	NA
911	2005	1	15	NA
912	2005	1	13	NA
913	2005	1	11	NA
913	2005	1	13	NA
913	2005	1	14	NA
914	2005	1	12	NA
914	2005	1	13	NA
915	2005	1	12	NA
915	2005	1	13	NA
915	2005	1	14	NA
916	2005	1	14	NA
917	2005	1	12	NA
917	2005	1	13	NA
917	2005	1	14	NA
918	2005	1	12	NA
918	2005	1	13	NA
919	2005	1	12	NA
919	2005	1	13	NA
920	2005	1	12	NA
921	2005	1	10	NA
922	2005	1	12	NA
922	2005	1	13	NA
923	2005	1	12	NA
923	2005	1	13	NA
923	2005	1	14	NA
923	2005	1	15	NA
924	2005	1	13	NA
925	2005	1	10	NA
925	2005	1	13	NA
927	2005	1	13	NA
927	2005	1	14	NA
928	2005	1	10	NA
928	2005	1	12	NA
929	2005	1	10	NA
929	2005	1	13	NA
930	2005	1	12	NA
930	2005	1	13	NA
931	2005	1	10	NA
931	2005	1	12	NA
931	2005	1	13	NA
933	2005	1	11	NA
933	2005	1	13	NA
934	2005	1	12	NA
934	2005	1	13	NA
935	2005	1	12	NA
935	2005	1	13	NA
936	2005	1	12	NA
937	2005	1	13	NA
938	2005	1	12	NA
938	2005	1	13	NA
938	2005	1	14	NA
939	2005	1	12	NA
939	2005	1	13	NA
940	2005	1	13	NA
941	2005	1	12	NA
942	2005	1	12	NA
942	2005	1	13	NA
942	2005	1	14	NA
943	2005	1	10	NA
943	2005	1	12	NA
943	2005	1	13	NA
945	2005	1	11	NA
945	2005	1	13	NA
945	2005	1	14	NA
946	2005	1	13	NA
947	2005	1	13	NA
948	2005	1	12	NA
948	2005	1	13	NA
949	2005	1	12	NA
949	2005	1	13	NA
949	2005	1	15	NA
950	2005	1	12	NA
950	2005	1	13	NA
951	2005	1	12	NA
952	2005	1	12	NA
952	2005	1	13	NA
953	2005	1	12	NA
955	2005	1	13	NA
955	2005	1	14	NA
956	2005	1	11	NA
956	2005	1	12	NA
956	2005	1	13	NA
957	2005	1	12	NA
957	2005	1	13	NA
958	2005	1	13	NA
959	2005	1	12	NA
959	2005	1	13	NA
960	2005	1	12	NA
960	2005	1	13	NA
960	2005	1	14	NA
961	2005	1	13	NA
963	2005	1	11	NA
963	2005	1	12	NA
963	2005	1	13	NA
964	2005	1	12	NA
964	2005	1	13	NA
965	2005	1	13	NA
965	2005	1	14	NA
966	2005	1	12	NA
121000	2005	1	12	0.00116849869321795
121000	2005	1	13	0.000111273469387755
121000	2005	1	14	2.62379591836735e-05
121000	2005	1	15	2.11775510204082e-06
1003	2006	1	12	4.2854130712454
1003	2006	1	13	0.796977219473949
1003	2006	1	14	0.363269389218995
1003	2006	1	15	0.381858686572128
1004	2006	1	12	0.924485086326149
1004	2006	1	13	1.21669356184287
1004	2006	1	15	2.52619213939088
1005	2006	1	13	4.50367462342511
1005	2006	1	14	1.62131494205365
1008	2006	1	12	2.80090064472052
1008	2006	1	13	3.80134154344314
1008	2006	1	14	2.81663222665102
1009	2006	1	10	16.3301035462735
1009	2006	1	12	4.36320800742872
1009	2006	1	13	2.15185971323874
1009	2006	1	14	1.68882493213672
1011	2006	1	10	0.584841364215018
1011	2006	1	11	3.04772520402045
1011	2006	1	12	0.635997299701266
1011	2006	1	13	5.58138701540711
1018	2006	1	13	2.62740053609127
1018	2006	1	15	4.23838809072651
1019	2006	1	13	0.658505345430973
1019	2006	1	14	0.333758525993244
1019	2006	1	15	0.840705924282575
1022	2006	1	10	0.697537211030133
1023	2006	1	12	2.24077427477941
1023	2006	1	13	1.86788485344464
1023	2006	1	14	2.78775798319764
1024	2006	1	10	0.443412745007047
1024	2006	1	12	3.02507568723022
1024	2006	1	13	5.59177099124973
1024	2006	1	14	0.477719477184633
1026	2006	1	11	0.265074326107808
1027	2006	1	13	0.902486336414336
1027	2006	1	14	1.23979578602679
1028	2006	1	12	0.663343655700967
1028	2006	1	13	2.01133650881814
1028	2006	1	14	0.785348298298701
1029	2006	1	13	0.728703285664039
1029	2006	1	14	0.98637867530633
1032	2006	1	12	2.15309051146532
1032	2006	1	13	2.55370826066321
1032	2006	1	14	0.276604217540688
1035	2006	1	13	0.863383735284914
1035	2006	1	14	1.98418821230317
1037	2006	1	12	14.4136658248563
1037	2006	1	13	14.3104626862024
1037	2006	1	14	0.913549373347479
1041	2006	1	12	1.57208301299056
1041	2006	1	13	8.23006479900151
1041	2006	1	14	1.36167310467005
1044	2006	1	10	0.276335422525688
1044	2006	1	11	1.4699974957149
1044	2006	1	12	14.4164103634305
1044	2006	1	13	5.02056743726943
1044	2006	1	14	1.6126427660434
1046	2006	1	12	1.46176387999228
1046	2006	1	13	2.40696032957946
1046	2006	1	14	1.02586324829917
1051	2006	1	12	1.46637583656543
1051	2006	1	13	11.2389420498015
1051	2006	1	14	3.68905596270355
1051	2006	1	15	0.723921563818256
1052	2006	1	10	0.561017637622418
1052	2006	1	12	4.109988956193
1052	2006	1	13	2.62362325877522
1052	2006	1	14	1.00529335609867
1053	2006	1	12	1.28226539839673
1053	2006	1	13	1.89909336939671
1058	2006	1	12	19.7794792382336
1058	2006	1	13	1.39433877254553
1058	2006	1	14	1.75142587641953
1059	2006	1	10	0.452834717638087
1059	2006	1	12	4.35466315537294
1059	2006	1	13	0.535156727758241
1059	2006	1	14	0.445067956415202
1060	2006	1	11	0.531803863623772
1060	2006	1	12	0.775926325667661
1060	2006	1	13	0.764778406098202
1060	2006	1	14	7.04599446371597
1060	2006	1	15	1.15143296162217
1062	2006	1	12	1.06731426903333
1062	2006	1	13	5.19548225650394
1062	2006	1	14	0.806965076347093
1063	2006	1	10	0.603812633431572
1063	2006	1	12	9.05427519762674
1063	2006	1	13	1.57687888194239
1063	2006	1	14	2.22156250475996
1065	2006	1	11	0.677038054359896
1065	2006	1	12	0.421923290913128
1065	2006	1	13	6.50713119417194
1065	2006	1	14	0.789281193781327
1065	2006	1	15	1.43777038812705
1102	2007	1	11	0.00535428666574586
1102	2007	1	13	23.8325587095038
1103	2007	1	12	2.23010460598957
1103	2007	1	13	2.0090953714343
1103	2007	1	14	1.6288034768575
1104	2007	1	10	0.245697899492914
1104	2007	1	11	0.338715121788844
1104	2007	1	12	3.83736321925444
1104	2007	1	14	1.94643548087627
1105	2007	1	10	0.452618974270785
1105	2007	1	12	3.50811879901749
1105	2007	1	13	2.09502921632472
1106	2007	1	13	3.208534179595
1107	2007	1	14	0.139191804550986
1108	2007	1	12	1.51210950068185
1108	2007	1	13	2.33666964720671
1108	2007	1	14	1.63407916848962
1109	2007	1	11	0.146029572476416
1109	2007	1	12	7.20133872660253
1109	2007	1	13	8.17985671962079
1109	2007	1	15	0.123718407305941
1110	2007	1	13	0.982251257115481
1110	2007	1	14	1.15784238661434
1111	2007	1	11	6.49176311427196
1111	2007	1	12	0.221205722139328
1111	2007	1	13	2.74095267579774
1112	2007	1	11	1.5846330679599
1112	2007	1	13	0.54574426473795
1113	2007	1	12	0.936518771924569
1113	2007	1	13	0.428755557186204
1114	2007	1	13	0.572338859241021
1114	2007	1	14	0.387984383492909
1115	2007	1	12	15.261131707981
1116	2007	1	12	0.72466585878669
1116	2007	1	13	1.48085815043646
1116	2007	1	14	0.563437971682919
1117	2007	1	10	0.207156859878747
1119	2007	1	10	0.318388481217416
1119	2007	1	13	5.4856680888303
1119	2007	1	14	2.22884708545156
1120	2007	1	14	1.21377257741817
1121	2007	1	12	14.6662557228478
1121	2007	1	13	2.05840393065518
1121	2007	1	14	1.53578625456157
1121	2007	1	15	2.34905818938195
1122	2007	1	12	0.519414928473365
1122	2007	1	13	1.41851264001293
1122	2007	1	14	0.680878600678013
1123	2007	1	11	11.0202419373342
1123	2007	1	12	0.573822340500705
1123	2007	1	13	0.637670980942324
1123	2007	1	14	1.28363373793215
1124	2007	1	13	0.190170508236409
1124	2007	1	14	0.557071773959243
1125	2007	1	12	0.212933594850231
1125	2007	1	13	0.401866231307036
1126	2007	1	13	7.72248274581565
1126	2007	1	14	0.875018158112516
1128	2007	1	14	6.29948036450686
1129	2007	1	13	7.60187866671713
1129	2007	1	14	0.241168860680237
1129	2007	1	15	0.472307030194004
1130	2007	1	10	3.03454442390627
1130	2007	1	14	0.234586526614091
1131	2007	1	12	0.648693934408318
1131	2007	1	13	0.658891640021244
1132	2007	1	11	0.286606614495053
1132	2007	1	12	0.475539250951858
1132	2007	1	13	6.74299213925628
1133	2007	1	11	4.31907218034591
1133	2007	1	12	4.87035739495447
1133	2007	1	13	7.60051307800788
1133	2007	1	14	1.29179779705001
1134	2007	1	12	19.7379834183303
1135	2007	1	10	2.30621407167678
1135	2007	1	11	0.442873190101207
1135	2007	1	12	3.10280421061013
1135	2007	1	13	4.64908290216072
1135	2007	1	14	1.30772311573841
1136	2007	1	12	23.3163268798923
1136	2007	1	13	5.96892930183588
1137	2007	1	11	1.06621040178606
1137	2007	1	12	2.46959349782606
1138	2007	1	13	0.634173501945984
1138	2007	1	14	1.26527197320136
1139	2007	1	12	1.01673482811872
1139	2007	1	13	0.545066382572929
1140	2007	1	12	1.46427459834145
1140	2007	1	13	3.35496655161875
1140	2007	1	14	0.418027335096305
1141	2007	1	11	0.329293542132972
1141	2007	1	12	0.321689472629693
1141	2007	1	13	5.18454104187291
1141	2007	1	14	0.352911349737473
1142	2007	1	12	3.33204627493767
1144	2007	1	12	0.0474419271722693
1144	2007	1	13	3.64531625459022
1145	2007	1	12	2.43620043291437
1145	2007	1	13	0.114788046610229
1146	2007	1	10	6.03824029711448
1146	2007	1	11	0.562200099903316
1146	2007	1	12	2.01744609375702
1146	2007	1	13	1.59238450315123
1146	2007	1	14	0.427537334165006
1148	2007	1	12	0.224850566823717
1149	2007	1	12	0.452324242894689
1149	2007	1	13	5.42506149352574
1149	2007	1	14	4.09948748077511
1150	2007	1	12	0.0600269569315729
1150	2007	1	14	0.375644963213686
1151	2007	1	11	0.319056539003234
1151	2007	1	12	2.3387720643562
1152	2007	1	14	1.603348510342
1152	2007	1	15	0.937560156120109
1153	2007	1	12	5.47980293444599
1153	2007	1	13	0.311462293879158
1154	2007	1	10	0.378955779005165
1154	2007	1	11	5.37148915373067
1154	2007	1	12	2.55905429485043
1154	2007	1	13	0.199690331684313
1154	2007	1	14	0.690673506743607
1155	2007	1	12	1.23644724461917
1155	2007	1	13	1.10672614162007
1155	2007	1	14	1.68896797509792
1156	2007	1	12	111.29547980349
1156	2007	1	13	8.37132404591202
1157	2007	1	13	8.00801850297756
1158	2007	1	13	1.36059792461005
1159	2007	1	10	0.80762291677854
1159	2007	1	12	0.860438779374962
1159	2007	1	13	4.13155425449437
1160	2007	1	12	1.30791960332247
1160	2007	1	13	8.16172091561168
1160	2007	1	14	0.368158786260845
1161	2007	1	11	3.12044879565908
1161	2007	1	13	0.180100519553125
1161	2007	1	14	0.34032631997817
1162	2007	1	13	6.56095621700012
1162	2007	1	NA	7.19252625845725
1163	2007	1	12	1.93090313735601
1163	2007	1	13	12.8048600683545
1163	2007	1	14	0.648517095582661
1164	2007	1	13	1.16261703490709
1164	2007	1	14	0.406640879599793
1165	2007	1	13	2.63022209779843
1166	2007	1	10	1.16869832563388
1166	2007	1	12	1.9140150295057
1166	2007	1	13	0.679365646280719
1167	2007	1	11	1.54132720443218
1167	2007	1	13	8.01479732462777
1167	2007	1	14	6.25792324047731
1167	2007	1	15	0.209563832783532
1168	2007	1	12	10.1927541258067
1168	2007	1	13	19.6805893950252
1168	2007	1	14	6.59213879659109
1168	2007	1	15	1.33908253415503
1169	2007	1	12	61.2182906268909
1169	2007	1	13	11.5021572103889
1169	2007	1	14	1.5613296404899
1170	2007	1	12	0.554684449812865
1170	2007	1	13	0.591899198234599
1171	2007	1	10	10.4623940374179
1171	2007	1	11	0.269836399195185
1171	2007	1	12	1.09473057461296
1171	2007	1	13	2.00995991680418
1171	2007	1	14	0.330757374634249
1172	2007	1	10	1.25017190236604
1172	2007	1	12	2.58206299094433
1172	2007	1	13	5.16258355435375
1172	2007	1	14	0.274915603243241
1174	2007	1	13	0.594325819897791
1175	2007	1	13	1.20356504742604
1175	2007	1	14	1.10032064637958
1176	2007	1	12	0.373915872473922
1176	2007	1	13	3.38050993754708
1176	2007	1	14	4.63750978345934
1176	2007	1	15	0.429374493076005
1177	2007	1	10	1.36551993859085
1177	2007	1	13	11.2574908707123
1177	2007	1	15	0.434807374775377
1178	2007	1	12	3.51730459357248
1178	2007	1	13	4.67046075130689
1201	2007	1	13	0.285791191021187
1201	2007	1	14	2.96168682773531
1202	2007	1	13	170.317383093817
1202	2007	1	14	12.8408369449966
1202	2007	1	15	0.311275630674297
1203	2007	1	12	235.499142671414
1203	2007	1	13	28.5692947229155
1203	2007	1	14	4.51479346283213
1204	2007	1	12	0.203963936637706
1205	2007	1	10	5.71762168181793
1205	2007	1	12	7.69296048631003
1205	2007	1	13	10.0630624959452
1206	2007	1	11	0.780763064036982
1206	2007	1	12	13.8927626994212
1206	2007	1	13	32.9258567343009
1206	2007	1	14	12.2987080518054
1207	2007	1	14	0.618179412603169
1212	2007	1	12	0.285850137296407
1215	2007	1	10	1.5788170354716
1216	2007	1	11	0.622286003110108
1216	2007	1	13	18.0961429902702
1217	2007	1	10	1.712517012048
1218	2007	1	13	8.59476972650968
1218	2007	1	14	1.15135829634022
1219	2007	1	12	1.21559008757077
1222	2007	1	12	76.3916808042081
1222	2007	1	13	95.595984295462
1222	2007	1	14	8.07613092399337
1223	2007	1	12	4.80711786602345
1224	2007	1	11	0.3539134364162
1224	2007	1	12	36.7643104596469
1224	2007	1	13	2.30797263555416
1224	2007	1	14	1.07363763246368
1225	2007	1	12	17.6738224014621
1225	2007	1	13	15.0442781858287
1225	2007	1	14	0.571513611387952
1226	2007	1	12	14.0257160231781
1226	2007	1	13	84.2087526729922
1226	2007	1	14	6.7820145734514
1227	2007	1	12	0.563074469652401
1228	2007	1	14	0.245177207395144
1230	2007	1	12	1.98996730512566
1230	2007	1	13	4.55095700267912
1231	2007	1	11	0.693394859782894
1231	2007	1	12	15.6772039916158
1231	2007	1	13	7.22895505654273
1231	2007	1	14	0.779849396771084
1232	2007	1	10	11.0129718967238
1232	2007	1	11	1.46769348230417
1232	2007	1	12	2.22511382135434
1232	2007	1	14	0.248085223639293
1233	2007	1	12	57.2639681732224
1233	2007	1	13	25.4393654013254
1233	2007	1	14	2.27172067629434
1234	2007	1	11	0.175885860874951
1234	2007	1	12	22.8189775071093
1234	2007	1	13	12.9639560651711
1235	2007	1	12	12.3941518957645
1235	2007	1	13	8.77787650609899
1236	2007	1	14	0.36194977860442
1236	2007	1	15	1.37496116700513
1237	2007	1	11	17.9701748001267
1237	2007	1	12	18.8474623898352
1237	2007	1	13	0.328271806695839
1243	2007	1	10	1.31644716447085
1243	2007	1	12	98.7040347245666
1243	2007	1	13	90.3783056225367
1243	2007	1	14	1.30215269273019
1244	2007	1	13	0.430150619033058
1244	2007	1	14	13.802535600819
1244	2007	1	15	0.736848088998663
1245	2007	1	10	7.91173958678617
1245	2007	1	11	1.29073676409607
1245	2007	1	12	2.58038302210058
1245	2007	1	13	9.69834224240552
1246	2007	1	11	0.345523416576664
1246	2007	1	13	3.10592836319674
101	2012	2	11	0.220301879252633
101	2012	2	12	1.94059979962957
101	2012	2	13	0.630793915500082
102	2012	2	11	4.09524334895933
102	2012	2	12	1.70581678543141
102	2012	2	13	4.55944526631069
102	2012	2	14	0.161335955275006
103	2012	2	10	59.6406819900613
103	2012	2	12	0.730992758993553
103	2012	2	13	0.936410703753334
104	2012	2	13	3.14402730574677
105	2012	2	10	1.80442407949397
105	2012	2	11	0.25411739247006
105	2012	2	12	3.97197686309674
105	2012	2	13	2.76700692944463
106	2012	2	11	0.237612435408678
106	2012	2	12	2.01424334613678
106	2012	2	13	2.82379184123915
107	2012	2	10	0.348097403927903
107	2012	2	12	0.976896970449735
107	2012	2	13	18.6688944734377
108	2012	2	12	0.704358866973669
108	2012	2	13	3.97096495203881
108	2012	2	14	0.164961151200989
109	2012	2	13	0.529170537022146
110	2012	2	10	2.95990861509953
110	2012	2	11	0.405226168994531
110	2012	2	12	8.72766410399141
110	2012	2	13	15.7583828369719
110	2012	2	14	1.7306331672987
110	2012	2	15	0.131902115182209
111	2012	2	10	5.5509805617732
111	2012	2	12	3.40564069954887
111	2012	2	13	1.53419470513065
112	2012	2	12	1.66630313227613
112	2012	2	13	2.51381302861967
113	2012	2	13	6.29657234826271
115	2012	2	10	11.6525881047483
115	2012	2	11	1.14733030086691
115	2012	2	13	1.91848512204316
115	2012	2	14	0.226127736120133
115	2012	2	15	0.286115395534893
116	2012	2	11	9.59577572352408
116	2012	2	12	0.879124748619455
116	2012	2	13	1.95042417883277
116	2012	2	14	5.60263714762364
117	2012	2	12	0.583892329183989
117	2012	2	13	1.86392051994857
118	2012	2	10	1.0654244514498
118	2012	2	11	0.165511316436368
118	2012	2	12	0.672537702734493
118	2012	2	13	0.818518153314893
119	2012	2	11	0.156178156193325
119	2012	2	13	3.1784912279916
119	2012	2	14	1.03639341090433
119	2012	2	15	1.97081959005862
120	2012	2	10	5.64433181296204
120	2012	2	11	5.1875767750467
120	2012	2	12	4.71846266809374
120	2012	2	13	1.51548908712775
121	2012	2	10	1.09476987212977
121	2012	2	11	0.696273402889433
121	2012	2	12	2.07638254459704
121	2012	2	13	0.840691777176523
121	2012	2	14	1.13213198623955
122	2012	2	13	2.38126250441005
123	2012	2	13	1.30754627691275
124	2012	2	12	6.29878283358343
124	2012	2	13	169.40209480535
125	2012	2	12	1.3540057661647
125	2012	2	13	0.354915523094927
126	2012	2	12	2.26932352776875
127	2012	2	12	2.14246131911779
127	2012	2	13	1.70112073217228
128	2012	2	12	1.33229388812562
128	2012	2	13	1.09224500667455
129	2012	2	12	2.58767271146936
129	2012	2	13	1.29289812752077
131	2012	2	12	5.59163384291605
131	2012	2	13	2.8224164281507
131	2012	2	14	0.786038755669102
132	2012	2	12	9.11284853941141
132	2012	2	13	1.6751254248006
132	2012	2	14	0.235460896363176
133	2012	2	12	10.2724789630407
133	2012	2	13	0.2122262395476
134	2012	2	12	5.88082426914155
134	2012	2	13	1.77236713015391
135	2012	2	12	2.26442116254636
135	2012	2	13	1.05701478285186
135	2012	2	14	0.503086810237641
135	2012	2	15	0.114218232616443
136	2012	2	10	0.101476012789888
136	2012	2	11	3.65008107850378
136	2012	2	12	1.60339763223802
136	2012	2	13	1.5478407678439
137	2012	2	10	0.594483009965042
137	2012	2	12	1.45079555007466
137	2012	2	13	39.0428983770042
138	2012	2	11	0.347989335756668
138	2012	2	12	13.7789276175937
138	2012	2	13	0.121291785642749
139	2012	2	11	2.40549924790436
139	2012	2	13	6.18743331969432
139	2012	2	14	0.13362138154277
140	2012	2	10	0.612648287111765
140	2012	2	11	0.152611906542562
140	2012	2	12	0.444238778810452
140	2012	2	13	6.15047400513187
141	2012	2	13	4.54985667220836
142	2012	2	12	2.27480553136414
142	2012	2	13	1.00821709134955
143	2012	2	11	0.132914026240139
143	2012	2	12	4.97752172330301
143	2012	2	13	1.10612685448867
143	2012	2	14	0.217069658494779
144	2012	2	13	6.09048634571711
145	2012	2	12	0.566503177994319
145	2012	2	13	3.01791174991524
146	2012	2	11	8.32627926726533
146	2012	2	12	7.8465253576353
146	2012	2	13	1.69579591864415
148	2012	2	12	1.90492747874274
401	2012	2	12	0.308013936778834
401	2012	2	13	2.92541521971709
401	2012	2	14	0.261849178902981
402	2012	2	12	16.9755448252152
402	2012	2	13	1.98930907171905
403	2012	2	12	0.617383637887709
404	2012	2	10	0.187193721337838
404	2012	2	12	4.06559337252406
404	2012	2	13	2.55602838605584
404	2012	2	14	9.00150884990151
405	2012	2	10	0.0969469739772113
405	2012	2	11	3.84935878626155
405	2012	2	12	20.1308308695288
405	2012	2	13	6.95503171559901
406	2012	2	10	0.479636017079594
406	2012	2	11	0.553751133788561
406	2012	2	12	2.29686126267533
406	2012	2	13	2.92113179038449
407	2012	2	10	12.0508193157502
407	2012	2	12	6.94013795672696
407	2012	2	13	0.547925276921061
407	2012	2	14	0.385881966343424
409	2012	2	11	14.9976615065095
409	2012	2	12	1.52037180359174
409	2012	2	13	0.572879200097198
410	2012	2	12	1.01959372246686
411	2012	2	12	0.415266684540205
411	2012	2	13	5.02439383648149
412	2012	2	13	0.565353725627544
412	2012	2	14	0.303229464106873
413	2012	2	12	6.67905507940183
413	2012	2	13	6.99161770375174
413	2012	2	14	16.0561204731042
414	2012	2	11	0.810187079750576
414	2012	2	12	25.2239560629159
414	2012	2	13	2.45722460440922
414	2012	2	14	6.83884860714193
414	2012	2	15	0.475971523636799
415	2012	2	11	0.684808352359294
415	2012	2	12	2.05747061463088
415	2012	2	13	0.327849358390101
416	2012	2	11	0.224300401588337
416	2012	2	12	1.37666078460729
416	2012	2	13	3.87622846338231
416	2012	2	14	5.00012761984958
417	2012	2	11	0.751869564800361
417	2012	2	12	1.31862817665396
417	2012	2	13	3.30938143211588
417	2012	2	14	0.821720900935137
418	2012	2	10	0.712139775302606
418	2012	2	11	17.8851742712606
418	2012	2	12	29.4514060828128
418	2012	2	13	12.020059184465
419	2012	2	13	11.1546296204548
420	2012	2	12	0.480274601727802
420	2012	2	13	0.554654976675255
420	2012	2	14	0.536136021877217
421	2012	2	10	1.07241940944248
421	2012	2	12	27.6820157395574
421	2012	2	13	17.0281347270899
422	2012	2	12	0.397288070598343
422	2012	2	13	3.2017946554616
422	2012	2	14	2.30130188207518
423	2012	2	12	95.0164343418858
423	2012	2	13	6.67899613312661
423	2012	2	14	22.0687486136359
423	2012	2	15	0.359326669357165
425	2012	2	12	1.6100782100962
427	2012	2	12	1.47371582675573
427	2012	2	13	7.14923021930874
428	2012	2	13	15.8120828936966
430	2012	2	11	0.108500443920179
430	2012	2	13	0.384958474698323
431	2012	2	11	0.942806374614619
431	2012	2	12	14.9164237148782
431	2012	2	13	15.7483423214262
431	2012	2	14	4.79335391075976
432	2012	2	12	14.4998012660079
432	2012	2	13	21.0203399869661
433	2012	2	12	0.209386993957874
433	2012	2	13	26.9136706908333
434	2012	2	12	0.993804727058448
434	2012	2	13	16.0603940780576
435	2012	2	11	0.330187560640464
435	2012	2	12	8.05671795068784
435	2012	2	13	0.579353465992109
436	2012	2	11	0.204769535732369
436	2012	2	13	11.367415849617
437	2012	2	10	2.60998387663983
437	2012	2	13	37.0124742783198
437	2012	2	14	0.210703460771104
440	2012	2	13	8.97549389377142
441	2012	2	12	3.31851810477486
441	2012	2	13	10.3045653855184
442	2012	2	12	1.79493372918367
442	2012	2	13	12.9649778006083
443	2012	2	12	0.223190246738375
443	2012	2	13	19.4342725596425
444	2012	2	13	5.25839090034339
444	2012	2	14	19.2613340125285
444	2012	2	15	2.39350368089725
445	2012	2	12	0.966601021044778
445	2012	2	13	20.1798446973736
446	2012	2	10	1.45716174779833
446	2012	2	12	1.42032032578632
446	2012	2	13	17.2857790716939
446	2012	2	14	2.56018409845879
447	2012	2	10	4.68415593591615
447	2012	2	12	5.86904483847691
447	2012	2	13	1.45999116900886
447	2012	2	14	1.80404092870504
447	2012	2	15	5.27456182851187
448	2012	2	12	0.530182448080076
448	2012	2	13	3.84369994384051
449	2012	2	11	1.05293766548253
449	2012	2	12	13.7521463598857
449	2012	2	13	2.33187535015555
449	2012	2	14	21.3422062984214
450	2012	2	12	0.547807384370622
450	2012	2	13	30.6136497913101
450	2012	2	14	0.224958634994952
451	2012	2	10	0.465989954366344
451	2012	2	13	17.7097206830706
452	2012	2	12	0.62385790378262
452	2012	2	13	37.148777715385
452	2012	2	14	0.177624775993918
453	2012	2	13	13.5733917802835
453	2012	2	14	5.79771002108245
454	2012	2	11	2.6675547387706
454	2012	2	12	1.67745380267176
454	2012	2	13	5.93669551367017
455	2012	2	10	0.419383099426347
455	2012	2	13	18.9168912776642
456	2012	2	12	2.01671908969599
456	2012	2	13	1.65042693548375
457	2012	2	13	2.60455099494046
458	2012	2	12	6.05262318826797
458	2012	2	13	44.6480309169455
458	2012	2	14	0.734126735959375
459	2012	2	10	23.500710828778
459	2012	2	12	0.447755906565199
459	2012	2	13	1.02308137708399
459	2012	2	14	0.968949047674343
459	2012	2	15	1.09625335338945
460	2012	2	12	0.851645959988095
460	2012	2	14	0.33023668253648
461	2012	2	13	7.44551384731894
461	2012	2	14	0.368168610640048
462	2012	2	12	0.585071254688373
462	2012	2	13	0.638967798997147
463	2012	2	12	1.4401852205352
463	2012	2	13	3.69906543321095
463	2012	2	14	0.616676282585079
464	2012	2	10	4.26126553311426
464	2012	2	12	1.58890667291329
464	2012	2	13	9.02145233968401
465	2012	2	11	0.382237121659035
465	2012	2	12	1.243304661303
465	2012	2	13	5.96794686391556
465	2012	2	14	2.23127370711475
465	2012	2	15	0.356261463045766
466	2012	2	11	3.54821209054576
466	2012	2	13	5.28238203435762
467	2012	2	10	1.56270505357835
467	2012	2	12	2.56369140183434
467	2012	2	13	88.9920464194479
467	2012	2	14	8.85468350270963
467	2012	2	15	3.62341771334628
468	2012	2	12	0.78974254662871
469	2012	2	13	27.1416945321396
470	2012	2	13	32.4524297248777
471	2012	2	10	16.0808975574547
471	2012	2	12	0.169264229291992
471	2012	2	13	7.2978534278948
472	2012	2	12	0.707414248905865
473	2012	2	10	0.208669814276041
473	2012	2	12	1.46353776990121
473	2012	2	13	14.0662808849082
473	2012	2	14	12.4048211715792
473	2012	2	15	0.504560467118121
474	2012	2	12	1.07777369610823
474	2012	2	13	16.7701858267306
474	2012	2	14	24.5809700928247
476	2012	2	11	9.93973706380743
476	2012	2	12	26.3882727154252
476	2012	2	13	55.4076615471563
476	2012	2	14	0.725265145918086
477	2012	2	11	0.526999349218238
477	2012	2	12	1.74929948778479
477	2012	2	13	3.59456351162647
478	2012	2	13	0.257104003747833
479	2012	2	12	1.97745104602078
479	2012	2	13	14.9308753766861
479	2012	2	14	6.18605790660588
480	2012	2	10	0.337801454522946
480	2012	2	11	20.052953015585
480	2012	2	12	2.75148441030357
480	2012	2	13	3.26670432885717
480	2012	2	14	1.04063754272012
481	2012	2	12	0.0688787225936592
481	2012	2	13	2.28528814397396
481	2012	2	14	0.131381423084439
483	2012	2	12	12.1020043313989
483	2012	2	13	7.87560552007678
483	2012	2	14	0.532225918954342
484	2012	2	10	44.9632854211971
484	2012	2	12	2.12633951284533
484	2012	2	13	11.8187183570745
484	2012	2	14	9.03948989990109
484	2012	2	15	0.929150487522166
485	2012	2	12	1.54994318499339
485	2012	2	13	2.75601344911625
485	2012	2	14	1.05431307857098
486	2012	2	12	0.849690908526657
486	2012	2	13	13.3491208518327
487	2012	2	13	7.67837128319327
488	2012	2	13	3.71040276681144
489	2012	2	10	0.692736626376279
489	2012	2	11	0.504698008426966
489	2012	2	12	0.455340327310072
489	2012	2	13	15.034434157867
489	2012	2	14	14.7305366359744
490	2012	2	10	0.279778670948827
490	2012	2	12	3.69190346077181
490	2012	2	13	1.00981846515967
490	2012	2	14	18.134182986545
491	2012	2	12	2.05200825979389
491	2012	2	13	15.8382059179979
491	2012	2	14	2.15313059493247
492	2012	2	11	0.964262818794415
492	2012	2	12	7.17676795421532
492	2012	2	13	6.03768030749989
492	2012	2	14	1.05194540318301
493	2012	2	11	2.13541723922909
493	2012	2	12	1.38142560852084
493	2012	2	13	0.20314851316384
493	2012	2	14	2.80820055144366
494	2012	2	11	0.515671839996944
494	2012	2	12	0.560156629029049
494	2012	2	13	0.341416826069725
495	2012	2	12	0.211626952416205
495	2012	2	13	0.313790671750317
495	2012	2	14	0.860428954995758
496	2012	2	12	0.624093688883497
496	2012	2	13	3.20917276424321
496	2012	2	14	19.0403247779732
497	2012	2	11	0.498842678421857
497	2012	2	12	0.213847262116129
497	2012	2	13	0.39169799883172
498	2012	2	11	0.25004027510073
498	2012	2	13	0.800500241856218
499	2012	2	12	0.442696351275549
499	2012	2	13	2.09326082806815
500	2012	2	12	1.54449065453561
500	2012	2	13	0.495865891523286
501	2012	2	10	1.06134733408047
501	2012	2	12	1.11219832083625
501	2012	2	13	2.23277683713284
501	2012	2	14	0.44720574132982
503	2012	2	12	2.28600532365579
503	2012	2	13	56.72308697619
503	2012	2	14	4.02455694059228
504	2012	2	12	1.73861056321171
504	2012	2	13	6.81396345462022
505	2012	2	11	1.10463354884979
505	2012	2	12	1.43948768961177
505	2012	2	13	0.590229053770055
505	2012	2	14	0.114729100335009
506	2012	2	12	48.7012455716735
506	2012	2	14	3.00391200955068
507	2012	2	10	0.424275640269543
507	2012	2	12	8.44410304704935
507	2012	2	13	1.39216365498994
507	2012	2	14	1.78105188136954
508	2012	2	10	0.743666208165686
508	2012	2	13	10.5103370079295
508	2012	2	14	0.217020536598763
509	2012	2	13	1.28291655825032
510	2012	2	12	0.741308357156917
510	2012	2	13	59.1613210555994
510	2012	2	14	6.7936859359448
511	2012	2	12	0.134151898019743
511	2012	2	13	41.204114436021
511	2012	2	14	0.644990143448711
512	2012	2	12	1.6125539536554
512	2012	2	13	0.277371698044042
513	2012	2	12	0.688246885080415
513	2012	2	13	3.7835747431169
513	2012	2	14	0.818606572727721
514	2012	2	12	6.54104220035523
514	2012	2	13	1.07190854172392
515	2012	2	12	3.7682192384223
515	2012	2	13	1.6766285548187
516	2012	2	10	10.0109932861683
516	2012	2	11	42.8666548310622
516	2012	2	12	4.23551583522267
516	2012	2	13	29.9904795940717
517	2012	2	12	1.10434864185289
517	2012	2	13	21.8633011957385
517	2012	2	14	0.298268152609256
518	2012	2	12	2.78086912850035
518	2012	2	13	42.4589332697501
518	2012	2	14	2.40633432013663
518	2012	2	15	3.10765745393651
519	2012	2	13	12.6273433605318
519	2012	2	14	47.2543699489009
520	2012	2	12	0.476295728150505
520	2012	2	13	9.34745471478391
520	2012	2	14	0.205673378619064
521	2012	2	10	16.2161497859452
521	2012	2	11	13.6322987579859
521	2012	2	12	3.09803938669657
521	2012	2	13	12.9879177260477
521	2012	2	14	0.350956298276036
522	2012	2	12	7.40087186821959
522	2012	2	13	3.38657157951545
522	2012	2	14	0.704142730631198
523	2012	2	11	0.204366736185037
523	2012	2	12	0.527529865695211
523	2012	2	13	7.50591413066024
827	2012	2	11	2.13904243515507
827	2012	2	12	5.10851999559853
827	2012	2	13	0.872286980694025
827	2012	2	14	0.232493933843809
702	2013	2	12	6.14593514193999
702	2013	2	13	2.11814598058986
702	2013	2	14	2.43044334670129
703	2013	2	11	0.821298452629399
703	2013	2	12	5.29353270475325
703	2013	2	13	1.92524429493496
703	2013	2	14	0.446341195959938
703	2013	2	15	1.8312249859603
704	2013	2	13	0.551707662914294
704	2013	2	14	5.89947094086923
705	2013	2	13	3.10036776456773
705	2013	2	14	4.85991407986146
706	2013	2	12	12.9400926480866
706	2013	2	13	79.5785129301432
706	2013	2	14	2.61176208927561
707	2013	2	13	7.76836259669462
707	2013	2	14	0.316010981450241
708	2013	2	12	0.92634071507005
708	2013	2	13	6.50124364020305
710	2013	2	10	0.341574016136976
710	2013	2	11	1.82202936702611
710	2013	2	12	5.3218956875129
710	2013	2	13	6.69532425136233
710	2013	2	14	0.236119129769791
711	2013	2	13	3.05892853308862
712	2013	2	12	6.19848574629793
712	2013	2	13	10.8491110759935
712	2013	2	14	0.143357341333144
713	2013	2	12	0.65489311768554
713	2013	2	13	0.716924247974566
714	2013	2	12	0.504452398946886
714	2013	2	13	0.971739171368053
715	2013	2	13	0.376470211066755
716	2013	2	12	0.271624436210168
717	2013	2	12	0.297128524621684
718	2013	2	12	7.76123992177229
718	2013	2	13	15.3387836012031
718	2013	2	14	6.79389224790807
719	2013	2	10	1.32393334142369
719	2013	2	11	1.19923249619743
719	2013	2	12	21.7241683374628
719	2013	2	13	5.10133837440098
720	2013	2	13	0.265719984309043
720	2013	2	14	0.289897781528126
720	2013	2	15	0.11672344931326
721	2013	2	13	0.163281182357241
722	2013	2	11	1.76409500286481
722	2013	2	12	1.63702648225058
722	2013	2	13	1.33509383619853
722	2013	2	14	0.69421028325676
722	2013	2	15	0.278609569823646
723	2013	2	12	3.32334187496364
723	2013	2	13	4.00545834742125
723	2013	2	14	0.196291096480004
724	2013	2	11	0.291214248341356
724	2013	2	12	3.31144455174856
724	2013	2	13	1.96140783478195
725	2013	2	10	0.417850496270648
725	2013	2	12	0.861499812328908
725	2013	2	13	2.64241415238961
726	2013	2	13	16.6904413407382
727	2013	2	12	0.226461765013042
727	2013	2	13	5.43192873458878
727	2013	2	14	2.06668588232348
728	2013	2	10	0.515878151960211
728	2013	2	12	14.0358449581366
728	2013	2	13	5.56872339061418
728	2013	2	14	3.50009228120847
728	2013	2	15	1.6088796358334
729	2013	2	13	19.2227536753975
729	2013	2	14	17.3961756208003
729	2013	2	15	1.5441664500219
730	2013	2	10	1.03938984656131
730	2013	2	12	2.10204382307581
730	2013	2	13	93.3147241469614
730	2013	2	14	1.38363609384156
731	2013	2	12	4.36890143166456
731	2013	2	13	0.230735369966435
732	2013	2	10	13.9571909782358
732	2013	2	11	0.69945650175127
732	2013	2	12	4.56027051416376
732	2013	2	13	3.48652481352884
732	2013	2	14	10.2727442212792
733	2013	2	11	1.92590252834158
733	2013	2	12	0.467689571968499
733	2013	2	13	2.3764976804965
734	2013	2	10	1.10317954072771
734	2013	2	12	4.73841598225545
734	2013	2	13	16.9042591297167
734	2013	2	15	4.01531219976207
735	2013	2	12	0.187488452713934
735	2013	2	13	0.832016850340094
736	2013	2	13	7.92089590820355
737	2013	2	13	1.31773415814647
741	2013	2	11	8.65837275747122
741	2013	2	13	5.20959320884108
742	2013	2	12	14.1199612928745
742	2013	2	13	5.49256480303095
743	2013	2	13	1.94366500594097
745	2013	2	13	31.08662487929
745	2013	2	14	11.0151136113901
746	2013	2	12	1.23876579811112
746	2013	2	13	13.8561963600269
746	2013	2	15	0.0761782363416393
747	2013	2	12	8.29791628450569
747	2013	2	13	2.47981085219739
747	2013	2	14	0.0385999858893862
748	2013	2	12	0.300164257795474
748	2013	2	13	5.39815251888817
748	2013	2	14	0.235814574014492
748	2013	2	15	0.709349651608896
749	2013	2	11	0.540291734280172
749	2013	2	12	1.53699465320356
749	2013	2	13	2.29963173761064
749	2013	2	14	1.95828368219533
750	2013	2	12	0.937078761539152
750	2013	2	13	5.1231681449905
750	2013	2	14	1.24685126219536
751	2013	2	12	12.611015242296
751	2013	2	13	1.73391450995257
752	2013	2	11	1.10982082106908
752	2013	2	12	2.64109768557638
752	2013	2	13	3.83284400482097
752	2013	2	14	0.775497196784065
753	2013	2	12	1.64362846507513
754	2013	2	13	11.0705427588546
754	2013	2	14	6.29615972433618
755	2013	2	12	28.9568861312403
755	2013	2	13	1.12661068512735
755	2013	2	14	1.36710166364257
755	2013	2	15	0.208610868000821
756	2013	2	12	0.435524554457211
756	2013	2	13	3.13611868048819
758	2013	2	12	0.141048612220391
758	2013	2	13	3.11063424083508
759	2013	2	13	11.0238376601225
759	2013	2	15	0.589885200497943
760	2013	2	10	0.257526452053571
760	2013	2	12	4.56003472906288
760	2013	2	13	1.75861299926943
761	2013	2	10	0.626628378717924
761	2013	2	12	4.97181375898595
761	2013	2	13	15.7849479583374
761	2013	2	14	10.6447050422917
761	2013	2	15	1.03656042535079
762	2013	2	11	6.12201277858019
762	2013	2	12	0.743312530514371
762	2013	2	13	5.96359466392854
762	2013	2	14	1.11839750411347
762	2013	2	15	0.444228954431249
764	2013	2	10	30.4506240428122
764	2013	2	11	1.27275815015421
764	2013	2	12	11.9983374820467
764	2013	2	13	35.1488583141265
764	2013	2	14	3.99138001202306
765	2013	2	11	29.5895073812722
765	2013	2	12	1.75903544757517
765	2013	2	13	22.0165615113085
765	2013	2	14	2.10556095083056
766	2013	2	11	0.337408479354818
766	2013	2	12	5.08455833472191
766	2013	2	13	3.81958109289664
767	2013	2	12	14.8241531454017
767	2013	2	13	10.2480457319624
767	2013	2	14	8.59009332200896
768	2013	2	12	0.194277098743348
768	2013	2	13	15.5702361508514
768	2013	2	14	2.23627431612918
801	2013	2	12	2.91662240033022
802	2013	2	12	2.01221952402092
803	2013	2	12	10.0749106972643
803	2013	2	13	6.30591533288496
805	2013	2	13	2.64758177585049
805	2013	2	14	0.229870824596554
806	2013	2	12	0.228151558235993
806	2013	2	13	0.688541616456511
807	2013	2	10	0.374475862088505
807	2013	2	13	3.61759185647878
808	2013	2	13	12.4614390689273
808	2013	2	14	0.511329464389128
809	2013	2	12	31.3552430554639
809	2013	2	13	2.56212932554103
809	2013	2	14	0.443973520571966
810	2013	2	11	8.6690420332859
810	2013	2	12	3.81430540126452
810	2013	2	13	5.9306731692186
810	2013	2	15	0.353756246348949
811	2013	2	12	7.98787852561099
811	2013	2	13	0.124808913397496
812	2013	2	11	7.86656709120984
812	2013	2	12	0.971817766401679
812	2013	2	13	0.646129771436282
813	2013	2	12	0.592488660986792
813	2013	2	13	4.7198872030782
814	2013	2	10	0.975953830046227
814	2013	2	11	17.7043565720256
814	2013	2	12	8.68907394248123
814	2013	2	13	6.58602803272669
815	2013	2	10	0.792837226077719
815	2013	2	11	0.738213677707908
815	2013	2	12	0.618945714181019
815	2013	2	13	9.1373505411442
816	2013	2	12	2.689620294461
816	2013	2	13	5.12678351653728
816	2013	2	14	0.300910910614917
817	2013	2	11	0.586554735948057
817	2013	2	12	0.58533651292686
817	2013	2	13	0.298238679471646
818	2013	2	10	1.53606133717926
818	2013	2	12	2.419744597749
818	2013	2	13	2.08316136624725
818	2013	2	14	0.925269857736901
819	2013	2	12	17.1425494472904
819	2013	2	13	5.03167370147107
820	2013	2	10	1.20105000635002
820	2013	2	12	5.78938877189734
820	2013	2	13	0.52329555825863
820	2013	2	15	0.902546068639892
821	2013	2	11	0.57745736080589
821	2013	2	13	2.3117746703058
822	2013	2	11	0.68534869321547
822	2013	2	12	0.516536385366826
822	2013	2	13	2.66892032747985
823	2013	2	12	1.81945537967487
823	2013	2	13	0.862767157246121
824	2013	2	12	1.30358705209386
824	2013	2	13	5.67407020881013
824	2013	2	14	0.248979242146784
825	2013	2	12	0.929248731314198
825	2013	2	13	1.2632285023271
825	2013	2	14	1.40910088473626
826	2013	2	11	4.01771917266685
826	2013	2	12	2.68985607956188
828	2013	2	12	5.46009522976436
828	2013	2	13	2.04878586341524
828	2013	2	14	0.23746506972063
829	2013	2	11	4.42616773804003
829	2013	2	12	12.9664809306264
829	2013	2	13	17.6062503213024
829	2013	2	14	1.69977479222144
830	2013	2	12	19.1034365899746
830	2013	2	13	1.52688536700347
831	2013	2	11	0.122254574804663
831	2013	2	12	1.77881192291121
832	2013	2	12	7.18584568059908
833	2013	2	10	3.2508477808232
833	2013	2	11	0.683619602475707
833	2013	2	12	14.560240846866
833	2013	2	13	20.6562976155914
701	2014	2	13	1.20599166908924
709	2014	2	13	8.65378477238332
709	2014	2	14	0.100768657487257
738	2014	2	11	0.729872779764388
738	2014	2	12	1.74558587244598
738	2014	2	13	10.772451445071
738	2014	2	14	0.681055439503671
740	2014	2	13	4.18358416675453
841	2014	2	12	1.43982171850468
841	2014	2	13	0.829865311294593
842	2014	2	12	1.70123862472272
842	2014	2	13	0.10111251075937
843	2014	2	12	0.127255183819094
843	2014	2	13	6.54645543329619
843	2014	2	14	0.259343962206164
844	2014	2	12	1.99047817284423
844	2014	2	13	6.70423496329964
845	2014	2	12	5.53540892073612
845	2014	2	13	0.847470598826733
845	2014	2	14	0.40230832837118
846	2014	2	11	0.727790011373309
846	2014	2	12	1.75512534465229
846	2014	2	13	2.45078963603112
846	2014	2	14	0.233613913072974
846	2014	2	15	1.60823122680599
847	2014	2	11	3.49249803608439
847	2014	2	12	8.70118740203878
847	2014	2	13	30.4329598090048
847	2014	2	14	0.108716580262649
848	2014	2	12	1.43554811355129
848	2014	2	13	0.364327278371596
848	2014	2	14	1.37968669340187
848	2014	2	15	0.322956817546906
849	2014	2	11	9.70345091959119
849	2014	2	12	7.98210179063951
849	2014	2	13	28.8966626867247
849	2014	2	15	0.118806217704339
850	2014	2	11	1.49383615536389
850	2014	2	12	14.1240580590022
850	2014	2	13	17.1589365118014
850	2014	2	14	8.95205292499258
851	2014	2	12	0.896798806806018
851	2014	2	13	0.240638344203264
852	2014	2	12	4.31847289321452
852	2014	2	14	2.90535383738414
853	2014	2	11	0.581917628964145
853	2014	2	12	3.41393247559637
853	2014	2	13	1.01783515858948
853	2014	2	14	2.24402575132051
854	2014	2	10	3.64841093403923
854	2014	2	12	9.79104508456695
854	2014	2	13	0.637808522251169
854	2014	2	14	18.3629240075332
855	2014	2	12	0.90744843386229
855	2014	2	13	9.42473328159631
855	2014	2	14	0.794870872572782
856	2014	2	12	3.36009487756282
856	2014	2	13	6.20234672732479
856	2014	2	14	14.2792341285168
856	2014	2	15	1.48534789173232
857	2014	2	13	2.1538379502351
858	2014	2	10	0.279081140025399
858	2014	2	12	0.703965891805541
858	2014	2	13	1.68386912229146
858	2014	2	14	0.295487853294749
859	2014	2	13	0.931695001735796
859	2014	2	14	31.4891886415204
860	2014	2	12	1.77321202676539
861	2014	2	12	18.9722221813366
861	2014	2	13	21.9903697163528
861	2014	2	14	1.59592127966438
862	2014	2	11	0.241856567224462
863	2014	2	11	0.498685488354605
863	2014	2	12	57.5527263267629
863	2014	2	13	6.30034490987674
864	2014	2	12	16.2558402779261
864	2014	2	13	20.535074600603
865	2014	2	12	0.149310915130286
865	2014	2	13	43.2943002333985
865	2014	2	14	0.162799787776284
866	2014	2	10	0.681635077876659
866	2014	2	11	11.7919862212626
866	2014	2	12	1.92703233194994
866	2014	2	13	30.4699485967049
866	2014	2	14	0.353992031449826
867	2014	2	10	18.5769579328542
867	2014	2	12	0.722376778432344
867	2014	2	13	10.4546720753641
867	2014	2	14	25.3727364615692
868	2014	2	12	23.5788244678227
868	2014	2	13	46.9989655627553
868	2014	2	14	1.21782022164989
868	2014	2	15	0.0763157776504841
869	2014	2	12	1.49319757071568
869	2014	2	13	47.7769188543401
869	2014	2	14	0.267616089495261
870	2014	2	12	19.2609803348772
870	2014	2	13	19.6224290701422
871	2014	2	11	7.48041986662793
871	2014	2	12	8.73547448545796
871	2014	2	13	4.55450360357148
871	2014	2	14	0.594787565720341
872	2014	2	12	3.50422834485302
872	2014	2	13	9.47309870041368
872	2014	2	14	0.9341609209158
872	2014	2	15	1.08502408796019
873	2014	2	11	1.01505485927498
873	2014	2	12	2.07076299969281
873	2014	2	13	17.0540219662904
873	2014	2	14	1.73482817721847
873	2014	2	15	18.9393301597643
874	2014	2	12	15.776567762877
874	2014	2	13	16.0940425768286
875	2014	2	10	34.9627845720178
875	2014	2	12	9.3278059563775
875	2014	2	13	11.8320795127909
875	2014	2	14	0.606144548079244
876	2014	2	10	1.35654045599912
876	2014	2	11	1.13492210993326
876	2014	2	12	7.06357145703601
876	2014	2	13	16.704981421959
876	2014	2	14	0.438668355802236
877	2014	2	12	11.9169326759689
877	2014	2	13	12.514510365383
877	2014	2	14	0.582310604132273
878	2014	2	10	2.54249039151383
878	2014	2	11	0.363128704108805
878	2014	2	12	12.074839922902
878	2014	2	13	6.0070282443859
878	2014	2	14	3.60001604208425
879	2014	2	10	1.21657252549109
879	2014	2	12	2.23249193013594
879	2014	2	13	35.7397161281656
879	2014	2	14	0.971709698230444
880	2014	2	11	1.20458678286318
880	2014	2	12	4.18934125296761
880	2014	2	13	8.99936713523521
880	2014	2	14	2.58055003654704
881	2014	2	11	0.335080101483659
881	2014	2	12	11.0458344451585
881	2014	2	13	16.3364100117716
881	2014	2	14	2.26233839415528
882	2014	2	12	6.70003012900067
882	2014	2	13	3.3956001840032
882	2014	2	14	0.24850767194503
883	2014	2	10	0.556266174864581
883	2014	2	11	0.551560297226246
883	2014	2	12	1.28719998758291
883	2014	2	13	20.0141565421116
883	2014	2	14	0.284504197345568
883	2014	2	15	0.245393343737615
884	2014	2	13	8.77277765329252
884	2014	2	14	4.32124336814982
885	2014	2	10	3.53904594474917
885	2014	2	11	1.40852124636327
885	2014	2	12	25.2167940904768
885	2014	2	13	8.48829310470536
885	2014	2	14	1.09502530598905
885	2014	2	15	0.725166902126054
886	2014	2	12	0.476934312798713
886	2014	2	13	1.55464906263172
887	2014	2	12	2.82847807011908
887	2014	2	13	3.21539159627884
887	2014	2	14	0.47266070784532
888	2014	2	10	0.265965593789123
888	2014	2	11	4.37718338333286
888	2014	2	12	13.7278310213578
888	2014	2	13	7.45167373307935
888	2014	2	14	0.290831097552431
889	2014	2	11	0.51118209870108
889	2014	2	12	12.1061993413186
889	2014	2	13	7.87951562299966
890	2014	2	10	0.893930088078682
890	2014	2	12	4.35379153645003
890	2014	2	13	7.98927358745785
901	2015	2	13	NA
901	2015	2	15	NA
902	2015	2	12	NA
902	2015	2	13	NA
902	2015	2	14	NA
903	2015	2	10	NA
903	2015	2	12	NA
903	2015	2	13	NA
904	2015	2	12	NA
904	2015	2	13	NA
905	2015	2	12	NA
905	2015	2	13	NA
905	2015	2	14	NA
906	2015	2	11	NA
906	2015	2	12	NA
906	2015	2	13	NA
907	2015	2	12	NA
907	2015	2	13	NA
908	2015	2	12	NA
908	2015	2	13	NA
908	2015	2	14	NA
909	2015	2	12	NA
910	2015	2	10	NA
910	2015	2	12	NA
910	2015	2	13	NA
911	2015	2	12	NA
911	2015	2	13	NA
912	2015	2	11	NA
912	2015	2	12	NA
912	2015	2	13	NA
913	2015	2	12	NA
913	2015	2	13	NA
913	2015	2	14	NA
914	2015	2	12	NA
914	2015	2	13	NA
915	2015	2	11	NA
915	2015	2	13	NA
917	2015	2	12	NA
917	2015	2	13	NA
917	2015	2	14	NA
918	2015	2	12	NA
918	2015	2	13	NA
919	2015	2	11	NA
919	2015	2	12	NA
919	2015	2	13	NA
920	2015	2	11	NA
920	2015	2	12	NA
920	2015	2	13	NA
920	2015	2	14	NA
921	2015	2	12	NA
921	2015	2	13	NA
922	2015	2	12	NA
922	2015	2	13	NA
922	2015	2	14	NA
923	2015	2	13	NA
923	2015	2	14	NA
923	2015	2	15	NA
925	2015	2	13	NA
926	2015	2	12	NA
926	2015	2	13	NA
926	2015	2	14	NA
927	2015	2	13	NA
927	2015	2	14	NA
928	2015	2	12	NA
928	2015	2	13	NA
928	2015	2	14	NA
929	2015	2	10	NA
929	2015	2	11	NA
929	2015	2	12	NA
929	2015	2	13	NA
929	2015	2	14	NA
930	2015	2	12	NA
930	2015	2	13	NA
930	2015	2	14	NA
931	2015	2	11	NA
931	2015	2	12	NA
931	2015	2	13	NA
932	2015	2	12	NA
933	2015	2	12	NA
933	2015	2	13	NA
933	2015	2	14	NA
934	2015	2	13	NA
935	2015	2	12	NA
935	2015	2	13	NA
936	2015	2	12	NA
936	2015	2	13	NA
936	2015	2	14	NA
936	2015	2	15	NA
937	2015	2	12	NA
937	2015	2	13	NA
938	2015	2	12	NA
939	2015	2	12	NA
939	2015	2	13	NA
940	2015	2	12	NA
940	2015	2	13	NA
941	2015	2	13	NA
942	2015	2	11	NA
942	2015	2	12	NA
942	2015	2	13	NA
942	2015	2	14	NA
943	2015	2	12	NA
943	2015	2	13	NA
943	2015	2	14	NA
944	2015	2	12	NA
944	2015	2	13	NA
944	2015	2	14	NA
945	2015	2	12	NA
945	2015	2	13	NA
946	2015	2	12	NA
946	2015	2	13	NA
946	2015	2	14	NA
947	2015	2	13	NA
947	2015	2	14	NA
948	2015	2	11	NA
948	2015	2	12	NA
949	2015	2	12	NA
949	2015	2	13	NA
950	2015	2	12	NA
950	2015	2	13	NA
950	2015	2	14	NA
951	2015	2	10	NA
951	2015	2	11	NA
951	2015	2	12	NA
951	2015	2	13	NA
952	2015	2	12	NA
952	2015	2	13	NA
952	2015	2	14	NA
953	2015	2	12	NA
953	2015	2	13	NA
954	2015	2	12	NA
954	2015	2	13	NA
954	2015	2	14	NA
955	2015	2	12	NA
955	2015	2	13	NA
955	2015	2	14	NA
956	2015	2	12	NA
956	2015	2	13	NA
957	2015	2	13	NA
957	2015	2	14	NA
958	2015	2	12	NA
958	2015	2	13	NA
959	2015	2	11	NA
959	2015	2	12	NA
959	2015	2	13	NA
960	2015	2	12	NA
960	2015	2	13	NA
960	2015	2	14	NA
961	2015	2	11	NA
961	2015	2	12	NA
961	2015	2	13	NA
961	2015	2	14	NA
962	2015	2	12	NA
962	2015	2	13	NA
963	2015	2	12	NA
963	2015	2	13	NA
964	2015	2	12	NA
964	2015	2	13	NA
965	2015	2	11	NA
965	2015	2	12	NA
965	2015	2	13	NA
965	2015	2	14	NA
966	2015	2	12	NA
966	2015	2	13	NA
121000	2015	2	10	NA
121000	2015	2	11	NA
121000	2015	2	12	NA
121000	2015	2	13	NA
121000	2015	2	14	NA
1003	2016	2	11	10.0877354418762
1003	2016	2	12	0.65686428112887
1003	2016	2	13	7.59624615363235
1004	2016	2	12	3.25977617664307
1004	2016	2	13	7.19705726214577
1004	2016	2	14	1.06000021520413
1005	2016	2	13	6.79203976296551
1008	2016	2	13	9.59782115927418
1008	2016	2	14	0.519311968979315
1009	2016	2	12	1.61124220254419
1009	2016	2	13	34.0792325651543
1011	2016	2	12	25.5262459233958
1011	2016	2	13	35.7567398124489
1011	2016	2	14	0.678169822844106
1018	2016	2	11	2.82892606181074
1018	2016	2	12	5.3371513765148
1018	2016	2	13	8.2405760987986
1019	2016	2	12	1.95988348410478
1019	2016	2	13	2.60732579260261
1019	2016	2	14	0.154500545200586
1019	2016	2	15	0.219916763587868
1022	2016	2	13	5.03054114703652
1023	2016	2	12	0.492361731949087
1023	2016	2	13	3.53142890706534
1023	2016	2	14	0.576848249295292
1024	2016	2	12	5.79179692372762
1024	2016	2	13	7.04641887689755
1024	2016	2	14	0.757195557254001
1027	2016	2	12	1.89078901814382
1027	2016	2	13	1.83857204970363
1027	2016	2	14	0.395906762882373
1028	2016	2	12	3.23258543880995
1028	2016	2	13	15.2437897138115
1029	2016	2	12	3.59475135375684
1029	2016	2	13	15.0761606541941
1032	2016	2	12	5.98752213596552
1032	2016	2	13	3.6422007474573
1032	2016	2	14	0.591646122226325
1035	2016	2	12	0.950190378023747
1035	2016	2	13	4.31796556227246
1035	2016	2	14	0.195654476707637
1037	2016	2	12	4.85432479404518
1037	2016	2	13	21.8552699622275
1037	2016	2	14	0.490819697389353
1041	2016	2	13	8.33567294568427
1041	2016	2	14	1.71805285324142
1044	2016	2	10	18.3999241915131
1044	2016	2	11	18.9819644287297
1044	2016	2	12	1.83012622739022
1044	2016	2	13	10.4935168847833
1044	2016	2	14	1.41456913420077
1046	2016	2	12	2.08594834613962
1046	2016	2	13	7.21503823393864
1046	2016	2	14	0.291713326804878
1051	2016	2	12	1.23819716304284
1051	2016	2	13	6.45303266062675
1051	2016	2	14	0.684352108189097
1052	2016	2	12	11.6943515407412
1052	2016	2	13	12.4489864717996
1052	2016	2	14	0.113870056617481
1053	2016	2	12	2.86507191777517
1053	2016	2	13	0.970562210739509
1053	2016	2	14	0.305704814690913
1058	2016	2	12	6.26384341138516
1058	2016	2	13	12.5045421572682
1058	2016	2	14	0.233243337489429
1059	2016	2	12	16.399622425416
1059	2016	2	13	10.828760856912
1059	2016	2	14	0.265428003759124
1060	2016	2	12	16.088527563319
1060	2016	2	13	13.7981535347192
1062	2016	2	12	9.24947696694069
1062	2016	2	13	9.38122896560868
1062	2016	2	14	0.850113749807563
1063	2016	2	11	1.53138178887719
1063	2016	2	12	11.575742203596
1063	2016	2	13	8.49761486866853
1065	2016	2	12	1.06722938639701
1065	2016	2	13	16.4831752337627
1101	2016	2	12	2.73112829659453
1101	2016	2	13	0.137767269566522
1102	2016	2	13	12.6502734615921
1102	2016	2	14	3.32400993274945
1103	2016	2	10	1.89092773837817
1103	2016	2	12	0.819864093265732
1103	2016	2	13	3.54474408468703
1103	2016	2	14	1.04593288311065
1103	2016	2	15	0.144438023045497
1104	2016	2	11	0.778925905125983
1104	2016	2	12	2.15850453035662
1104	2016	2	13	3.51472078184204
1104	2016	2	14	0.540527519381049
1104	2016	2	15	0.412564980259324
1105	2016	2	12	10.6268836184171
1105	2016	2	13	1.38702550466666
1105	2016	2	14	0.252712506244001
1106	2016	2	12	7.33760286615096
1106	2016	2	13	0.66749779620325
1106	2016	2	14	1.27925206480752
1107	2016	2	12	0.154812567484079
1107	2016	2	13	1.50089005963179
1108	2016	2	11	0.647573955179153
1108	2016	2	12	1.28706244627407
1108	2016	2	13	2.60691867032843
1108	2016	2	14	0.373454126651371
1109	2016	2	11	0.595927193707913
1109	2016	2	12	7.89423254304606
1109	2016	2	13	34.8207633462563
1109	2016	2	14	5.26964963891026
1110	2016	2	12	4.01992965798757
1110	2016	2	13	4.34411452293488
1110	2016	2	14	0.115053304848715
1111	2016	2	11	0.935231778248949
1111	2016	2	12	0.958034162379584
1111	2016	2	13	8.9272856650213
1111	2016	2	14	1.50549769347809
1112	2016	2	12	0.142502620342466
1112	2016	2	14	0.336445690192904
1113	2016	2	12	0.936518771924569
1113	2016	2	13	0.894126575662746
1114	2016	2	13	2.96111701374153
1114	2016	2	14	0.2646687757343
1115	2016	2	12	1.39962035880517
1115	2016	2	13	6.32194871974459
1115	2016	2	14	12.3210879876303
1116	2016	2	11	0.288021325100315
1116	2016	2	12	0.185189547980384
1116	2016	2	13	3.26704818212928
1116	2016	2	14	0.194060962400877
1117	2016	2	11	5.33725119220751
1117	2016	2	12	1.44705246159824
1117	2016	2	13	0.987635016918836
1117	2016	2	14	0.341122094693629
1118	2016	2	13	4.38117208128936
1119	2016	2	13	2.34088430588489
1119	2016	2	14	0.784329313687745
1120	2016	2	12	2.75719237462063
1120	2016	2	13	0.600004311077242
1121	2016	2	13	10.8907566194359
1122	2016	2	11	2.25108947996761
1122	2016	2	12	0.948740299653354
1122	2016	2	13	1.89381610586391
1123	2016	2	10	0.160294571079467
1123	2016	2	12	10.26915832287
1123	2016	2	13	23.6238397733318
1124	2016	2	11	0.412113058815977
1124	2016	2	12	12.72366157424
1124	2016	2	13	3.56783137581456
1124	2016	2	14	0.0953456001670892
1125	2016	2	12	0.771793405824457
1125	2016	2	13	2.14965276469453
1126	2016	2	10	0.189089826524056
1126	2016	2	11	1.74291364130271
1126	2016	2	12	3.39674963636997
1126	2016	2	13	8.270663456596
1126	2016	2	14	0.150273704292199
1126	2016	2	15	0.431624275913539
1127	2016	2	13	2.14241219722177
1127	2016	2	14	1.31254688592718
1128	2016	2	12	3.03213745100148
1128	2016	2	13	3.95550137917296
1128	2016	2	15	0.18505200667154
1129	2016	2	11	0
1129	2016	2	12	0.336219729471231
1129	2016	2	13	4.90346555286926
1129	2016	2	14	1.11546983911092
1130	2016	2	11	1.18121458473876
1130	2016	2	12	5.27969997883514
1130	2016	2	13	4.18143262770903
1130	2016	2	14	1.35774885464112
1131	2016	2	12	2.3807811098291
1131	2016	2	13	0.306245548522257
1132	2016	2	12	3.60023217842672
1132	2016	2	13	7.71292362485094
1132	2016	2	14	1.27782752982306
1133	2016	2	12	1.11462494249944
1133	2016	2	13	11.1025505862986
1133	2016	2	14	3.14554026014406
1134	2016	2	12	6.16640914819947
1134	2016	2	13	13.5893760452471
1134	2016	2	14	0.279090964404603
1135	2016	2	10	13.6208238830765
1135	2016	2	11	1.60964593741125
1135	2016	2	12	4.01039018578126
1135	2016	2	13	14.344320640738
1135	2016	2	14	0.966502777252746
1136	2016	2	10	1.04784863705527
1136	2016	2	11	0.475273992713372
1136	2016	2	13	20.6896513829862
1137	2016	2	11	3.62625695893601
1137	2016	2	12	0.280780757627554
1137	2016	2	13	8.47056992462278
1138	2016	2	13	0.587615768902003
1139	2016	2	11	0.459790771089123
1139	2016	2	12	2.84682018609146
1139	2016	2	13	7.63409280612443
1140	2016	2	12	1.05758459684564
1140	2016	2	13	3.25549471218631
1140	2016	2	14	0.293876655105424
1141	2016	2	13	5.76866915615778
1141	2016	2	NA	2.43465800537946
1142	2016	2	10	1.57997631221758
1142	2016	2	12	0.224457591655588
1142	2016	2	13	2.07239384664054
1142	2016	2	14	0.333537673948756
1144	2016	2	12	0.118943759013184
1144	2016	2	13	5.93776637100332
1145	2016	2	13	2.56003673277075
1145	2016	2	14	0.17217224553614
1146	2016	2	10	0.739687334588388
1146	2016	2	11	10.5916239214568
1146	2016	2	12	1.97497530246158
1146	2016	2	13	4.63845292386285
1146	2016	2	14	1.95448164744369
1147	2016	2	12	0.577398414530671
1147	2016	2	13	3.13459590171169
1148	2016	2	14	0.13761007949927
1149	2016	2	12	10.0502416810851
1149	2016	2	13	9.46364764762019
1149	2016	2	14	1.81478879955334
1151	2016	2	11	5.07267083588604
1151	2016	2	12	3.88711387553946
1151	2016	2	13	12.1928208927533
1152	2016	2	11	0.167486016656212
1152	2016	2	12	1.83805292950653
1152	2016	2	13	0.245216504911957
1153	2016	2	11	0.56190536852722
1153	2016	2	12	9.6298859681176
1153	2016	2	13	1.99014414395132
1153	2016	2	14	2.65288694062022
1153	2016	2	15	0.460900925939085
1154	2016	2	11	0.759080659135512
1154	2016	2	12	2.04530803317731
1154	2016	2	13	6.58013340520477
1154	2016	2	14	0.866637962652183
1154	2016	2	15	1.57529990771686
1155	2016	2	13	2.17679752443298
1155	2016	2	14	0.52099665352508
1156	2016	2	13	3.43812992157386
1156	2016	2	14	5.02780289606501
1157	2016	2	13	5.82579792122441
1158	2016	2	10	0.269364828993431
1158	2016	2	11	0.291312492133388
1158	2016	2	13	9.35525527187125
1159	2016	2	11	6.53547177734701
1159	2016	2	12	3.1395277400717
1159	2016	2	13	23.2953420059143
1159	2016	2	14	0.723575352695135
1160	2016	2	12	5.16801643605313
1160	2016	2	13	6.45297646517771
1160	2016	2	14	1.26348393618638
1161	2016	2	12	5.7070997716913
1161	2016	2	13	3.24883378308654
1161	2016	2	14	0.34032631997817
1162	2016	2	12	0.998009561357419
1162	2016	2	13	11.8319124983444
1162	2016	2	14	0.62060603426636
1163	2016	2	12	0.537943707650606
1163	2016	2	13	8.00935461854919
1164	2016	2	10	0.380753640399352
1164	2016	2	11	2.18822327744631
1164	2016	2	13	7.22205834234208
1164	2016	2	14	0.268372566693908
1165	2016	2	10	2.05787341417821
1165	2016	2	11	12.1537100391453
1165	2016	2	12	1.76704231662578
1165	2016	2	13	4.49703098523274
1167	2016	2	10	4.77281113384586
1167	2016	2	13	8.46734752824413
1167	2016	2	14	2.30187169606897
1168	2016	2	10	2.12170240586142
1168	2016	2	11	1.08645844732386
1168	2016	2	12	0.239253106735613
1168	2016	2	13	11.6595634139826
1168	2016	2	14	0.476020645532815
1168	2016	2	15	0.16913651236235
1169	2016	2	10	0.626304174204218
1169	2016	2	12	47.4105579294735
1169	2016	2	13	8.96763439040886
1169	2016	2	14	60.1449968476994
1170	2016	2	12	1.64318636801099
1170	2016	2	13	0.772137259096569
1171	2016	2	11	1.2819537690884
1171	2016	2	13	9.87972975563427
1171	2016	2	14	0.275760499854717
1172	2016	2	13	5.84921924124484
1172	2016	2	14	0.879468601891567
1173	2016	2	11	0.075824558690324
1173	2016	2	13	3.25148636547141
1174	2016	2	13	4.075211439764
1174	2016	2	14	0.205584959206235
1175	2016	2	12	0.845790629982985
1175	2016	2	13	3.12785637757829
1175	2016	2	14	0.132422807279979
1176	2016	2	11	0.650472147044098
1176	2016	2	12	2.68720349717701
1176	2016	2	13	0.56132573015423
1176	2016	2	14	1.39221277688596
1177	2016	2	13	4.65983077300902
1177	2016	2	14	0.08847835910405
1177	2016	2	15	0.16484325865055
1178	2016	2	10	0.361291545197806
1178	2016	2	12	8.93896685189391
1178	2016	2	13	6.00563318253905
1201	2017	2	10	1.44037188374006
1201	2017	2	12	3.8010424893402
1202	2017	2	10	1.16468015453977
1202	2017	2	12	0.386795633609322
1202	2017	2	13	0.73122854409443
1202	2017	2	14	13.815444835092
1203	2017	2	10	0.654657332584663
1203	2017	2	11	0.801237070296458
1203	2017	2	12	11.4425625261423
1203	2017	2	13	109.699764835789
1203	2017	2	14	46.9963031559912
1204	2017	2	11	4.32160687018034
1204	2017	2	12	16.4134527934831
1204	2017	2	13	18.5429950539487
1204	2017	2	14	0.211636776795408
1205	2017	2	11	5.336936812073
1205	2017	2	12	35.8652323968657
1205	2017	2	13	9.34398670892518
1205	2017	2	14	0.233741630002616
1206	2017	2	10	1.32344212246353
1206	2017	2	11	0.295939774738097
1206	2017	2	12	5.30951696971686
1206	2017	2	13	136.332084955001
1206	2017	2	14	6.15747878750376
1206	2017	2	15	0.33045281887895
1208	2017	2	11	0.859760897209941
1208	2017	2	12	3.7774345061149
1208	2017	2	13	0.456136102025531
1209	2017	2	11	2.73942007264204
1209	2017	2	12	1.21823284557643
1209	2017	2	13	7.66552099519548
1209	2017	2	14	0.246621391138015
1210	2017	2	11	0.248458550049014
1210	2017	2	12	0.307159215788155
1210	2017	2	13	2.78485782645685
1210	2017	2	14	0.192577481141193
1211	2017	2	11	0.906495469079579
1211	2017	2	12	0.519228265268504
1212	2017	2	12	11.4018699474826
1212	2017	2	13	59.3051106696175
1213	2017	2	11	1.18958495581989
1213	2017	2	12	3.25272423725101
1213	2017	2	13	2.71134199687928
1213	2017	2	14	0.650295308218441
1214	2017	2	10	5.16050078596268
1214	2017	2	11	2.76281191952487
1214	2017	2	12	18.9882752169547
1214	2017	2	13	23.0976754963458
1215	2017	2	11	1.0510120871587
1215	2017	2	12	26.057230433794
1215	2017	2	13	7.90032365815204
1216	2017	2	12	9.6403194588314
1216	2017	2	13	0.49480485856934
1216	2017	2	15	1.59241397628884
1217	2017	2	10	1.74265820744343
1217	2017	2	11	0.831928430927265
1217	2017	2	12	6.04985271333266
1217	2017	2	13	1.10707981927138
1218	2017	2	12	2.01051008203956
1219	2017	2	11	1.1893196975814
1219	2017	2	12	0.901936957129293
1219	2017	2	13	0.289760240219282
1221	2017	2	12	3.60014375901389
1221	2017	2	13	5.09874473829134
1222	2017	2	11	0.710666118422125
1222	2017	2	12	108.292560056239
1222	2017	2	13	61.9764969162774
1222	2017	2	14	28.0962508642813
1222	2017	2	15	0.373797979923484
1223	2017	2	11	0.927725952537702
1223	2017	2	12	35.9652052796375
1223	2017	2	13	63.7041827698151
1223	2017	2	14	1.51200143251062
1224	2017	2	12	20.5304374936191
1224	2017	2	13	32.7899855699206
1224	2017	2	14	0.876177434858494
1225	2017	2	12	43.1288085657205
1225	2017	2	13	78.0296504268622
1225	2017	2	14	4.61963923768872
1226	2017	2	11	2.31015364773727
1226	2017	2	12	20.9677992069873
1226	2017	2	13	111.367885478218
1226	2017	2	14	18.7748602275235
1227	2017	2	11	6.80332365194315
1227	2017	2	12	38.0335613064255
1227	2017	2	13	15.504854907254
1227	2017	2	14	0.183912378683968
1228	2017	2	10	4.54010106365958
1228	2017	2	11	0.828037976762797
1228	2017	2	12	1.23237995162904
1228	2017	2	13	0.640569172807269
1228	2017	2	14	0.245177207395144
1229	2017	2	11	3.25959147831405
1229	2017	2	12	1.569601767779
1229	2017	2	13	0.844818016441868
1230	2017	2	11	21.7997571110522
1230	2017	2	12	3.43234336222318
1230	2017	2	13	1.17248071162711
1230	2017	2	14	0.356369531217001
1231	2017	2	12	25.3085537922347
1231	2017	2	13	58.0136174283228
1231	2017	2	14	4.17959546879803
1232	2017	2	10	2.95642096048239
1232	2017	2	11	10.6747086963783
1232	2017	2	12	5.34837238946553
1232	2017	2	13	26.3225083210389
1232	2017	2	14	1.07558285954591
1233	2017	2	10	0.348038457652684
1233	2017	2	12	0.525820423713853
1233	2017	2	13	115.924314660113
1233	2017	2	14	34.0356284334739
1234	2017	2	13	94.3135098342758
1234	2017	2	14	7.13765710060736
1234	2017	2	15	0.976857672932922
1235	2017	2	11	0.543602550071651
1235	2017	2	12	89.1106463251889
1235	2017	2	13	21.4342116096594
1235	2017	2	14	8.78694440810354
1236	2017	2	11	0.275180861481728
1236	2017	2	12	0.444504037048939
1236	2017	2	13	1.19209999689591
1237	2017	2	12	86.1588329985529
1237	2017	2	13	9.94134826199676
1237	2017	2	14	3.82704762109108
1240	2017	2	11	5.4562145999791
1240	2017	2	12	53.9117327990221
1240	2017	2	13	0.148259706555543
1241	2017	2	12	0.347488292417305
1241	2017	2	13	0.435318242493943
1243	2017	2	12	18.5665833884156
1243	2017	2	13	128.847008332631
1243	2017	2	14	58.5935996545839
1244	2017	2	12	1.64499405378438
1245	2017	2	12	4.24982995572173
1245	2017	2	13	22.1755003180579
1245	2017	2	14	0.400412223184962
1245	2017	2	15	1.07249800447611
1246	2017	2	11	38.434867548118
1246	2017	2	12	33.5341036995296
1246	2017	2	13	0.770486763390431
1026	NA	2	12	0.561343021061628
1026	NA	2	13	3.22346055540601
1150	NA	2	12	2.65623705392851
1150	NA	2	14	0.17011895028267
1166	NA	2	12	3.54849699754265
1166	NA	2	13	2.5442587797704
1207	NA	2	12	0.221048532072077
1207	NA	2	13	0.837695341519546
1238	NA	2	13	0.898763682646658
