plot_id	year	period	number_of_tree_species	min_number_of_trees_ha	max_number_of_trees_ha	rubbing_damage_perc	forest_reserve
101	2002	1	6	49200.4910496427	49200.4910496427	NA	Everzwijnbad
102	2002	1	3	7702.31329531148	7702.31329531148	NA	Everzwijnbad
103	2002	1	2	5344.46228654266	5344.46228654266	NA	Everzwijnbad
104	2002	1	3	52658.6725291703	52658.6725291703	NA	Everzwijnbad
105	2002	1	3	46056.6897046176	46056.6897046176	NA	Everzwijnbad
106	2002	1	4	7073.55302630646	7073.55302630646	NA	Everzwijnbad
107	2002	1	2	28294.2121052258	28294.2121052258	NA	Everzwijnbad
108	2002	1	2	42126.9380233363	42126.9380233363	NA	Everzwijnbad
109	2002	1	3	14618.6762543667	14618.6762543667	NA	Everzwijnbad
110	2002	1	3	66177.0183127782	66177.0183127782	NA	Everzwijnbad
111	2002	1	1	1257.52053801004	1257.52053801004	NA	Everzwijnbad
113	2002	1	3	3143.80134502509	3143.80134502509	NA	Everzwijnbad
114	2002	1	1	2357.85100876882	2357.85100876882	NA	Everzwijnbad
115	2002	1	2	13203.9656491054	13203.9656491054	NA	Everzwijnbad
116	2002	1	3	3772.56161403011	3772.56161403011	NA	Everzwijnbad
117	2002	1	7	22635.3696841807	22635.3696841807	NA	Everzwijnbad
118	2002	1	4	8802.64376607026	8802.64376607026	NA	Everzwijnbad
119	2002	1	2	63033.2169677531	63033.2169677531	NA	Everzwijnbad
120	2002	1	3	63033.2169677531	63033.2169677531	NA	Everzwijnbad
121	2002	1	2	4401.32188303513	4401.32188303513	NA	Everzwijnbad
123	2002	1	3	20906.2789444169	20906.2789444169	NA	Everzwijnbad
124	2002	1	2	63504.7871695069	63504.7871695069	NA	Everzwijnbad
125	2002	1	5	3929.75168128137	3929.75168128137	NA	Everzwijnbad
126	2002	1	1	628.760269005019	628.760269005019	NA	Everzwijnbad
127	2002	1	3	3458.1814795276	3458.1814795276	NA	Everzwijnbad
128	2002	1	3	18862.8080701506	18862.8080701506	NA	Everzwijnbad
129	2002	1	1	17762.4775993918	17762.4775993918	NA	Everzwijnbad
131	2002	1	1	2515.04107602007	2515.04107602007	NA	Everzwijnbad
132	2002	1	4	13518.3457836079	13518.3457836079	NA	Everzwijnbad
133	2002	1	1	1886.28080701506	1886.28080701506	NA	Everzwijnbad
134	2002	1	1	5187.2722192914	5187.2722192914	NA	Everzwijnbad
136	2002	1	3	69006.4395233008	69006.4395233008	NA	Everzwijnbad
137	2002	1	1	5030.08215204015	5030.08215204015	NA	Everzwijnbad
138	2002	1	2	15090.2464561204	15090.2464561204	NA	Everzwijnbad
139	2002	1	4	63661.9772367581	63661.9772367581	NA	Everzwijnbad
140	2002	1	1	1886.28080701506	1886.28080701506	NA	Everzwijnbad
141	2002	1	1	5030.08215204015	5030.08215204015	NA	Everzwijnbad
142	2002	1	3	1729.0907397638	1729.0907397638	NA	Everzwijnbad
143	2002	1	1	5658.84242104517	5658.84242104517	NA	Everzwijnbad
144	2002	1	3	1729.0907397638	1729.0907397638	NA	Everzwijnbad
145	2002	1	3	41340.98768708	41340.98768708	NA	Everzwijnbad
146	2002	1	1	27036.6915672158	27036.6915672158	NA	Everzwijnbad
147	2002	1	5	3615.37154677886	3615.37154677886	NA	Everzwijnbad
401	2003	1	1	157.190067251255	157.190067251255	NA	Wijnendalebos
402	2003	1	3	20906.2789444169	20906.2789444169	NA	Wijnendalebos
403	2003	1	3	1886.28080701506	1886.28080701506	NA	Wijnendalebos
404	2003	1	3	26407.9312982108	26407.9312982108	NA	Wijnendalebos
405	2003	1	2	48728.9208478889	48728.9208478889	NA	Wijnendalebos
406	2003	1	4	2357.85100876882	2357.85100876882	NA	Wijnendalebos
409	2003	1	2	4401.32188303513	4401.32188303513	NA	Wijnendalebos
410	2003	1	2	2515.04107602007	2515.04107602007	NA	Wijnendalebos
414	2003	1	1	157.190067251255	157.190067251255	NA	Wijnendalebos
415	2003	1	2	2515.04107602007	2515.04107602007	NA	Wijnendalebos
416	2003	1	1	628.760269005019	628.760269005019	NA	Wijnendalebos
417	2003	1	2	1257.52053801004	1257.52053801004	NA	Wijnendalebos
418	2003	1	7	7230.74309355771	7230.74309355771	NA	Wijnendalebos
419	2003	1	1	1257.52053801004	1257.52053801004	NA	Wijnendalebos
420	2003	1	3	18234.0478011455	18234.0478011455	NA	Wijnendalebos
423	2003	1	1	157.190067251255	157.190067251255	NA	Wijnendalebos
427	2003	1	1	44013.2188303513	44013.2188303513	NA	Wijnendalebos
428	2003	1	1	1886.28080701506	1886.28080701506	NA	Wijnendalebos
431	2003	1	1	1257.52053801004	1257.52053801004	NA	Wijnendalebos
439	2003	1	1	33324.294257266	33324.294257266	NA	Wijnendalebos
443	2003	1	1	628.760269005019	628.760269005019	NA	Wijnendalebos
445	2003	1	2	1257.52053801004	1257.52053801004	NA	Wijnendalebos
446	2003	1	2	1257.52053801004	1257.52053801004	NA	Wijnendalebos
448	2003	1	3	10217.3543713316	10217.3543713316	NA	Wijnendalebos
449	2003	1	2	22320.9895496782	22320.9895496782	NA	Wijnendalebos
454	2003	1	2	2515.04107602007	2515.04107602007	NA	Wijnendalebos
456	2003	1	1	1257.52053801004	1257.52053801004	NA	Wijnendalebos
457	2003	1	1	157.190067251255	157.190067251255	NA	Wijnendalebos
458	2003	1	2	1886.28080701506	1886.28080701506	NA	Wijnendalebos
460	2003	1	1	628.760269005019	628.760269005019	NA	Wijnendalebos
463	2003	1	1	628.760269005019	628.760269005019	NA	Wijnendalebos
473	2003	1	1	628.760269005019	628.760269005019	NA	Wijnendalebos
476	2003	1	1	471.570201753764	471.570201753764	NA	Wijnendalebos
477	2003	1	2	5030.08215204015	5030.08215204015	NA	Wijnendalebos
479	2003	1	1	785.950336256273	785.950336256273	NA	Wijnendalebos
480	2003	1	1	628.760269005019	628.760269005019	NA	Wijnendalebos
483	2003	1	2	1257.52053801004	1257.52053801004	NA	Wijnendalebos
485	2003	1	1	1257.52053801004	1257.52053801004	NA	Wijnendalebos
489	2003	1	1	157.190067251255	157.190067251255	NA	Wijnendalebos
490	2003	1	2	314.380134502509	314.380134502509	NA	Wijnendalebos
492	2003	1	1	157.190067251255	157.190067251255	NA	Wijnendalebos
493	2003	1	3	14775.8663216179	14775.8663216179	NA	Wijnendalebos
494	2003	1	2	785.950336256273	785.950336256273	NA	Wijnendalebos
495	2003	1	3	39297.5168128137	39297.5168128137	NA	Wijnendalebos
497	2003	1	1	628.760269005019	628.760269005019	NA	Wijnendalebos
498	2003	1	1	628.760269005019	628.760269005019	NA	Wijnendalebos
499	2003	1	3	5658.84242104517	5658.84242104517	NA	Wijnendalebos
501	2003	1	1	8173.88349706524	8173.88349706524	NA	Wijnendalebos
504	2003	1	1	157.190067251255	157.190067251255	NA	Wijnendalebos
507	2003	1	2	1414.71060526129	1414.71060526129	NA	Wijnendalebos
510	2003	1	3	22006.6094151757	22006.6094151757	NA	Wijnendalebos
511	2003	1	1	628.760269005019	628.760269005019	NA	Wijnendalebos
512	2003	1	1	628.760269005019	628.760269005019	NA	Wijnendalebos
514	2003	1	2	943.140403507528	943.140403507528	NA	Wijnendalebos
516	2003	1	2	2515.04107602007	2515.04107602007	NA	Wijnendalebos
517	2003	1	1	3143.80134502509	3143.80134502509	NA	Wijnendalebos
518	2003	1	1	157.190067251255	157.190067251255	NA	Wijnendalebos
521	2003	1	1	628.760269005019	628.760269005019	NA	Wijnendalebos
522	2003	1	3	4558.51195028639	4558.51195028639	NA	Wijnendalebos
701	2003	1	7	71521.4805993209	71521.4805993209	NA	Heirnisse
702	2003	1	3	1414.71060526129	1414.71060526129	NA	Heirnisse
703	2003	1	1	1257.52053801004	1257.52053801004	NA	Heirnisse
704	2003	1	3	628.760269005019	628.760269005019	NA	Heirnisse
705	2003	1	3	3143.80134502509	3143.80134502509	NA	Heirnisse
706	2003	1	6	9588.59410232653	9588.59410232653	NA	Heirnisse
708	2003	1	3	2043.47087426631	2043.47087426631	NA	Heirnisse
709	2003	1	4	69478.0097250546	69478.0097250546	NA	Heirnisse
710	2003	1	3	1257.52053801004	1257.52053801004	NA	Heirnisse
711	2003	1	2	1571.90067251255	1571.90067251255	NA	Heirnisse
712	2003	1	1	157.190067251255	157.190067251255	NA	Heirnisse
713	2003	1	4	7545.12322806022	7545.12322806022	NA	Heirnisse
714	2003	1	5	2043.47087426631	2043.47087426631	NA	Heirnisse
715	2003	1	5	5816.03248829642	5816.03248829642	NA	Heirnisse
716	2003	1	2	2829.42121052258	2829.42121052258	NA	Heirnisse
717	2003	1	5	3772.56161403011	3772.56161403011	NA	Heirnisse
718	2003	1	2	12575.2053801004	12575.2053801004	NA	Heirnisse
719	2003	1	2	471.570201753764	471.570201753764	NA	Heirnisse
720	2003	1	3	7073.55302630646	7073.55302630646	NA	Heirnisse
721	2003	1	2	314.380134502509	314.380134502509	NA	Heirnisse
722	2003	1	3	17290.907397638	17290.907397638	NA	Heirnisse
723	2003	1	4	2043.47087426631	2043.47087426631	NA	Heirnisse
724	2003	1	2	1100.33047075878	1100.33047075878	NA	Heirnisse
725	2003	1	2	7545.12322806022	7545.12322806022	NA	Heirnisse
726	2003	1	2	5030.08215204015	5030.08215204015	NA	Heirnisse
727	2003	1	2	1729.0907397638	1729.0907397638	NA	Heirnisse
728	2003	1	1	785.950336256273	785.950336256273	NA	Heirnisse
729	2003	1	4	1414.71060526129	1414.71060526129	NA	Heirnisse
730	2003	1	1	314.380134502509	314.380134502509	NA	Heirnisse
731	2003	1	2	471.570201753764	471.570201753764	NA	Heirnisse
732	2003	1	2	1729.0907397638	1729.0907397638	NA	Heirnisse
733	2003	1	5	1571.90067251255	1571.90067251255	NA	Heirnisse
734	2003	1	1	157.190067251255	157.190067251255	NA	Heirnisse
735	2003	1	3	1100.33047075878	1100.33047075878	NA	Heirnisse
736	2003	1	1	157.190067251255	157.190067251255	NA	Heirnisse
737	2003	1	1	628.760269005019	628.760269005019	NA	Heirnisse
738	2003	1	5	20277.5186754119	20277.5186754119	NA	Heirnisse
739	2003	1	2	62876.0269005019	62876.0269005019	NA	Heirnisse
740	2003	1	3	1571.90067251255	1571.90067251255	NA	Heirnisse
741	2003	1	1	471.570201753764	471.570201753764	NA	Heirnisse
745	2003	1	2	1100.33047075878	1100.33047075878	NA	Heirnisse
746	2003	1	4	2200.66094151757	2200.66094151757	NA	Heirnisse
747	2003	1	2	2986.61127777384	2986.61127777384	NA	Heirnisse
748	2003	1	2	943.140403507528	943.140403507528	NA	Heirnisse
749	2003	1	2	628.760269005019	628.760269005019	NA	Heirnisse
750	2003	1	4	2043.47087426631	2043.47087426631	NA	Heirnisse
751	2003	1	2	2200.66094151757	2200.66094151757	NA	Heirnisse
752	2003	1	2	1571.90067251255	1571.90067251255	NA	Heirnisse
753	2003	1	1	471.570201753764	471.570201753764	NA	Heirnisse
754	2003	1	1	3458.1814795276	3458.1814795276	NA	Heirnisse
755	2003	1	3	11160.4947748391	11160.4947748391	NA	Heirnisse
756	2003	1	2	471.570201753764	471.570201753764	NA	Heirnisse
757	2003	1	1	157.190067251255	157.190067251255	NA	Heirnisse
759	2003	1	1	157.190067251255	157.190067251255	NA	Heirnisse
760	2003	1	3	2672.23114327133	2672.23114327133	NA	Heirnisse
761	2003	1	4	6287.60269005019	6287.60269005019	NA	Heirnisse
762	2003	1	3	20749.0888771656	20749.0888771656	NA	Heirnisse
763	2003	1	3	1257.52053801004	1257.52053801004	NA	Heirnisse
764	2003	1	2	2200.66094151757	2200.66094151757	NA	Heirnisse
765	2003	1	2	314.380134502509	314.380134502509	NA	Heirnisse
766	2003	1	2	4558.51195028639	4558.51195028639	NA	Heirnisse
768	2003	1	1	785.950336256273	785.950336256273	NA	Heirnisse
801	2004	1	2	3615.37154677886	3615.37154677886	NA	Jansheideberg
802	2004	1	4	8645.45369881901	8645.45369881901	NA	Jansheideberg
803	2004	1	2	3300.99141227635	3300.99141227635	NA	Jansheideberg
804	2004	1	2	40240.6572163212	40240.6572163212	NA	Jansheideberg
805	2004	1	1	943.140403507528	943.140403507528	NA	Jansheideberg
806	2004	1	1	7073.55302630646	7073.55302630646	NA	Jansheideberg
807	2004	1	1	3615.37154677886	3615.37154677886	NA	Jansheideberg
808	2004	1	2	785.950336256273	785.950336256273	NA	Jansheideberg
809	2004	1	2	11789.2550438441	11789.2550438441	NA	Jansheideberg
810	2004	1	3	22949.7498186832	22949.7498186832	NA	Jansheideberg
811	2004	1	1	2829.42121052258	2829.42121052258	NA	Jansheideberg
812	2004	1	2	37882.8062075524	37882.8062075524	NA	Jansheideberg
813	2004	1	2	1886.28080701506	1886.28080701506	NA	Jansheideberg
814	2004	1	2	31438.0134502509	31438.0134502509	NA	Jansheideberg
815	2004	1	3	5030.08215204015	5030.08215204015	NA	Jansheideberg
816	2004	1	2	5187.2722192914	5187.2722192914	NA	Jansheideberg
817	2004	1	2	8331.0735643165	8331.0735643165	NA	Jansheideberg
819	2004	1	1	314.380134502509	314.380134502509	NA	Jansheideberg
820	2004	1	1	2829.42121052258	2829.42121052258	NA	Jansheideberg
821	2004	1	5	23892.8902221907	23892.8902221907	NA	Jansheideberg
822	2004	1	2	18548.4279356481	18548.4279356481	NA	Jansheideberg
824	2004	1	2	7702.31329531148	7702.31329531148	NA	Jansheideberg
825	2004	1	4	100758.833108054	100758.833108054	NA	Jansheideberg
827	2004	1	2	785.950336256273	785.950336256273	NA	Jansheideberg
829	2004	1	2	22949.7498186832	22949.7498186832	NA	Jansheideberg
831	2004	1	1	628.760269005019	628.760269005019	NA	Jansheideberg
841	2005	1	8	18391.2378683968	34110.2445935223	NA	Bos Terrijst
842	2005	1	6	51558.3420584115	96200.3211577679	NA	Bos Terrijst
843	2005	1	4	66019.828245527	104374.204654833	NA	Bos Terrijst
844	2005	1	8	24050.080289442	41655.3678215825	NA	Bos Terrijst
845	2005	1	5	3929.75168128137	5816.03248829642	NA	Bos Terrijst
846	2005	1	2	38983.1366783112	63504.7871695069	NA	Bos Terrijst
847	2005	1	6	11160.4947748391	18076.8577338943	NA	Bos Terrijst
848	2005	1	2	13832.7259181104	25779.1710292058	NA	Bos Terrijst
849	2005	1	6	11003.3047075878	20434.7087426631	NA	Bos Terrijst
850	2005	1	3	3458.1814795276	7230.74309355771	NA	Bos Terrijst
851	2005	1	7	22006.6094151757	40240.6572163212	NA	Bos Terrijst
852	2005	1	4	3772.56161403011	7545.12322806022	NA	Bos Terrijst
853	2005	1	3	15090.2464561204	28922.9723742309	NA	Bos Terrijst
854	2005	1	2	1414.71060526129	1414.71060526129	NA	Bos Terrijst
855	2005	1	7	140213.539988119	1280155.90769422	NA	Bos Terrijst
856	2005	1	5	47785.7804443814	79852.5541636374	NA	Bos Terrijst
857	2005	1	3	4401.32188303513	6916.36295905521	NA	Bos Terrijst
858	2005	1	4	72307.4309355772	645108.035999149	NA	Bos Terrijst
859	2005	1	6	74822.4720115972	649509.357882184	NA	Bos Terrijst
860	2005	1	6	29237.3525087334	55016.5235379391	NA	Bos Terrijst
861	2005	1	5	10846.1146403366	18391.2378683968	NA	Bos Terrijst
862	2005	1	2	7545.12322806022	13203.9656491054	NA	Bos Terrijst
863	2005	1	4	128424.284944275	1260821.52942231	NA	Bos Terrijst
864	2005	1	4	78123.4634238736	657211.671177496	NA	Bos Terrijst
865	2005	1	5	32223.9637865072	46685.4499736226	NA	Bos Terrijst
866	2005	1	8	77809.0832893711	653124.729428963	NA	Bos Terrijst
867	2005	1	4	69163.6295905521	638820.433309099	NA	Bos Terrijst
868	2005	1	5	80638.5044998937	663499.273867546	NA	Bos Terrijst
869	2005	1	5	79538.1740291349	660512.662589772	NA	Bos Terrijst
870	2005	1	6	80324.1243653911	661298.612926028	NA	Bos Terrijst
871	2005	1	5	76079.9925496073	651395.638689199	NA	Bos Terrijst
872	2005	1	3	8959.83383332152	16504.9570613817	NA	Bos Terrijst
873	2005	1	7	62404.4566987481	106417.675529099	NA	Bos Terrijst
874	2005	1	3	27665.4518362208	41498.1777543312	NA	Bos Terrijst
875	2005	1	5	51401.1519911603	85354.2065174313	NA	Bos Terrijst
876	2005	1	1	628.760269005019	628.760269005019	NA	Bos Terrijst
877	2005	1	5	7859.50336256273	16033.386859628	NA	Bos Terrijst
878	2005	1	6	107046.435798104	698709.848931827	NA	Bos Terrijst
879	2005	1	1	785.950336256273	785.950336256273	NA	Bos Terrijst
880	2005	1	4	6444.79275730144	10846.1146403366	NA	Bos Terrijst
881	2005	1	4	4244.13181578388	9902.97423682904	NA	Bos Terrijst
882	2005	1	3	2829.42121052258	2829.42121052258	NA	Bos Terrijst
883	2005	1	4	19019.9981374018	33481.4843245172	NA	Bos Terrijst
884	2005	1	5	4401.32188303513	4401.32188303513	NA	Bos Terrijst
885	2005	1	5	136755.358508592	1274811.44540768	NA	Bos Terrijst
886	2005	1	3	5658.84242104517	10060.1643040803	NA	Bos Terrijst
887	2005	1	5	110504.617277632	705940.592025385	NA	Bos Terrijst
889	2005	1	5	136755.358508592	1274811.44540768	NA	Bos Terrijst
890	2005	1	6	89283.9581987127	676546.0494494	NA	Bos Terrijst
888	2006	1	6	18076.8577338943	33795.8644590198	NA	Bos Terrijst
901	2006	1	4	8488.26363156775	14147.1060526129	NA	Pruikemakers
902	2006	1	4	85511.3965846825	670258.44675935	NA	Pruikemakers
903	2006	1	6	73879.3316080897	646679.936671662	NA	Pruikemakers
904	2006	1	3	1886.28080701506	1886.28080701506	NA	Pruikemakers
905	2006	1	1	628.760269005019	628.760269005019	NA	Pruikemakers
906	2006	1	4	17290.907397638	32223.9637865072	NA	Pruikemakers
907	2006	1	5	86140.1568536876	670887.207028355	NA	Pruikemakers
908	2006	1	4	90227.0986022202	667900.595750581	NA	Pruikemakers
909	2006	1	4	1729.0907397638	2829.42121052258	NA	Pruikemakers
910	2006	1	8	33324.294257266	62876.0269005019	NA	Pruikemakers
911	2006	1	5	5187.2722192914	10846.1146403366	NA	Pruikemakers
912	2006	1	6	13203.9656491054	23421.3200204369	NA	Pruikemakers
913	2006	1	6	24050.080289442	43541.6486285975	NA	Pruikemakers
914	2006	1	3	52187.1023274165	76079.9925496073	NA	Pruikemakers
915	2006	1	2	39611.8969473162	66019.828245527	NA	Pruikemakers
916	2006	1	1	628.760269005019	628.760269005019	NA	Pruikemakers
917	2006	1	6	16976.5272631355	29708.9227104871	NA	Pruikemakers
918	2006	1	5	14933.0563888692	27351.0717017183	NA	Pruikemakers
919	2006	1	6	49043.3009823915	83467.9257104162	NA	Pruikemakers
920	2006	1	5	19177.1882046531	35996.5254005373	NA	Pruikemakers
921	2006	1	3	5658.84242104517	10060.1643040803	NA	Pruikemakers
922	2006	1	4	5973.22255554768	10374.5444385828	NA	Pruikemakers
923	2006	1	2	1886.28080701506	3772.56161403011	NA	Pruikemakers
925	2006	1	3	3143.80134502509	6916.36295905521	NA	Pruikemakers
926	2006	1	6	30337.6829794922	58474.7050174667	NA	Pruikemakers
927	2006	1	3	66019.828245527	635047.871695069	NA	Pruikemakers
928	2006	1	3	8173.88349706524	14304.2961198642	NA	Pruikemakers
929	2006	1	6	17605.2875321405	32066.773719256	NA	Pruikemakers
930	2006	1	8	25779.1710292058	45742.3095701151	NA	Pruikemakers
931	2006	1	1	1257.52053801004	3143.80134502509	NA	Pruikemakers
932	2006	1	3	8802.64376607026	16347.7669941305	NA	Pruikemakers
933	2006	1	5	45899.4996373664	77966.2733566223	NA	Pruikemakers
934	2006	1	5	46213.8797718689	76865.9428858635	NA	Pruikemakers
935	2006	1	2	3929.75168128137	7073.55302630646	NA	Pruikemakers
936	2006	1	5	21692.2292806731	43227.268494095	NA	Pruikemakers
937	2006	1	5	52344.2923946678	88026.4376607026	NA	Pruikemakers
938	2006	1	1	1414.71060526129	3300.99141227635	NA	Pruikemakers
939	2006	1	4	6130.41262279893	10531.7345058341	NA	Pruikemakers
940	2006	1	4	15090.2464561204	28608.5922397284	NA	Pruikemakers
941	2006	1	3	20749.0888771656	38354.3764093061	NA	Pruikemakers
942	2006	1	5	9588.59410232653	20434.7087426631	NA	Pruikemakers
943	2006	1	4	72464.6210028284	644479.275730144	NA	Pruikemakers
944	2006	1	4	7387.93316080897	13518.3457836079	NA	Pruikemakers
945	2006	1	5	4715.70201753764	10374.5444385828	NA	Pruikemakers
947	2006	1	5	18548.4279356481	32852.7240555122	NA	Pruikemakers
948	2006	1	5	10846.1146403366	21220.6590789194	NA	Pruikemakers
949	2006	1	6	68063.2991197933	637562.912771089	NA	Pruikemakers
950	2006	1	3	7545.12322806022	13675.5358508592	NA	Pruikemakers
951	2006	1	2	15404.626590623	29237.3525087334	NA	Pruikemakers
952	2006	1	4	93999.6602162503	674188.198440631	NA	Pruikemakers
953	2006	1	3	66334.2083800295	633161.590888054	NA	Pruikemakers
954	2006	1	5	10374.5444385828	19491.5683391556	NA	Pruikemakers
955	2006	1	5	43541.6486285975	71835.8607338234	NA	Pruikemakers
956	2006	1	3	66805.7785817832	635833.822031325	NA	Pruikemakers
958	2006	1	6	93056.5198127428	672144.727566365	NA	Pruikemakers
959	2006	1	6	67434.5388507883	634419.111426064	NA	Pruikemakers
960	2006	1	3	39769.0870145674	64290.7375057632	NA	Pruikemakers
961	2006	1	4	9117.02390057277	16504.9570613817	NA	Pruikemakers
962	2006	1	4	9588.59410232653	16504.9570613817	NA	Pruikemakers
963	2006	1	3	3143.80134502509	5501.65235379391	NA	Pruikemakers
964	2006	1	3	66334.2083800295	635362.251829571	NA	Pruikemakers
965	2006	1	4	3772.56161403011	7545.12322806022	NA	Pruikemakers
966	2006	1	3	67591.7289180395	635833.822031325	NA	Pruikemakers
121000	2006	1	21	1.86214285714286	13.9107142857143	NA	Pruikemakers
1004	2007	1	2	13518.3457836079	25464.7908947033	NA	Liedekerke
1009	2007	1	2	2515.04107602007	4401.32188303513	NA	Liedekerke
1011	2007	1	3	628.760269005019	628.760269005019	NA	Liedekerke
1018	2007	1	1	157.190067251255	157.190067251255	NA	Liedekerke
1019	2007	1	1	157.190067251255	157.190067251255	NA	Liedekerke
1022	2007	1	1	1257.52053801004	3143.80134502509	NA	Liedekerke
1023	2007	1	1	628.760269005019	628.760269005019	NA	Liedekerke
1027	2007	1	1	157.190067251255	157.190067251255	NA	Liedekerke
1028	2007	1	1	13203.9656491054	25150.4107602007	NA	Liedekerke
1029	2007	1	2	8802.64376607026	16347.7669941305	NA	Liedekerke
1035	2007	1	5	46371.0698391201	72779.0011373309	NA	Liedekerke
1037	2007	1	1	13203.9656491054	25150.4107602007	NA	Liedekerke
1041	2007	1	1	6916.36295905521	12575.2053801004	NA	Liedekerke
1046	2007	1	3	39611.8969473162	64133.5474385119	NA	Liedekerke
1051	2007	1	3	5187.2722192914	9588.59410232653	NA	Liedekerke
1052	2007	1	2	1414.71060526129	3300.99141227635	NA	Liedekerke
1053	2007	1	4	8331.0735643165	13989.9159853617	NA	Liedekerke
1058	2007	1	3	26250.7412309595	38197.1863420549	NA	Liedekerke
1059	2007	1	1	157.190067251255	157.190067251255	NA	Liedekerke
1060	2007	1	1	3772.56161403011	6287.60269005019	NA	Liedekerke
1062	2007	1	2	39297.5168128137	63819.1673040094	NA	Liedekerke
1063	2007	1	2	13832.7259181104	25779.1710292058	NA	Liedekerke
1065	2007	1	1	157.190067251255	157.190067251255	NA	Liedekerke
1101	2007	1	5	7387.93316080897	13675.5358508592	NA	Sevendonck
1102	2007	1	4	9274.21396782403	14933.0563888692	NA	Sevendonck
1103	2007	1	5	7230.74309355771	7230.74309355771	NA	Sevendonck
1104	2007	1	4	3772.56161403011	3772.56161403011	NA	Sevendonck
1105	2007	1	6	20277.5186754119	34110.2445935223	NA	Sevendonck
1106	2007	1	3	2515.04107602007	2515.04107602007	NA	Sevendonck
1107	2007	1	3	1257.52053801004	1257.52053801004	NA	Sevendonck
1108	2007	1	1	4244.13181578388	6759.17289180395	NA	Sevendonck
1109	2007	1	3	3300.99141227635	3300.99141227635	NA	Sevendonck
1110	2007	1	2	65862.6381782757	631118.120013787	NA	Sevendonck
1111	2007	1	5	3143.80134502509	3143.80134502509	NA	Sevendonck
1112	2007	1	2	943.140403507528	943.140403507528	NA	Sevendonck
1113	2007	1	3	20591.8988099144	32538.3439210097	NA	Sevendonck
1114	2007	1	3	63819.1673040094	629074.649139521	NA	Sevendonck
1115	2007	1	2	3929.75168128137	6444.79275730144	NA	Sevendonck
1116	2007	1	3	2515.04107602007	4401.32188303513	NA	Sevendonck
1117	2007	1	2	2357.85100876882	4244.13181578388	NA	Sevendonck
1118	2007	1	2	4872.89208478889	7387.93316080897	NA	Sevendonck
1119	2007	1	2	16033.386859628	27979.8319707233	NA	Sevendonck
1120	2007	1	3	13989.9159853617	25936.361096457	NA	Sevendonck
1121	2007	1	3	5501.65235379391	7387.93316080897	NA	Sevendonck
1122	2007	1	1	13361.1557163566	25307.600827452	NA	Sevendonck
1123	2007	1	4	7702.31329531148	12103.6351783466	NA	Sevendonck
1124	2007	1	3	66177.0183127782	633318.780955305	NA	Sevendonck
1125	2007	1	5	15876.1967923767	27822.6419034721	NA	Sevendonck
1126	2007	1	5	18862.8080701506	30809.2531812459	NA	Sevendonck
1127	2007	1	2	64133.5474385119	629389.029274024	NA	Sevendonck
1128	2007	1	3	3772.56161403011	5658.84242104517	NA	Sevendonck
1129	2007	1	3	27665.4518362208	39611.8969473162	NA	Sevendonck
1130	2007	1	5	6601.9828245527	8488.26363156775	NA	Sevendonck
1131	2007	1	3	64762.3077075169	630017.789543029	NA	Sevendonck
1132	2007	1	4	3615.37154677886	3615.37154677886	NA	Sevendonck
1133	2007	1	3	70735.5302630646	637877.292905591	NA	Sevendonck
1134	2007	1	3	4401.32188303513	4401.32188303513	NA	Sevendonck
1135	2007	1	3	1257.52053801004	1257.52053801004	NA	Sevendonck
1136	2007	1	5	75922.802482356	648723.407545928	NA	Sevendonck
1137	2007	1	3	3929.75168128137	3929.75168128137	NA	Sevendonck
1138	2007	1	4	2829.42121052258	2829.42121052258	NA	Sevendonck
1139	2007	1	6	639292.003510853	NA	NA	Sevendonck
1140	2007	1	3	3300.99141227635	3300.99141227635	NA	Sevendonck
1141	2007	1	3	70578.3401958133	640235.14391436	NA	Sevendonck
1142	2007	1	5	17448.0974648893	28765.7823069796	NA	Sevendonck
1143	2007	1	5	9588.59410232653	9588.59410232653	NA	Sevendonck
1144	2007	1	4	3772.56161403011	3772.56161403011	NA	Sevendonck
1145	2007	1	2	3143.80134502509	3143.80134502509	NA	Sevendonck
1146	2007	1	2	1886.28080701506	1886.28080701506	NA	Sevendonck
1147	2007	1	3	15561.8166578742	25621.9809619545	NA	Sevendonck
1148	2007	1	5	21849.4193479244	33795.8644590198	NA	Sevendonck
1149	2007	1	4	1571.90067251255	1571.90067251255	NA	Sevendonck
1150	2007	1	6	3929.75168128137	3929.75168128137	NA	Sevendonck
1151	2007	1	2	3615.37154677886	3615.37154677886	NA	Sevendonck
1152	2007	1	5	7230.74309355771	11632.0649765928	NA	Sevendonck
1153	2007	1	7	76551.562751361	649980.928083938	NA	Sevendonck
1154	2007	1	3	3615.37154677886	7387.93316080897	NA	Sevendonck
1155	2007	1	4	3143.80134502509	5030.08215204015	NA	Sevendonck
1156	2007	1	4	2357.85100876882	2357.85100876882	NA	Sevendonck
1157	2007	1	4	16033.386859628	27979.8319707233	NA	Sevendonck
1158	2007	1	3	16976.5272631355	28922.9723742309	NA	Sevendonck
1159	2007	1	5	12103.6351783466	22163.7994824269	NA	Sevendonck
1160	2007	1	4	70421.1501285621	641335.474385119	NA	Sevendonck
1161	2007	1	3	6444.79275730144	8331.0735643165	NA	Sevendonck
1162	2007	1	4	8488.26363156775	14775.8663216179	NA	Sevendonck
1163	2007	1	8	75608.4223478535	647151.506873415	NA	Sevendonck
1164	2007	1	5	9431.40403507528	11317.6848420903	NA	Sevendonck
1165	2007	1	3	28294.2121052258	47785.7804443814	NA	Sevendonck
1166	2007	1	4	25464.7908947033	44956.3592338588	NA	Sevendonck
1167	2007	1	5	72464.6210028284	641492.66445237	NA	Sevendonck
1168	2007	1	3	2515.04107602007	4401.32188303513	NA	Sevendonck
1169	2007	1	2	27822.6419034721	41655.3678215825	NA	Sevendonck
1170	2007	1	2	64290.7375057632	629546.219341275	NA	Sevendonck
1171	2007	1	5	10060.1643040803	18234.0478011455	NA	Sevendonck
1172	2007	1	2	68063.2991197933	635833.822031325	NA	Sevendonck
1173	2007	1	2	5973.22255554768	7859.50336256273	NA	Sevendonck
1174	2007	1	2	16662.147128633	28608.5922397284	NA	Sevendonck
1175	2007	1	3	26093.5511637083	48100.1605788839	NA	Sevendonck
1177	2007	1	5	21377.8491461706	33324.294257266	NA	Sevendonck
1178	2007	1	4	17290.907397638	24836.0306256982	NA	Sevendonck
1201	2008	1	8	6130.41262279893	9902.97423682904	NA	Muizenbos
1202	2008	1	6	13203.9656491054	19491.5683391556	NA	Muizenbos
1203	2008	1	3	5187.2722192914	7073.55302630646	NA	Muizenbos
1204	2008	1	6	9117.02390057277	14775.8663216179	NA	Muizenbos
1205	2008	1	7	3143.80134502509	5030.08215204015	NA	Muizenbos
1206	2008	1	8	24836.0306256982	44327.5989648538	NA	Muizenbos
1207	2008	1	6	9588.59410232653	13989.9159853617	NA	Muizenbos
1208	2008	1	4	5501.65235379391	8488.26363156775	NA	Muizenbos
1210	2008	1	4	2986.61127777384	2986.61127777384	NA	Muizenbos
1211	2008	1	5	6130.41262279893	10531.7345058341	NA	Muizenbos
1212	2008	1	5	2200.66094151757	2200.66094151757	NA	Muizenbos
1213	2008	1	7	9588.59410232653	13361.1557163566	NA	Muizenbos
1214	2008	1	6	12575.2053801004	22006.6094151757	NA	Muizenbos
1215	2008	1	7	11946.4451110954	16976.5272631355	NA	Muizenbos
1216	2008	1	3	943.140403507528	943.140403507528	NA	Muizenbos
1220	2008	1	6	15719.0067251255	27036.6915672158	NA	Muizenbos
1221	2008	1	8	24050.080289442	43541.6486285975	NA	Muizenbos
1223	2008	1	6	5973.22255554768	7859.50336256273	NA	Muizenbos
1224	2008	1	3	8802.64376607026	16347.7669941305	NA	Muizenbos
1225	2008	1	3	4558.51195028639	7073.55302630646	NA	Muizenbos
1227	2008	1	6	3615.37154677886	5501.65235379391	NA	Muizenbos
1228	2008	1	2	2043.47087426631	3929.75168128137	NA	Muizenbos
1229	2008	1	4	1571.90067251255	1571.90067251255	NA	Muizenbos
1230	2008	1	4	3458.1814795276	5344.46228654266	NA	Muizenbos
1231	2008	1	4	3143.80134502509	5030.08215204015	NA	Muizenbos
1232	2008	1	6	4401.32188303513	6287.60269005019	NA	Muizenbos
1233	2008	1	2	1729.0907397638	1729.0907397638	NA	Muizenbos
1234	2008	1	5	41812.5578888337	66334.2083800295	NA	Muizenbos
1235	2008	1	4	3615.37154677886	7387.93316080897	NA	Muizenbos
1236	2008	1	3	943.140403507528	943.140403507528	NA	Muizenbos
1237	2008	1	5	14147.1060526129	17919.667666643	NA	Muizenbos
1238	2008	1	6	67277.348783537	632532.830619049	NA	Muizenbos
1239	2008	1	5	15404.626590623	29237.3525087334	NA	Muizenbos
1240	2008	1	4	1257.52053801004	1257.52053801004	NA	Muizenbos
1241	2008	1	7	6287.60269005019	10060.1643040803	NA	Muizenbos
1242	2008	1	7	9274.21396782403	13675.5358508592	NA	Muizenbos
1243	2008	1	1	628.760269005019	628.760269005019	NA	Muizenbos
1244	2008	1	5	66491.3984472807	633633.161089808	NA	Muizenbos
1245	2008	1	7	48414.5407133864	76079.9925496073	NA	Muizenbos
1246	2008	1	5	24836.0306256982	44327.5989648538	NA	Muizenbos
1209	NA	1	5	19491.5683391556	33324.294257266	NA	Muizenbos
1217	NA	1	4	20120.3286081606	38354.3764093061	NA	Muizenbos
1218	NA	1	6	5030.08215204015	8331.0735643165	NA	Muizenbos
1219	NA	1	3	9588.59410232653	14461.4861871154	NA	Muizenbos
101	2013	2	5	72150.2408683259	112548.088151898	NA	Everzwijnbad
102	2013	2	5	129053.04521328	1261450.28969132	NA	Everzwijnbad
103	2013	2	5	134711.887634325	740365.216753409	NA	Everzwijnbad
104	2013	2	5	44956.3592338588	212049.400721943	NA	Everzwijnbad
105	2013	2	6	102173.543713316	699181.419133581	NA	Everzwijnbad
106	2013	2	7	24993.2206929495	44956.3592338588	NA	Everzwijnbad
107	2013	2	3	66334.2083800295	106103.295394597	NA	Everzwijnbad
108	2013	2	4	78752.2236928786	657054.481110245	NA	Everzwijnbad
109	2013	2	5	70735.5302630646	644950.845931898	NA	Everzwijnbad
110	2013	2	6	114905.939160667	841910.00019772	NA	Everzwijnbad
112	2013	2	5	23578.5100876882	44013.2188303513	NA	Everzwijnbad
113	2013	2	4	5030.08215204015	8016.69342981399	NA	Everzwijnbad
114	2013	2	5	13832.7259181104	26879.5014999645	NA	Everzwijnbad
115	2013	2	4	15404.626590623	29237.3525087334	NA	Everzwijnbad
116	2013	2	7	6444.79275730144	11789.2550438441	NA	Everzwijnbad
117	2013	2	6	73250.5713390847	645108.035999149	NA	Everzwijnbad
118	2013	2	4	129210.235280531	1261607.47975857	NA	Everzwijnbad
119	2013	2	4	130939.326020295	1264908.47117085	NA	Everzwijnbad
120	2013	2	5	58631.895084718	96986.2714940241	NA	Everzwijnbad
121	2013	2	3	18391.2378683968	36939.6658040448	NA	Everzwijnbad
122	2013	2	6	11317.6848420903	22163.7994824269	NA	Everzwijnbad
123	2013	2	3	133925.937298069	1267423.51224687	NA	Everzwijnbad
124	2013	2	2	15876.1967923767	27508.2617689696	NA	Everzwijnbad
125	2013	2	5	72307.4309355772	643693.325393888	NA	Everzwijnbad
127	2013	2	4	14461.4861871154	26879.5014999645	NA	Everzwijnbad
128	2013	2	4	87869.2475934514	674188.198440631	NA	Everzwijnbad
129	2013	2	2	1414.71060526129	3300.99141227635	NA	Everzwijnbad
130	2013	2	1	157.190067251255	157.190067251255	NA	Everzwijnbad
131	2013	2	5	34739.0048625273	53287.4327981753	NA	Everzwijnbad
132	2013	2	4	10060.1643040803	20120.3286081606	NA	Everzwijnbad
133	2013	2	2	7387.93316080897	13518.3457836079	NA	Everzwijnbad
134	2013	2	2	1729.0907397638	4086.94174853262	NA	Everzwijnbad
135	2013	2	1	1257.52053801004	3143.80134502509	NA	Everzwijnbad
136	2013	2	4	135969.408172335	1272767.97453341	NA	Everzwijnbad
137	2013	2	5	37411.2360057986	58789.0851519692	NA	Everzwijnbad
138	2013	2	4	20749.0888771656	38511.5664765574	NA	Everzwijnbad
139	2013	2	4	4715.70201753764	8959.83383332152	NA	Everzwijnbad
140	2013	2	5	29708.9227104871	44641.9790993563	NA	Everzwijnbad
141	2013	2	1	1257.52053801004	3143.80134502509	NA	Everzwijnbad
142	2013	2	4	9588.59410232653	15247.4365233717	NA	Everzwijnbad
143	2013	2	3	13989.9159853617	25307.600827452	NA	Everzwijnbad
144	2013	2	7	55488.0937396929	93842.470148999	NA	Everzwijnbad
145	2013	2	4	21849.4193479244	41655.3678215825	NA	Everzwijnbad
146	2013	2	5	79852.5541636374	658312.001648254	NA	Everzwijnbad
147	2013	2	4	7702.31329531148	13046.7755818541	NA	Everzwijnbad
148	2013	2	1	157.190067251255	157.190067251255	NA	Everzwijnbad
401	2013	2	3	2672.23114327133	4558.51195028639	NA	Wijnendalebos
402	2013	2	1	39926.2770818187	66805.7785817832	NA	Wijnendalebos
403	2013	2	2	4401.32188303513	6916.36295905521	NA	Wijnendalebos
404	2013	2	4	30809.2531812459	57217.1844794567	NA	Wijnendalebos
405	2013	2	4	79223.7938946324	658312.001648254	NA	Wijnendalebos
406	2013	2	4	12260.8252455979	20906.2789444169	NA	Wijnendalebos
407	2013	2	2	2515.04107602007	6287.60269005019	NA	Wijnendalebos
408	2013	2	3	2043.47087426631	3929.75168128137	NA	Wijnendalebos
409	2013	2	2	7545.12322806022	13203.9656491054	NA	Wijnendalebos
410	2013	2	1	785.950336256273	785.950336256273	NA	Wijnendalebos
412	2013	2	3	8173.88349706524	14304.2961198642	NA	Wijnendalebos
413	2013	2	3	2515.04107602007	4401.32188303513	NA	Wijnendalebos
414	2013	2	3	16504.9570613817	32695.533988261	NA	Wijnendalebos
415	2013	2	4	42441.3181578388	69320.8196578033	NA	Wijnendalebos
416	2013	2	4	42441.3181578388	71364.2905320696	NA	Wijnendalebos
417	2013	2	3	2200.66094151757	4558.51195028639	NA	Wijnendalebos
418	2013	2	5	27822.6419034721	53287.4327981753	NA	Wijnendalebos
419	2013	2	1	1257.52053801004	3143.80134502509	NA	Wijnendalebos
420	2013	2	3	30023.3028449896	58160.3248829642	NA	Wijnendalebos
421	2013	2	3	16976.5272631355	32066.773719256	NA	Wijnendalebos
423	2013	2	4	15876.1967923767	30180.4929122409	NA	Wijnendalebos
425	2013	2	1	157.190067251255	157.190067251255	NA	Wijnendalebos
427	2013	2	4	82367.5952396574	664128.034136551	NA	Wijnendalebos
428	2013	2	4	41812.5578888337	70106.7699940596	NA	Wijnendalebos
429	2013	2	3	70892.7203303159	641807.044586873	NA	Wijnendalebos
430	2013	2	2	628.760269005019	1100.33047075878	NA	Wijnendalebos
431	2013	2	2	14933.0563888692	27508.2617689696	NA	Wijnendalebos
432	2013	2	1	314.380134502509	785.950336256273	NA	Wijnendalebos
433	2013	2	1	157.190067251255	157.190067251255	NA	Wijnendalebos
435	2013	2	4	1729.0907397638	2200.66094151757	NA	Wijnendalebos
438	2013	2	2	314.380134502509	314.380134502509	NA	Wijnendalebos
439	2013	2	1	38354.3764093061	62876.0269005019	NA	Wijnendalebos
441	2013	2	1	1257.52053801004	3143.80134502509	NA	Wijnendalebos
442	2013	2	2	39926.2770818187	66805.7785817832	NA	Wijnendalebos
443	2013	2	2	1886.28080701506	3772.56161403011	NA	Wijnendalebos
444	2013	2	2	1886.28080701506	3772.56161403011	NA	Wijnendalebos
445	2013	2	3	53601.8129326778	91013.0489384765	NA	Wijnendalebos
446	2013	2	4	8645.45369881901	15090.2464561204	NA	Wijnendalebos
447	2013	2	4	4086.94174853262	8802.64376607026	NA	Wijnendalebos
448	2013	2	2	6759.17289180395	11789.2550438441	NA	Wijnendalebos
449	2013	2	2	128738.665078778	1261607.47975857	NA	Wijnendalebos
450	2013	2	2	2515.04107602007	6287.60269005019	NA	Wijnendalebos
451	2013	2	4	10060.1643040803	16819.3371958843	NA	Wijnendalebos
452	2013	2	2	1886.28080701506	3772.56161403011	NA	Wijnendalebos
454	2013	2	2	7545.12322806022	13203.9656491054	NA	Wijnendalebos
455	2013	2	1	628.760269005019	628.760269005019	NA	Wijnendalebos
456	2013	2	1	25779.1710292058	37725.6161403011	NA	Wijnendalebos
457	2013	2	1	628.760269005019	628.760269005019	NA	Wijnendalebos
458	2013	2	1	157.190067251255	157.190067251255	NA	Wijnendalebos
461	2013	2	2	14147.1060526129	26565.121365462	NA	Wijnendalebos
464	2013	2	1	1257.52053801004	3143.80134502509	NA	Wijnendalebos
466	2013	2	1	628.760269005019	628.760269005019	NA	Wijnendalebos
467	2013	2	2	1886.28080701506	3772.56161403011	NA	Wijnendalebos
469	2013	2	1	157.190067251255	157.190067251255	NA	Wijnendalebos
471	2013	2	2	27036.6915672158	38983.1366783112	NA	Wijnendalebos
472	2013	2	1	628.760269005019	628.760269005019	NA	Wijnendalebos
473	2013	2	4	45585.1195028639	75136.8521460997	NA	Wijnendalebos
474	2013	2	1	1886.28080701506	3772.56161403011	NA	Wijnendalebos
475	2013	2	1	157.190067251255	157.190067251255	NA	Wijnendalebos
476	2013	2	2	38825.9466110599	63819.1673040094	NA	Wijnendalebos
478	2013	2	2	785.950336256273	785.950336256273	NA	Wijnendalebos
479	2013	2	1	15561.8166578742	30023.3028449896	NA	Wijnendalebos
480	2013	2	3	44013.2188303513	71364.2905320696	NA	Wijnendalebos
481	2013	2	3	2515.04107602007	4401.32188303513	NA	Wijnendalebos
483	2013	2	2	13989.9159853617	25936.361096457	NA	Wijnendalebos
485	2013	2	1	1257.52053801004	3143.80134502509	NA	Wijnendalebos
486	2013	2	3	1414.71060526129	1414.71060526129	NA	Wijnendalebos
487	2013	2	2	1886.28080701506	3772.56161403011	NA	Wijnendalebos
488	2013	2	3	2515.04107602007	4401.32188303513	NA	Wijnendalebos
489	2013	2	2	1257.52053801004	1257.52053801004	NA	Wijnendalebos
490	2013	2	2	65391.0679765219	633475.971022556	NA	Wijnendalebos
491	2013	2	4	87397.6773916976	672616.297768119	NA	Wijnendalebos
492	2013	2	5	4715.70201753764	10374.5444385828	NA	Wijnendalebos
493	2013	2	3	22635.3696841807	41026.6075525775	NA	Wijnendalebos
495	2013	2	5	49829.2513186477	84882.6363156775	NA	Wijnendalebos
496	2013	2	4	8173.88349706524	14461.4861871154	NA	Wijnendalebos
497	2013	2	1	1257.52053801004	3143.80134502509	NA	Wijnendalebos
498	2013	2	2	64133.5474385119	629389.029274024	NA	Wijnendalebos
499	2013	2	2	1100.33047075878	1571.90067251255	NA	Wijnendalebos
500	2013	2	7	43541.6486285975	72307.4309355772	NA	Wijnendalebos
501	2013	2	2	9431.40403507528	16347.7669941305	NA	Wijnendalebos
502	2013	2	2	39611.8969473162	64133.5474385119	NA	Wijnendalebos
503	2013	2	4	16504.9570613817	32223.9637865072	NA	Wijnendalebos
504	2013	2	2	8802.64376607026	14933.0563888692	NA	Wijnendalebos
505	2013	2	3	NA	NA	NA	Wijnendalebos
506	2013	2	2	2200.66094151757	4086.94174853262	NA	Wijnendalebos
507	2013	2	4	10846.1146403366	22006.6094151757	NA	Wijnendalebos
508	2013	2	3	5973.22255554768	10060.1643040803	NA	Wijnendalebos
509	2013	2	4	5658.84242104517	11003.3047075878	NA	Wijnendalebos
510	2013	2	3	17133.7173303868	32852.7240555122	NA	Wijnendalebos
511	2013	2	3	2043.47087426631	3929.75168128137	NA	Wijnendalebos
512	2013	2	4	80166.9342981399	657997.621513752	NA	Wijnendalebos
513	2013	2	1	628.760269005019	628.760269005019	NA	Wijnendalebos
514	2013	2	3	53601.8129326778	91956.189341984	NA	Wijnendalebos
515	2013	2	3	44641.9790993563	75451.2322806022	NA	Wijnendalebos
516	2013	2	4	5973.22255554768	10374.5444385828	NA	Wijnendalebos
517	2013	2	5	28922.9723742309	52815.8625964216	NA	Wijnendalebos
518	2013	2	4	73564.9514735872	646837.126738913	NA	Wijnendalebos
519	2013	2	3	9431.40403507528	18862.8080701506	NA	Wijnendalebos
520	2013	2	1	3772.56161403011	6287.60269005019	NA	Wijnendalebos
521	2013	2	1	943.140403507528	943.140403507528	NA	Wijnendalebos
522	2013	2	4	28137.0220379746	54387.7632689341	NA	Wijnendalebos
523	2013	2	4	6130.41262279893	9117.02390057277	NA	Wijnendalebos
701	2014	2	5	29866.1127777384	36153.7154677886	NA	Heirnisse
702	2014	2	4	8645.45369881901	14304.2961198642	NA	Heirnisse
703	2014	2	3	39926.2770818187	64447.9275730144	NA	Heirnisse
704	2014	2	4	20906.2789444169	38511.5664765574	NA	Heirnisse
705	2014	2	4	79066.6038273811	129996.185616788	NA	Heirnisse
707	2014	2	3	64447.9275730144	629703.409408526	NA	Heirnisse
708	2014	2	4	3929.75168128137	5816.03248829642	NA	Heirnisse
709	2014	2	4	5816.03248829642	5816.03248829642	NA	Heirnisse
710	2014	2	2	785.950336256273	785.950336256273	NA	Heirnisse
711	2014	2	4	50300.8215204015	84253.8760466725	NA	Heirnisse
712	2014	2	4	37411.2360057986	56902.8043449542	NA	Heirnisse
713	2014	2	5	41812.5578888337	68220.4891870445	NA	Heirnisse
714	2014	2	6	17605.2875321405	33324.294257266	NA	Heirnisse
715	2014	2	6	33953.054526271	53444.6228654266	NA	Heirnisse
716	2014	2	5	30966.4432484972	48571.7307806377	NA	Heirnisse
717	2014	2	5	5187.2722192914	8959.83383332152	NA	Heirnisse
718	2014	2	2	145400.812207411	1417225.64633731	NA	Heirnisse
719	2014	2	3	4086.94174853262	7859.50336256273	NA	Heirnisse
720	2014	2	5	5030.08215204015	6916.36295905521	NA	Heirnisse
721	2014	2	2	785.950336256273	785.950336256273	NA	Heirnisse
722	2014	2	6	633318.780955305	NA	NA	Heirnisse
723	2014	2	2	471.570201753764	471.570201753764	NA	Heirnisse
724	2014	2	2	8173.88349706524	15719.0067251255	NA	Heirnisse
725	2014	2	4	71364.2905320696	638506.053174596	NA	Heirnisse
726	2014	2	4	98715.3622337879	679689.850794425	NA	Heirnisse
727	2014	2	3	3143.80134502509	5030.08215204015	NA	Heirnisse
728	2014	2	3	2357.85100876882	4244.13181578388	NA	Heirnisse
729	2014	2	4	65705.4481110245	632847.210753551	NA	Heirnisse
730	2014	2	1	13203.9656491054	25150.4107602007	NA	Heirnisse
731	2014	2	4	20434.7087426631	38039.9962748036	NA	Heirnisse
732	2014	2	3	40869.4174853262	65391.0679765219	NA	Heirnisse
733	2014	2	4	7545.12322806022	13203.9656491054	NA	Heirnisse
734	2014	2	4	10846.1146403366	18391.2378683968	NA	Heirnisse
735	2014	2	6	6759.17289180395	11160.4947748391	NA	Heirnisse
736	2014	2	3	5030.08215204015	7545.12322806022	NA	Heirnisse
737	2014	2	4	9117.02390057277	16662.147128633	NA	Heirnisse
738	2014	2	1	2672.23114327133	2672.23114327133	NA	Heirnisse
739	2014	2	3	40869.4174853262	48414.5407133864	NA	Heirnisse
740	2014	2	4	3300.99141227635	5187.2722192914	NA	Heirnisse
742	2014	2	1	628.760269005019	628.760269005019	NA	Heirnisse
743	2014	2	1	628.760269005019	628.760269005019	NA	Heirnisse
745	2014	2	3	65391.0679765219	630646.549812034	NA	Heirnisse
746	2014	2	4	7230.74309355771	11632.0649765928	NA	Heirnisse
747	2014	2	4	7387.93316080897	16819.3371958842	NA	Heirnisse
748	2014	2	4	74508.0918770947	643536.135326637	NA	Heirnisse
749	2014	2	2	64447.9275730144	629703.409408526	NA	Heirnisse
750	2014	2	6	13203.9656491054	22635.3696841807	NA	Heirnisse
751	2014	2	4	6287.60269005019	10688.9245730853	NA	Heirnisse
752	2014	2	2	1729.0907397638	3615.37154677886	NA	Heirnisse
753	2014	2	4	15876.1967923767	27822.6419034721	NA	Heirnisse
754	2014	2	2	3772.56161403011	3772.56161403011	NA	Heirnisse
755	2014	2	6	135969.408172335	1270881.69372639	NA	Heirnisse
756	2014	2	3	1414.71060526129	1414.71060526129	NA	Heirnisse
757	2014	2	1	1257.52053801004	3143.80134502509	NA	Heirnisse
758	2014	2	1	1257.52053801004	3143.80134502509	NA	Heirnisse
759	2014	2	4	2672.23114327133	4558.51195028639	NA	Heirnisse
760	2014	2	2	1100.33047075878	1100.33047075878	NA	Heirnisse
761	2014	2	4	698709.848931827	NA	NA	Heirnisse
762	2014	2	4	65705.4481110245	630960.929946536	NA	Heirnisse
763	2014	2	6	8488.26363156775	14775.8663216179	NA	Heirnisse
764	2014	2	3	66805.7785817832	635833.822031325	NA	Heirnisse
765	2014	2	1	628.760269005019	628.760269005019	NA	Heirnisse
766	2014	2	3	NA	NA	NA	Heirnisse
768	2014	2	3	5658.84242104517	10060.1643040803	NA	Heirnisse
801	2014	2	1	13203.9656491054	25150.4107602007	NA	Jansheideberg
802	2014	2	2	13832.7259181104	25779.1710292058	NA	Jansheideberg
803	2014	2	3	39926.2770818187	64447.9275730144	NA	Jansheideberg
804	2014	2	2	18548.4279356481	34267.4346607735	NA	Jansheideberg
805	2014	2	2	39140.3267455624	63661.9772367581	NA	Jansheideberg
806	2014	2	2	8331.0735643165	13989.9159853617	NA	Jansheideberg
807	2014	2	2	26565.121365462	38511.5664765574	NA	Jansheideberg
808	2014	2	1	1257.52053801004	3143.80134502509	NA	Jansheideberg
809	2014	2	2	71678.6706665721	639449.193578104	NA	Jansheideberg
810	2014	2	5	16976.5272631355	32066.773719256	NA	Jansheideberg
811	2014	2	3	9274.21396782403	14933.0563888692	NA	Jansheideberg
812	2014	2	3	4715.70201753764	8488.26363156775	NA	Jansheideberg
813	2014	2	2	64919.4977747682	632061.260417295	NA	Jansheideberg
814	2014	2	2	38983.1366783112	63504.7871695069	NA	Jansheideberg
815	2014	2	4	13203.9656491054	23264.1299531857	NA	Jansheideberg
816	2014	2	7	17762.4775993918	33481.4843245172	NA	Jansheideberg
817	2014	2	3	16347.7669941305	32066.773719256	NA	Jansheideberg
818	2014	2	3	14618.6762543667	26565.121365462	NA	Jansheideberg
819	2014	2	5	10060.1643040803	16976.5272631355	NA	Jansheideberg
820	2014	2	3	3300.99141227635	7073.55302630646	NA	Jansheideberg
821	2014	2	5	72936.1912045822	641964.234654124	NA	Jansheideberg
822	2014	2	1	66019.828245527	633161.590888054	NA	Jansheideberg
823	2014	2	1	6916.36295905521	12575.2053801004	NA	Jansheideberg
824	2014	2	2	64133.5474385119	629389.029274024	NA	Jansheideberg
825	2014	2	4	69163.6295905521	638820.433309099	NA	Jansheideberg
826	2014	2	1	1257.52053801004	3143.80134502509	NA	Jansheideberg
827	2014	2	2	5030.08215204015	9431.40403507528	NA	Jansheideberg
828	2014	2	1	1257.52053801004	3143.80134502509	NA	Jansheideberg
829	2014	2	2	64290.7375057632	629546.219341275	NA	Jansheideberg
830	2014	2	1	1257.52053801004	3143.80134502509	NA	Jansheideberg
831	2014	2	3	15719.0067251255	31438.0134502509	NA	Jansheideberg
832	2014	2	3	14461.4861871154	26407.9312982108	NA	Jansheideberg
833	2014	2	2	127166.764406265	1257677.72807729	NA	Jansheideberg
841	2015	2	4	28922.9723742309	42755.6982923413	NA	Bos Terrijst
842	2015	2	6	66019.828245527	115063.129227918	NA	Bos Terrijst
843	2015	2	4	40869.4174853262	67277.348783537	NA	Bos Terrijst
844	2015	2	9	45427.9294356126	86297.3469209388	NA	Bos Terrijst
845	2015	2	2	11789.2550438441	19963.1385409093	NA	Bos Terrijst
846	2015	2	5	72936.1912045822	645736.796268154	NA	Bos Terrijst
847	2015	2	4	41812.5578888337	68220.4891870445	NA	Bos Terrijst
848	2015	2	4	12575.2053801004	22635.3696841807	NA	Bos Terrijst
849	2015	2	3	943.140403507528	943.140403507528	NA	Bos Terrijst
850	2015	2	2	8802.64376607026	16347.7669941305	NA	Bos Terrijst
851	2015	2	6	29394.5425759846	41340.98768708	NA	Bos Terrijst
852	2015	2	3	8802.64376607026	16347.7669941305	NA	Bos Terrijst
853	2015	2	3	49043.3009823915	81738.8349706524	NA	Bos Terrijst
854	2015	2	2	8173.88349706524	15719.0067251255	NA	Bos Terrijst
855	2015	2	5	94314.0403507528	688492.494560495	NA	Bos Terrijst
856	2015	2	4	76079.9925496073	649509.357882184	NA	Bos Terrijst
857	2015	2	3	65233.8779092707	632847.210753551	NA	Bos Terrijst
858	2015	2	3	71678.6706665721	642592.994923129	NA	Bos Terrijst
859	2015	2	5	74036.5216753409	648723.407545928	NA	Bos Terrijst
860	2015	2	6	31438.0134502509	50929.5817894065	NA	Bos Terrijst
861	2015	2	4	72307.4309355772	643221.755192134	NA	Bos Terrijst
862	2015	2	1	6916.36295905521	12575.2053801004	NA	Bos Terrijst
863	2015	2	3	9431.40403507528	18862.8080701506	NA	Bos Terrijst
864	2015	2	4	7702.31329531148	13989.9159853617	NA	Bos Terrijst
865	2015	2	5	72150.2408683259	643064.565124883	NA	Bos Terrijst
866	2015	2	6	112076.517950145	705626.211890882	NA	Bos Terrijst
867	2015	2	6	65705.4481110245	112233.708017396	NA	Bos Terrijst
868	2015	2	7	110818.997412135	702482.410545857	NA	Bos Terrijst
869	2015	2	6	140999.490324375	760957.115563324	NA	Bos Terrijst
870	2015	2	7	58946.2752192205	101073.213242557	NA	Bos Terrijst
871	2015	2	4	35367.7651315323	59889.415622728	NA	Bos Terrijst
872	2015	2	6	19177.1882046531	29237.3525087334	NA	Bos Terrijst
873	2015	2	8	16504.9570613817	27822.6419034721	NA	Bos Terrijst
874	2015	2	4	46371.0698391201	63976.3573712607	NA	Bos Terrijst
875	2015	2	4	22006.6094151757	33953.054526271	NA	Bos Terrijst
876	2015	2	5	9431.40403507528	16976.5272631355	NA	Bos Terrijst
877	2015	2	4	33795.8644590198	55173.7136051904	NA	Bos Terrijst
878	2015	2	4	115691.889496923	712385.384782686	NA	Bos Terrijst
879	2015	2	3	2357.85100876882	4244.13181578388	NA	Bos Terrijst
880	2015	2	5	10374.5444385828	15404.626590623	NA	Bos Terrijst
881	2015	2	4	44956.3592338588	68220.4891870445	NA	Bos Terrijst
882	2015	2	5	9902.97423682904	17448.0974648893	NA	Bos Terrijst
883	2015	2	5	43384.4585613463	70421.1501285621	NA	Bos Terrijst
884	2015	2	5	6130.41262279893	8645.45369881901	NA	Bos Terrijst
885	2015	2	8	138327.259181104	755141.083075027	NA	Bos Terrijst
886	2015	2	2	8173.88349706524	15719.0067251255	NA	Bos Terrijst
887	2015	2	4	46371.0698391201	71521.4805993209	NA	Bos Terrijst
888	2015	2	6	71678.6706665721	644479.275730144	NA	Bos Terrijst
889	2015	2	6	33167.1041900147	56431.2341432004	NA	Bos Terrijst
890	2015	2	7	129367.425347783	738636.126013646	NA	Bos Terrijst
901	2016	2	5	69478.0097250546	637248.532636586	NA	Pruikemakers
902	2016	2	6	31123.6333157484	44956.3592338588	NA	Pruikemakers
903	2016	2	5	148544.613552436	1293517.06341057	NA	Pruikemakers
904	2016	2	3	2043.47087426631	3929.75168128137	NA	Pruikemakers
906	2016	2	4	17762.4775993918	35367.7651315323	NA	Pruikemakers
907	2016	2	5	43698.8386958488	83310.735643165	NA	Pruikemakers
908	2016	2	5	122293.872321476	723388.689490274	NA	Pruikemakers
909	2016	2	3	2515.04107602007	2515.04107602007	NA	Pruikemakers
910	2016	2	6	23578.5100876882	41183.7976198287	NA	Pruikemakers
911	2016	2	1	1886.28080701506	3772.56161403011	NA	Pruikemakers
912	2016	2	7	15719.0067251255	21377.8491461706	NA	Pruikemakers
913	2016	2	4	59889.415622728	104531.394722084	NA	Pruikemakers
915	2016	2	2	1886.28080701506	3772.56161403011	NA	Pruikemakers
916	2016	2	1	157.190067251255	157.190067251255	100	Pruikemakers
917	2016	2	6	8802.64376607026	11317.6848420903	NA	Pruikemakers
918	2016	2	2	71049.9103975671	641964.234654124	NA	Pruikemakers
919	2016	2	6	22006.6094151757	31438.0134502509	NA	Pruikemakers
920	2016	2	5	25150.4107602007	42755.6982923413	NA	Pruikemakers
921	2016	2	2	1886.28080701506	3772.56161403011	NA	Pruikemakers
922	2016	2	2	5658.84242104517	10060.1643040803	NA	Pruikemakers
923	2016	2	3	4401.32188303513	10060.1643040803	NA	Pruikemakers
925	2016	2	2	1257.52053801004	1257.52053801004	NA	Pruikemakers
926	2016	2	5	18862.8080701506	33324.294257266	NA	Pruikemakers
927	2016	2	2	43384.4585613463	70421.1501285621	NA	Pruikemakers
928	2016	2	2	4715.70201753764	7230.74309355771	NA	Pruikemakers
929	2016	2	8	29080.1624414821	52344.2923946678	NA	Pruikemakers
930	2016	2	7	14304.2961198642	23106.9398859344	NA	Pruikemakers
931	2016	2	1	628.760269005019	628.760269005019	NA	Pruikemakers
932	2016	2	1	1257.52053801004	1257.52053801004	NA	Pruikemakers
933	2016	2	6	15404.626590623	22949.7498186832	NA	Pruikemakers
934	2016	2	4	65391.0679765219	632532.830619049	NA	Pruikemakers
935	2016	2	3	41026.6075525775	64919.4977747682	NA	Pruikemakers
936	2016	2	4	21849.4193479244	38197.1863420549	NA	Pruikemakers
937	2016	2	6	30180.4929122409	47157.0201753764	NA	Pruikemakers
938	2016	2	1	785.950336256273	785.950336256273	NA	Pruikemakers
939	2016	2	4	1729.0907397638	1729.0907397638	NA	Pruikemakers
940	2016	2	5	71364.2905320696	642278.614788627	NA	Pruikemakers
941	2016	2	5	27036.6915672158	49043.3009823915	NA	Pruikemakers
942	2016	2	3	30966.4432484972	48571.7307806377	NA	Pruikemakers
943	2016	2	5	23421.3200204369	31595.2035175022	NA	Pruikemakers
944	2016	2	3	21692.2292806731	41183.7976198287	NA	Pruikemakers
945	2016	2	4	74665.281944346	649352.167814933	NA	Pruikemakers
946	2016	2	4	74036.5216753409	644950.845931898	NA	Pruikemakers
947	2016	2	5	117420.980236687	716629.51659847	NA	Pruikemakers
948	2016	2	4	19963.1385409093	36939.6658040448	NA	Pruikemakers
949	2016	2	4	113962.79875716	713800.095387947	NA	Pruikemakers
950	2016	2	3	65548.2580437732	632690.0206863	NA	Pruikemakers
951	2016	2	2	34267.4346607735	53759.0029999291	NA	Pruikemakers
952	2016	2	3	161119.818932536	775418.601750439	NA	Pruikemakers
953	2016	2	4	50772.3917221553	83467.9257104162	NA	Pruikemakers
954	2016	2	5	33953.054526271	55330.9036724416	NA	Pruikemakers
955	2016	2	5	49829.2513186477	81896.0250379037	NA	Pruikemakers
956	2016	2	3	73250.5713390847	644164.895595642	NA	Pruikemakers
957	2016	2	4	135340.64790333	726375.300768048	NA	Pruikemakers
958	2016	2	4	166307.091151827	1320710.94504504	NA	Pruikemakers
959	2016	2	3	46999.8301081251	70892.7203303159	NA	Pruikemakers
960	2016	2	3	20277.5186754119	37882.8062075524	NA	Pruikemakers
961	2016	2	4	80324.1243653911	133139.986961813	NA	Pruikemakers
962	2016	2	3	9117.02390057277	16662.147128633	NA	Pruikemakers
963	2016	2	3	54544.9533361854	91013.0489384765	NA	Pruikemakers
964	2016	2	3	23735.7001549395	43227.268494095	NA	Pruikemakers
965	2016	2	6	124337.343195742	731719.76305459	NA	Pruikemakers
966	2016	2	3	48257.3506461352	79695.3640963861	NA	Pruikemakers
1004	2016	2	1	785.950336256273	785.950336256273	NA	Liedekerke
1008	2016	2	1	628.760269005019	628.760269005019	NA	Liedekerke
1009	2016	2	1	471.570201753764	471.570201753764	NA	Liedekerke
1011	2016	2	2	1729.0907397638	1729.0907397638	NA	Liedekerke
1018	2016	2	2	314.380134502509	314.380134502509	NA	Liedekerke
1019	2016	2	1	157.190067251255	157.190067251255	100	Liedekerke
1022	2016	2	1	157.190067251255	157.190067251255	NA	Liedekerke
1023	2016	2	1	157.190067251255	157.190067251255	NA	Liedekerke
1026	2016	2	1	157.190067251255	157.190067251255	NA	Liedekerke
1027	2016	2	1	314.380134502509	314.380134502509	NA	Liedekerke
1029	2016	2	1	314.380134502509	785.950336256273	NA	Liedekerke
1035	2016	2	4	18548.4279356481	32381.1538537585	NA	Liedekerke
1037	2016	2	2	785.950336256273	785.950336256273	NA	Liedekerke
1041	2016	2	1	314.380134502509	314.380134502509	NA	Liedekerke
1046	2016	2	2	471.570201753764	471.570201753764	NA	Liedekerke
1051	2016	2	2	1414.71060526129	3300.99141227635	NA	Liedekerke
1052	2016	2	1	157.190067251255	157.190067251255	NA	Liedekerke
1053	2016	2	3	785.950336256273	785.950336256273	NA	Liedekerke
1058	2016	2	3	5501.65235379391	9902.97423682904	NA	Liedekerke
1060	2016	2	2	3929.75168128137	3929.75168128137	NA	Liedekerke
1062	2016	2	1	314.380134502509	785.950336256273	100	Liedekerke
1063	2016	2	2	471.570201753764	943.140403507528	83.3333333333333	Liedekerke
121000	2016	2	16	32231.8870241506	233069.995906672	NA	Pruikemakers
1101	2017	2	4	1886.28080701506	3772.56161403011	NA	Sevendonck
1102	2017	2	5	13989.9159853617	22163.7994824269	NA	Sevendonck
1103	2017	2	6	6130.41262279893	8016.69342981399	NA	Sevendonck
1104	2017	2	3	2200.66094151757	2200.66094151757	NA	Sevendonck
1105	2017	2	5	1886.28080701506	3772.56161403011	NA	Sevendonck
1106	2017	2	4	1571.90067251255	1571.90067251255	NA	Sevendonck
1107	2017	2	2	1100.33047075878	1100.33047075878	NA	Sevendonck
1108	2017	2	1	1257.52053801004	3143.80134502509	NA	Sevendonck
1109	2017	2	2	1414.71060526129	1414.71060526129	NA	Sevendonck
1110	2017	2	2	4401.32188303513	6916.36295905521	NA	Sevendonck
1111	2017	2	3	2986.61127777384	4872.89208478889	NA	Sevendonck
1112	2017	2	6	20906.2789444169	34110.2445935223	NA	Sevendonck
1113	2017	2	2	2043.47087426631	3929.75168128137	NA	Sevendonck
1114	2017	2	3	26722.3114327133	38668.7565438086	NA	Sevendonck
1115	2017	2	1	13203.9656491054	25150.4107602007	NA	Sevendonck
1116	2017	2	2	26565.121365462	38511.5664765574	NA	Sevendonck
1117	2017	2	1	13203.9656491054	25150.4107602007	NA	Sevendonck
1118	2017	2	1	13203.9656491054	25150.4107602007	NA	Sevendonck
1119	2017	2	2	13518.3457836079	25464.7908947033	NA	Sevendonck
1120	2017	2	1	1257.52053801004	3143.80134502509	NA	Sevendonck
1121	2017	2	3	2986.61127777384	2986.61127777384	NA	Sevendonck
1122	2017	2	1	628.760269005019	628.760269005019	NA	Sevendonck
1123	2017	2	4	5030.08215204015	8802.64376607026	NA	Sevendonck
1124	2017	2	3	3143.80134502509	5030.08215204015	NA	Sevendonck
1125	2017	2	5	66334.2083800295	631589.690215541	NA	Sevendonck
1126	2017	2	6	4872.89208478889	8645.45369881901	NA	Sevendonck
1127	2017	2	1	3772.56161403011	6287.60269005019	NA	Sevendonck
1128	2017	2	2	7545.12322806022	13203.9656491054	NA	Sevendonck
1129	2017	2	3	3929.75168128137	7702.31329531148	NA	Sevendonck
1130	2017	2	3	3929.75168128137	7702.31329531148	NA	Sevendonck
1131	2017	2	4	41183.7976198287	67591.7289180395	NA	Sevendonck
1132	2017	2	2	1571.90067251255	1571.90067251255	NA	Sevendonck
1133	2017	2	3	66648.588514532	631904.070350044	NA	Sevendonck
1134	2017	2	2	1886.28080701506	1886.28080701506	NA	Sevendonck
1135	2017	2	2	471.570201753764	471.570201753764	NA	Sevendonck
1136	2017	2	4	46999.8301081251	74036.5216753409	NA	Sevendonck
1137	2017	2	2	1414.71060526129	1414.71060526129	NA	Sevendonck
1138	2017	2	2	314.380134502509	314.380134502509	NA	Sevendonck
1139	2017	2	5	24993.2206929495	41340.98768708	NA	Sevendonck
1140	2017	2	2	314.380134502509	314.380134502509	NA	Sevendonck
1141	2017	2	5	72307.4309355772	643221.755192134	NA	Sevendonck
1142	2017	2	3	11003.3047075878	16662.147128633	NA	Sevendonck
1143	2017	2	5	15719.0067251255	20749.0888771656	NA	Sevendonck
1144	2017	2	4	2357.85100876882	4244.13181578388	NA	Sevendonck
1145	2017	2	1	628.760269005019	628.760269005019	NA	Sevendonck
1146	2017	2	2	314.380134502509	314.380134502509	NA	Sevendonck
1147	2017	2	2	14618.6762543667	19648.7584064068	NA	Sevendonck
1148	2017	2	4	17762.4775993918	22792.5597514319	NA	Sevendonck
1149	2017	2	1	1257.52053801004	1257.52053801004	NA	Sevendonck
1150	2017	2	3	1729.0907397638	1729.0907397638	NA	Sevendonck
1151	2017	2	1	1100.33047075878	1100.33047075878	NA	Sevendonck
1152	2017	2	3	4558.51195028639	6444.79275730144	NA	Sevendonck
1153	2017	2	5	2829.42121052258	2829.42121052258	NA	Sevendonck
1154	2017	2	3	1414.71060526129	1414.71060526129	NA	Sevendonck
1155	2017	2	4	1729.0907397638	1729.0907397638	NA	Sevendonck
1156	2017	2	3	943.140403507528	943.140403507528	NA	Sevendonck
1157	2017	2	4	2986.61127777384	4872.89208478889	NA	Sevendonck
1158	2017	2	3	2515.04107602007	4401.32188303513	NA	Sevendonck
1159	2017	2	5	5030.08215204015	5030.08215204015	NA	Sevendonck
1160	2017	2	6	5816.03248829642	7702.31329531148	NA	Sevendonck
1161	2017	2	3	42755.6982923413	69163.6295905521	NA	Sevendonck
1162	2017	2	2	1100.33047075878	1100.33047075878	NA	Sevendonck
1163	2017	2	6	41655.3678215825	66805.7785817832	NA	Sevendonck
1164	2017	2	4	5030.08215204015	6916.36295905521	NA	Sevendonck
1165	2017	2	1	7859.50336256273	12260.8252455979	NA	Sevendonck
1166	2017	2	2	5501.65235379391	5501.65235379391	NA	Sevendonck
1167	2017	2	6	31438.0134502509	55330.9036724416	NA	Sevendonck
1168	2017	2	4	13203.9656491054	23264.1299531857	NA	Sevendonck
1169	2017	2	2	64133.5474385119	629389.029274024	NA	Sevendonck
1170	2017	2	2	630017.789543029	NA	NA	Sevendonck
1171	2017	2	5	24207.2703566932	45585.1195028639	NA	Sevendonck
1172	2017	2	2	785.950336256273	785.950336256273	NA	Sevendonck
1173	2017	2	4	4872.89208478889	8645.45369881901	NA	Sevendonck
1174	2017	2	2	63819.1673040094	629074.649139521	NA	Sevendonck
1175	2017	2	4	42598.50822509	69006.4395233008	NA	Sevendonck
1176	2017	2	2	10217.3543713316	17762.4775993918	NA	Sevendonck
1177	2017	2	5	30652.0631139947	44484.7890321051	NA	Sevendonck
1178	2017	2	5	6130.41262279893	9902.97423682904	NA	Sevendonck
1201	2018	2	6	5030.08215204015	6916.36295905521	NA	Muizenbos
1202	2018	2	5	5658.84242104517	9431.40403507528	NA	Muizenbos
1203	2018	2	6	39297.5168128137	327584.100151615	NA	Muizenbos
1204	2018	2	4	16033.386859628	27979.8319707233	NA	Muizenbos
1205	2018	2	5	3458.1814795276	3458.1814795276	NA	Muizenbos
1206	2018	2	8	16504.9570613817	26565.121365462	NA	Muizenbos
1207	2018	2	4	14461.4861871154	22006.6094151757	NA	Muizenbos
1208	2018	2	1	3143.80134502509	3143.80134502509	NA	Muizenbos
1209	2018	2	9	17762.4775993918	29708.9227104871	NA	Muizenbos
1210	2018	2	6	4244.13181578388	4244.13181578388	NA	Muizenbos
1211	2018	2	5	44484.7890321051	82210.4051724062	NA	Muizenbos
1212	2018	2	1	157.190067251255	157.190067251255	NA	Muizenbos
1213	2018	2	7	4086.94174853262	4086.94174853262	NA	Muizenbos
1214	2018	2	4	7702.31329531148	13361.1557163566	NA	Muizenbos
1215	2018	2	8	4244.13181578388	4244.13181578388	NA	Muizenbos
1216	2018	2	5	10688.9245730853	18234.0478011455	NA	Muizenbos
1217	2018	2	7	46213.8797718689	78280.6534911248	NA	Muizenbos
1218	2018	2	5	3929.75168128137	5816.03248829642	NA	Muizenbos
1219	2018	2	5	4872.89208478889	4872.89208478889	NA	Muizenbos
1220	2018	2	5	1729.0907397638	1729.0907397638	NA	Muizenbos
1221	2018	2	9	20434.7087426631	34896.1949297785	NA	Muizenbos
1223	2018	2	4	2200.66094151757	4086.94174853262	NA	Muizenbos
1224	2018	2	4	5501.65235379391	9274.21396782403	NA	Muizenbos
1225	2018	2	5	12889.5855146029	24207.2703566932	NA	Muizenbos
1226	2018	2	3	26879.5014999645	38825.9466110599	NA	Muizenbos
1227	2018	2	4	2357.85100876882	2357.85100876882	NA	Muizenbos
1228	2018	2	1	157.190067251255	157.190067251255	NA	Muizenbos
1229	2018	2	3	2672.23114327133	2672.23114327133	NA	Muizenbos
1230	2018	2	5	6601.9828245527	9117.02390057277	NA	Muizenbos
1231	2018	2	4	65548.2580437732	630803.739879285	NA	Muizenbos
1232	2018	2	4	16347.7669941305	30180.4929122409	NA	Muizenbos
1233	2018	2	2	7545.12322806022	13203.9656491054	NA	Muizenbos
1234	2018	2	7	7545.12322806022	10060.1643040803	NA	Muizenbos
1235	2018	2	5	9117.02390057277	13518.3457836079	NA	Muizenbos
1236	2018	2	3	943.140403507528	943.140403507528	NA	Muizenbos
1237	2018	2	6	23264.1299531857	41498.1777543312	NA	Muizenbos
1238	2018	2	5	3772.56161403011	7545.12322806022	NA	Muizenbos
1239	2018	2	4	2357.85100876882	4244.13181578388	NA	Muizenbos
1240	2018	2	4	785.950336256273	785.950336256273	NA	Muizenbos
1241	2018	2	2	13832.7259181104	25779.1710292058	NA	Muizenbos
1242	2018	2	10	14304.2961198642	21849.4193479244	NA	Muizenbos
1243	2018	2	3	13518.3457836079	25464.7908947033	NA	Muizenbos
1244	2018	2	6	7387.93316080897	9902.97423682904	NA	Muizenbos
1245	2018	2	9	11474.8749093416	15247.4365233717	NA	Muizenbos
1246	2018	2	5	21220.6590789194	37568.4260730499	NA	Muizenbos
