plot_id	year	period	species	perc_subplots_with_regeneration	nr_of_subplots_with_regeneration	rubbing_damage_perc	approx_nr_established_ha	approx_nr_seedlings_ha	mean_number_established_ha	lci_number_established_ha	uci_number_established_ha	mean_number_seedlings_ha	lci_number_seedlings_ha	uci_number_seedlings_ha
11000	2000	1	4	0.133333333333333	1	NA	0	0.133333333333333	0	0	0	0.133333333383333	0.133333333333333	0.133333333433333
11000	2000	1	6	0.4	3	NA	0.133333333333333	0.266666666666667	0.133333333383333	0.133333333333333	0.133333333433333	0.266666666766667	0.266666666695956	0.266666666837377
11000	2000	1	7	36	270	NA	79.3333333333333	21.4666666666667	79.3333333424333	79.3333333408658	79.3333333440008	21.4666666710667	21.4666666703509	21.4666666717825
11000	2000	1	14	0.533333333333333	4	NA	0	0.533333333333333	0	0	0	0.533333333533333	0.533333333433333	0.533333333633333
11000	2000	1	16	3.33333333333333	25	NA	0.933333333333333	2.93333333333333	0.933333333683333	0.933333333551046	0.933333333815621	2.93333333423333	2.93333333399188	2.93333333447479
11000	2000	1	27	0.133333333333333	1	NA	0	0.133333333333333	0	0	0	0.133333333383333	0.133333333333333	0.133333333433333
11000	2000	1	31	0.533333333333333	4	NA	0	0.533333333333333	0	0	0	0.533333333533333	0.533333333433333	0.533333333633333
11000	2000	1	39	0.133333333333333	1	NA	0	0.133333333333333	0	0	0	0.133333333383333	0.133333333333333	0.133333333433333
11000	2000	1	64	0.133333333333333	1	NA	0	0.133333333333333	0	0	0	0.133333333383333	0.133333333333333	0.133333333433333
11000	2000	1	71	0.133333333333333	1	NA	0	0.133333333333333	0	0	0	0.133333333383333	0.133333333333333	0.133333333433333
11000	2000	1	77	0.133333333333333	1	NA	0.133333333333333	0	0.133333333383333	0.133333333333333	0.133333333433333	0	0	0
11000	2000	1	79	0.4	3	NA	0	0.8	0	0	0	0.80000000015	0.800000000033333	0.800000000266667
11000	2000	1	82	0.133333333333333	1	NA	0	0.133333333333333	0	0	0	0.133333333383333	0.133333333333333	0.133333333433333
11000	2000	1	87	1.06666666666667	8	NA	0.266666666666667	1.06666666666667	0.266666666766667	0.266666666695956	0.266666666837377	1.06666666696667	1.06666666682525	1.06666666710809
11000	2000	1	NA	59.6	447	NA	0	0	0	0	0	0	0	0
31000	2001	1	NA	100	10	NA	0	0	0	0	0	0	0	0
41000	2001	1	3	9.18367346938776	9	NA	0	24.4897959183673	0	0	0	24.8929360547526	22.3962306938425	27.6679711821493
41000	2001	1	7	35.7142857142857	35	NA	0	80.6122448979592	0	0	0	82.5776513158429	78.4139989208613	86.962386699893
41000	2001	1	14	98.9795918367347	97	NA	0	7796.9387755102	0	0	0	21032.1924839755	19155.2843015271	23093.0073247585
41000	2001	1	16	17.3469387755102	17	NA	0	40.8163265306122	0	0	0	41.8818244641193	38.7511350803853	45.2654410459108
41000	2001	1	20	6.12244897959184	6	NA	0	18.3673469387755	0	0	0	19.3608836341583	16.0581684956611	23.3428746993594
41000	2001	1	23	3.06122448979592	3	NA	0	5.10204081632653	0	0	0	5.267630265657	4.52159801494575	6.13675265336441
41000	2001	1	27	3.06122448979592	3	NA	0	5.10204081632653	0	0	0	5.267630265657	4.52159801494575	6.13675265336441
41000	2001	1	28	6.12244897959184	6	NA	0	8.16326530612245	0	0	0	8.32885475560292	7.71655793617297	8.98973637128335
41000	2001	1	31	19.3877551020408	19	NA	0	64.2857142857143	0	0	0	63.6508477821888	60.3737628663377	67.1058127080945
41000	2001	1	39	8.16326530612245	8	NA	0	16.3265306122449	0	0	0	16.9888884093668	15.1503429080662	19.0505476435289
41000	2001	1	43	2.04081632653061	2	NA	0	4.08163265306122	0	0	0	4.24722210234169	3.37769141660618	5.34059905470726
41000	2001	1	52	2.04081632653061	2	NA	0	6.12244897959184	0	0	0	6.45362787805277	4.66778539348721	8.92271372340545
41000	2001	1	54	2.04081632653061	2	NA	30.6122448979592	8.16326530612245	29.5742382575985	21.4285714286714	40.8163265306122	7.90404764538581	6.12244897969184	10.2040816326531
41000	2001	1	63	1.02040816326531	1	NA	0	1.02040816326531	0	0	0	1.02040816331531	1.02040816326531	1.02040816336531
41000	2001	1	64	2.04081632653061	2	NA	0	6.12244897959184	0	0	0	6.45362787805277	4.66778539348721	8.92271372340545
41000	2001	1	83	1.02040816326531	1	NA	0	8.16326530612245	0	0	0	7.90404764538581	6.12244897969184	10.2040816326531
41000	2001	1	87	28.5714285714286	28	NA	0	59.1836734693878	0	0	0	61.6675152084947	57.8808303338293	65.7019329207391
43000	2001	1	7	70	7	NA	0	14	0	0	0	14.00000000035	14.0000000002177	14.0000000004823
43000	2001	1	14	100	10	NA	0	1128	0	0	0	2421.27380650887	1966.32151637511	2981.48944476462
43000	2001	1	16	40	4	NA	0	26	0	0	0	25.81648870541	22.6436760190994	29.4338732153912
43000	2001	1	28	30	3	NA	0	34	0	0	0	32.9838667698384	29.2422856950784	37.2041870609846
43000	2001	1	31	10	1	NA	0	2	0	0	0	2.00000000005	2	2.0000000001
43000	2001	1	54	10	1	NA	2	0	2.00000000005	2	2.0000000001	0	0	0
43000	2001	1	64	10	1	NA	0	2	0	0	0	2.00000000005	2	2.0000000001
43000	2001	1	83	30	3	NA	0	82	0	0	0	79.7819956901368	64.9817451297493	97.9531532062066
43000	2001	1	87	50	5	NA	0	10	0	0	0	10.00000000025	10.0000000001382	10.0000000003618
43000	2001	1	89	10	1	NA	0	16	0	0	0	15.4919333848942	12.0000000001	20
51000	2001	1	3	8.16326530612245	8	NA	0	10.2040816326531	0	0	0	10.3696710822335	9.79250339053963	10.9808568927934
51000	2001	1	4	51.0204081632653	50	NA	205.102040816327	666.326530612245	202.895496996636	188.81966493432	218.020632097995	650.405541036856	624.604844928033	677.271992438974
51000	2001	1	6	1.02040816326531	1	NA	0	1.02040816326531	0	0	0	1.02040816331531	1.02040816326531	1.02040816336531
51000	2001	1	7	2.04081632653061	2	NA	1.02040816326531	1.02040816326531	1.02040816331531	1.02040816326531	1.02040816336531	1.02040816331531	1.02040816326531	1.02040816336531
51000	2001	1	9	1.02040816326531	1	NA	1.02040816326531	0	1.02040816331531	1.02040816326531	1.02040816336531	0	0	0
51000	2001	1	13	8.16326530612245	8	NA	6.12244897959184	9.18367346938775	6.2880384289723	5.60754395005055	7.05111322112348	9.51485236799868	8.35843247824211	10.8312672047631
51000	2001	1	14	93.8775510204082	92	NA	0	5887.75510204082	0	0	0	9563.4915232032	9224.51225276822	9914.92748973613
51000	2001	1	16	30.6122448979592	30	NA	2.04081632653061	90.8163265306122	2.04081632663061	2.0408163265599	2.04081632670132	91.4461492617017	86.8883889972662	96.2429884050047
51000	2001	1	20	51.0204081632653	50	NA	87.7551020408163	856.122448979592	86.8063563510316	76.8843383418683	98.0088229339527	1070.94948040303	1025.12727817243	1118.81989095075
51000	2001	1	24	4.08163265306122	4	NA	7.14285714285714	18.3673469387755	7.47403604136807	6.02226453151987	9.27578230004635	18.3619128923503	13.9678754601268	24.1382339088523
51000	2001	1	28	17.3469387755102	17	NA	10.2040816326531	22.4489795918367	10.7008499803945	8.77529522780005	13.0489273956445	23.1113373892586	21.6471532286872	24.6745569857333
51000	2001	1	39	51.0204081632653	50	NA	104.081632653061	604.081632653061	104.689788409769	96.8167082237978	113.203103042375	816.206209326088	773.608913181864	861.1490441629
51000	2001	1	41	2.04081632653061	2	NA	0	9.18367346938776	0	0	0	8.92445580870112	7.8545183017639	10.1401395249882
51000	2001	1	44	1.02040816326531	1	NA	0	1.02040816326531	0	0	0	1.02040816331531	1.02040816326531	1.02040816336531
51000	2001	1	54	11.2244897959184	11	NA	60.2040816326531	59.1836734693878	59.5350548603422	53.5372408645384	66.2048080922243	57.7165616701988	53.7272368270569	62.0020996380793
51000	2001	1	64	1.02040816326531	1	NA	0	1.02040816326531	0	0	0	1.02040816331531	1.02040816326531	1.02040816336531
51000	2001	1	69	1.02040816326531	1	NA	0	3.06122448979592	0	0	0	3.22681393902638	2.04081632663061	5.10204081632653
51000	2001	1	71	14.2857142857143	14	NA	220.408163265306	701.020408163265	440.709412519949	377.859353156033	514.013440878027	1583.7131566613	1295.15378157947	1936.56336278721
51000	2001	1	77	1.02040816326531	1	NA	1.02040816326531	0	1.02040816331531	1.02040816326531	1.02040816336531	0	0	0
51000	2001	1	79	1.02040816326531	1	NA	1.02040816326531	0	1.02040816331531	1.02040816326531	1.02040816336531	0	0	0
51000	2001	1	83	21.4285714285714	21	NA	44.8979591836735	118.367346938776	44.4622839810059	40.3827234098552	48.9539716463293	117.987330834756	110.257258964232	126.259353518178
51000	2001	1	86	3.06122448979592	3	NA	3.06122448979592	5.10204081632653	3.22681393902638	2.04081632663061	5.10204081632653	5.267630265657	4.52159801494575	6.13675265336441
51000	2001	1	87	77.5510204081633	76	NA	44.8979591836735	921.428571428571	45.6268441718944	39.603049939439	52.5668834160458	904.193788337841	873.527816611564	935.936316304268
51000	2001	1	89	2.04081632653061	2	NA	0	2.04081632653061	0	0	0	2.04081632663061	2.0408163265599	2.04081632670132
51000	2001	1	NA	2.04081632653061	2	NA	0	0	0	0	0	0	0	0
53000	2001	1	2	10	1	NA	10	0	10.00000000005	10	10.0000000001	0	0	0
53000	2001	1	3	50	5	NA	0	110	0	0	0	114.868329805389	98.0110575034727	134.624944658025
53000	2001	1	4	70	7	NA	120	440	119.082443526026	99.9802187668168	141.834340142849	432.325747116482	390.987210429922	478.034950080098
53000	2001	1	6	70	7	NA	350	90	341.450311525721	296.836268850974	392.769777400566	93.2455532036758	81.9126382838811	106.146418604252
53000	2001	1	7	20	2	NA	10	10	10.00000000005	10	10.0000000001	10.00000000005	10	10.0000000001
53000	2001	1	20	20	2	NA	0	40	0	0	0	41.6227766018129	33.1013758814732	52.3378707352788
53000	2001	1	28	10	1	NA	0	10	0	0	0	10.00000000005	10	10.0000000001
53000	2001	1	39	100	10	NA	190	770	192.327996729601	167.379731323282	220.994848262589	750.371422748498	677.319217381484	831.30266738095
53000	2001	1	63	50	5	NA	20	80	20.0000000001	20.0000000000293	20.0000000001707	83.2455532036257	70.7969460549106	97.8830657865223
53000	2001	1	79	20	2	NA	10	10	10.00000000005	10	10.0000000001	10.00000000005	10	10.0000000001
53000	2001	1	87	90	9	NA	40	1400	41.6227766018129	33.1013758814732	52.3378707352788	3567.94320910194	3001.52628721367	4241.24846002737
53000	2001	1	89	10	1	NA	0	10	0	0	0	10.00000000005	10	10.0000000001
71000	2002	1	3	2.04081632653061	2	NA	0	2.04081632653061	0	0	0	2.04081632663061	2.0408163265599	2.04081632670132
71000	2002	1	7	12.2448979591837	12	NA	5.10204081632653	12.2448979591837	5.10204081657653	5.10204081646473	5.10204081668833	12.2448979596337	12.2448979594605	12.2448979598069
71000	2002	1	14	50	49	NA	0	366.326530612245	0	0	0	366.326530614695	366.326530613255	366.326530616135
71000	2002	1	15	5.10204081632653	5	NA	0	95.9183673469388	0	0	0	95.9183673471888	95.9183673467865	95.9183673475912
71000	2002	1	16	83.6734693877551	82	NA	81.6326530612245	762.244897959184	81.6326530640745	81.6326530636002	81.6326530645487	762.244897963034	762.244897960822	762.244897965246
71000	2002	1	23	14.2857142857143	14	NA	33.6734693877551	4.08163265306122	33.6734693888551	33.673469388559	33.6734693891512	4.08163265316122	4.08163265305581	4.08163265326663
71000	2002	1	28	29.5918367346939	29	NA	39.7959183673469	19.3877551020408	39.7959183685969	39.7959183682628	39.795918368931	19.3877551029408	19.3877551027216	19.38775510316
71000	2002	1	31	4.08163265306122	4	NA	0	4.08163265306122	0	0	0	4.08163265326122	4.08163265316122	4.08163265336122
71000	2002	1	64	61.2244897959184	60	NA	20.4081632653061	748.979591836735	20.4081632659561	20.4081632657083	20.4081632662039	748.979591840835	748.979591838423	748.979591843246
71000	2002	1	69	8.16326530612245	8	NA	10.2040816326531	1.02040816326531	10.2040816331031	10.2040816329435	10.2040816332626	1.02040816331531	1.02040816326531	1.02040816336531
71000	2002	1	83	5.10204081632653	5	NA	2.04081632653061	7.14285714285714	2.04081632663061	2.0408163265599	2.04081632670132	7.14285714300714	7.14285714284051	7.14285714317378
71000	2002	1	87	75.5102040816327	74	NA	0	391.836734693878	0	0	0	391.836734697627	391.836734696405	391.83673469885
71000	2002	1	89	1.02040816326531	1	NA	1.02040816326531	0	1.02040816331531	1.02040816326531	1.02040816336531	0	0	0
71000	2002	1	NA	7.14285714285714	7	NA	0	0	0	0	0	0	0	0
81000	2002	1	3	2.04081632653061	2	NA	0	2.04081632653061	0	0	0	2.04081632663061	2.0408163265599	2.04081632670132
81000	2002	1	4	22.4489795918367	22	NA	0	33.6734693877551	0	0	0	33.6734693889051	33.6734693886117	33.6734693891985
81000	2002	1	7	85.7142857142857	84	NA	139.795918367347	246.938775510204	139.795918369547	139.795918368713	139.795918370381	246.938775516304	246.938775515425	246.938775517183
81000	2002	1	9	6.12244897959184	6	NA	0	11.2244897959184	0	0	0	11.2244897962184	11.2244897960285	11.2244897964082
81000	2002	1	14	39.7959183673469	39	NA	0	132.65306122449	0	0	0	132.65306122654	132.653061225791	132.653061227288
81000	2002	1	16	97.9591836734694	96	NA	937.755102040816	9733.67346938776	937.755102045966	937.755102043533	937.755102048399	9733.67346939515	9733.67346938495	9733.67346940535
81000	2002	1	24	11.2244897959184	11	NA	24.4897959183673	130.612244897959	24.4897959188673	24.4897959186058	24.4897959191289	130.612244898809	130.612244897964	130.612244899654
81000	2002	1	27	17.3469387755102	17	NA	10.2040816326531	61.2244897959184	10.2040816330031	10.2040816328377	10.2040816331684	61.2244897971184	61.2244897967339	61.2244897975029
81000	2002	1	28	96.9387755102041	95	NA	237.755102040816	325.510204081633	237.755102046016	237.755102045186	237.755102046847	325.510204087133	325.510204086083	325.510204088182
81000	2002	1	31	11.2244897959184	11	NA	9.18367346938776	9.18367346938776	9.18367346973776	9.18367346957884	9.18367346989667	9.18367346978776	9.1836734696363	9.18367346993921
81000	2002	1	39	63.265306122449	62	NA	13.265306122449	235.714285714286	13.265306122849	13.2653061226573	13.2653061230406	235.714285718086	235.714285717135	235.714285719037
81000	2002	1	40	7.14285714285714	7	NA	13.265306122449	0	13.265306122799	13.2653061226037	13.2653061229943	0	0	0
81000	2002	1	57	2.04081632653061	2	NA	1.02040816326531	1.02040816326531	1.02040816331531	1.02040816326531	1.02040816336531	1.02040816331531	1.02040816326531	1.02040816336531
81000	2002	1	63	6.12244897959184	6	NA	9.18367346938775	4.08163265306122	9.18367346958775	9.18367346945125	9.18367346972425	4.08163265326122	4.08163265316122	4.08163265336122
81000	2002	1	64	28.5714285714286	28	NA	0	85.7142857142857	0	0	0	85.7142857157857	85.7142857152229	85.7142857163484
81000	2002	1	87	100	98	NA	9.18367346938776	1646.9387755102	9.18367346983776	9.18367346968776	9.18367346998775	1646.938775518	1646.93877551501	1646.93877552099
91000	2003	1	4	1.02040816326531	1	NA	0	5.10204081632653	0	0	0	5.10204081637653	5.10204081632653	5.10204081642653
91000	2003	1	13	1.02040816326531	1	NA	0	1.02040816326531	0	0	0	1.02040816331531	1.02040816326531	1.02040816336531
91000	2003	1	14	42.8571428571429	42	NA	229.591836734694	171.428571428571	229.591836737244	229.591836736165	229.591836738323	171.428571429871	171.428571428875	171.428571430868
91000	2003	1	16	35.7142857142857	35	NA	121.428571428571	21.4285714285714	121.428571430521	121.428571429761	121.428571431282	21.4285714291714	21.4285714289148	21.4285714294281
91000	2003	1	20	5.10204081632653	5	NA	5.10204081632653	4.08163265306122	5.10204081652653	5.10204081641386	5.1020408166392	4.08163265311122	4.08163265306122	4.08163265316122
91000	2003	1	24	2.04081632653061	2	NA	1.02040816326531	5.10204081632653	1.02040816331531	1.02040816326531	1.02040816336531	5.10204081642653	5.10204081629768	5.10204081655538
91000	2003	1	28	58.1632653061224	57	NA	107.142857142857	5.10204081632653	107.142857146257	107.142857145723	107.142857146791	5.10204081657653	5.10204081646473	5.10204081668833
91000	2003	1	40	1.02040816326531	1	NA	1.02040816326531	0	1.02040816331531	1.02040816326531	1.02040816336531	0	0	0
91000	2003	1	54	11.2244897959184	11	NA	114.285714285714	42.8571428571429	114.285714286464	114.285714285825	114.285714287103	42.8571428572428	42.8571428571486	42.8571428573371
91000	2003	1	57	1.02040816326531	1	NA	1.02040816326531	0	1.02040816331531	1.02040816326531	1.02040816336531	0	0	0
91000	2003	1	63	3.06122448979592	3	NA	2.04081632653061	1.02040816326531	2.04081632663061	2.0408163265599	2.04081632670132	1.02040816331531	1.02040816326531	1.02040816336531
91000	2003	1	69	3.06122448979592	3	NA	3.06122448979592	1.02040816326531	3.06122448994592	3.06122448985932	3.06122449003252	1.02040816331531	1.02040816326531	1.02040816336531
91000	2003	1	77	1.02040816326531	1	NA	2.04081632653061	0	2.04081632658061	2.04081632653061	2.04081632663061	0	0	0
91000	2003	1	79	1.02040816326531	1	NA	1.02040816326531	0	1.02040816331531	1.02040816326531	1.02040816336531	0	0	0
91000	2003	1	83	97.9591836734694	96	NA	1591.83673469388	836.734693877551	1591.83673470068	1591.83673469782	1591.83673470353	836.734693881201	836.734693879253	836.73469388315
91000	2003	1	86	5.10204081632653	5	NA	6.12244897959184	0	6.12244897984184	6.12244897971814	6.12244897996553	0	0	0
91000	2003	1	87	32.6530612244898	32	NA	29.5918367346939	24.4897959183673	29.5918367358939	29.591836735622	29.5918367361657	24.4897959191173	24.4897959188546	24.4897959193801
101000	2004	1	4	3.06122448979592	3	NA	0	4.08163265306122	0	0	0	4.08163265321122	4.08163265311122	4.08163265331122
101000	2004	1	7	21.4285714285714	21	NA	0	40.8163265306122	0	0	0	40.8163265316622	40.8163265312867	40.8163265320378
101000	2004	1	9	5.10204081632653	5	NA	0	6.12244897959184	0	0	0	6.12244897984184	6.12244897971814	6.12244897996553
101000	2004	1	14	24.4897959183673	24	NA	0	43.8775510204082	0	0	0	43.8775510217582	43.8775510214048	43.8775510221115
101000	2004	1	16	100	98	NA	1108.16326530612	713.265306122449	1108.16326531392	1108.16326531182	1108.16326531603	713.265306130349	713.265306128578	713.26530613212
101000	2004	1	27	10.2040816326531	10	NA	0	60.2040816326531	0	0	0	60.204081633153	60.2040816326661	60.20408163364
101000	2004	1	28	20.4081632653061	20	NA	26.530612244898	3.06122448979592	26.530612245848	26.5306122455887	26.5306122461072	3.06122448994592	3.06122448985932	3.06122449003252
101000	2004	1	31	11.2244897959184	11	NA	36.734693877551	5.10204081632653	36.734693877901	36.7346938772711	36.7346938785309	5.10204081657653	5.10204081646473	5.10204081668833
101000	2004	1	39	2.04081632653061	2	NA	0	2.04081632653061	0	0	0	2.04081632663061	2.0408163265599	2.04081632670132
101000	2004	1	44	1.02040816326531	1	NA	1.02040816326531	0	1.02040816331531	1.02040816326531	1.02040816336531	0	0	0
101000	2004	1	64	19.3877551020408	19	NA	4.08163265306122	18.3673469387755	4.08163265326122	4.08163265316122	4.08163265336122	18.3673469395755	18.3673469393613	18.3673469397897
101000	2004	1	69	3.06122448979592	3	NA	3.06122448979592	1.02040816326531	3.06122448994592	3.06122448985932	3.06122449003252	1.02040816331531	1.02040816326531	1.02040816336531
101000	2004	1	87	9.18367346938776	9	NA	0	13.265306122449	0	0	0	13.265306122899	13.2653061227133	13.2653061230847
171100	2004	1	4	4	2	NA	0	8	0	0	0	8.32455532046582	6.62027517640985	10.4675741471332
171100	2004	1	7	2	1	NA	0	2	0	0	0	2.00000000005	2	2.0000000001
171100	2004	1	9	2	1	NA	0	2	0	0	0	2.00000000005	2	2.0000000001
171100	2004	1	14	60	30	NA	412	656	412.0000000012	412.000000000136	412.000000002264	648.60668922162	620.195992991827	678.318857356072
171100	2004	1	16	2	1	NA	0	2	0	0	0	2.00000000005	2	2.0000000001
171100	2004	1	20	20	10	NA	24	126	24.0000000002	24.000000000015	24.000000000385	123.449016193587	115.575605610569	131.858790777306
171100	2004	1	24	58	29	NA	450	110	450.000000002	450.000000000948	450.000000003052	114.543774486471	107.497470750681	122.051953241184
171100	2004	1	31	2	1	NA	4	8	4.00000000005	4	4.0000000001	8.32455532046582	6.62027517640985	10.4675741471332
171100	2004	1	39	38	19	NA	22	38	22.00000000055	22.0000000003842	22.0000000007158	38.6491106414816	37.0152283450798	40.3551138318465
171100	2004	1	62	2	1	NA	0	2	0	0	0	2.00000000005	2	2.0000000001
171100	2004	1	63	48	24	NA	54	52	54.00000000075	54.0000000004573	54.0000000010427	53.6227766026291	50.2970362083994	57.1684215877373
171100	2004	1	64	4	2	NA	0	4	0	0	0	4.0000000001	4.00000000002929	4.00000000017071
171100	2004	1	69	6	3	NA	2	4	2.00000000005	2	2.0000000001	4.0000000001	4.00000000002929	4.00000000017071
171100	2004	1	77	18	9	NA	14	14	14.00000000035	14.0000000002177	14.0000000004823	14.3245553206158	13.07034791636	15.6991142428998
171100	2004	1	86	6	3	NA	6	8	6.00000000015	6.0000000000634	6.0000000002366	8.32455532046582	6.62027517640985	10.4675741471332
171100	2004	1	87	80	40	NA	14	1124	14.00000000035	14.0000000002177	14.0000000004823	1983.80304777047	1874.63796110554	2099.325103831
171100	2004	1	88	2	1	NA	0	2	0	0	0	2.00000000005	2	2.0000000001
171100	2004	1	89	94	47	NA	1200	5576	1200.000000003	1200.00000000102	1200.00000000498	11142.5138957894	10374.832585724	11966.9994568106
171100	2004	1	92	34	17	NA	20	84	20.0000000004	20.0000000002407	20.0000000005593	84.4549486153575	78.2195380604235	91.1874260892823
171200	2004	1	3	14	7	NA	0	18	0	0	0	18.00000000035	18.0000000001992	18.0000000005008
171200	2004	1	4	46	23	NA	2	164	2.00000000005	2	2.0000000001	164.00000000125	164.000000000743	164.000000001757
171200	2004	1	7	2	1	NA	0	2	0	0	0	2.00000000005	2	2.0000000001
171200	2004	1	13	12	6	NA	4	46	4.0000000001	4.00000000002929	4.00000000017071	46.0000000002	45.9999999997018	46.0000000006982
171200	2004	1	16	2	1	NA	0	2	0	0	0	2.00000000005	2	2.0000000001
171200	2004	1	20	16	8	NA	0	48	0	0	0	48.0000000004	48.0000000001076	48.0000000006924
171200	2004	1	31	10	5	NA	8	6	8.00000000015	8.00000000005	8.00000000025	6.00000000015	6.0000000000634	6.0000000002366
171200	2004	1	39	98	49	NA	720	4598	720.00000000235	720.000000000732	720.000000003968	4598.0000000033	4597.99999999698	4598.00000000962
171200	2004	1	40	6	3	NA	6	0	6.00000000015	6.0000000000634	6.0000000002366	0	0	0
171200	2004	1	57	2	1	NA	2	2	2.00000000005	2	2.0000000001	2.00000000005	2	2.0000000001
171200	2004	1	63	96	48	NA	36	632	36.00000000055	36.0000000003326	36.0000000007675	632.00000000295	632.000000001859	632.000000004041
171200	2004	1	64	8	4	NA	4	6	4.0000000001	4.00000000002929	4.00000000017071	6.0000000001	6.00000000001615	6.00000000018385
171200	2004	1	77	2	1	NA	2	0	2.00000000005	2	2.0000000001	0	0	0
171200	2004	1	79	14	7	NA	6	38	6.00000000015	6.0000000000634	6.0000000002366	38.0000000002	37.9999999998434	38.0000000005566
171200	2004	1	86	88	44	NA	168	306	168.0000000017	168.000000001145	168.000000002255	306.00000000175	306.00000000091	306.00000000259
171200	2004	1	87	96	48	NA	48	1778	48.0000000003	47.9999999998875	48.0000000007125	1778.0000000026	1778.00000000036	1778.00000000484
171200	2004	1	89	72	36	NA	190	786	190.0000000021	190.000000001505	190.000000002695	786.00000000135	785.999999999758	786.000000002943
171200	2004	1	NA	2	1	NA	0	0	0	0	0	0	0	0
111000	2005	1	7	69.3877551020408	68	NA	0	2329.59183673469	0	0	0	5856.7866122335	5435.01285755616	6311.29131066331
111000	2005	1	9	36.734693877551	36	NA	0	1438.77551020408	0	0	0	3868.46888032626	3457.4792475773	4328.31274071679
111000	2005	1	14	100	98	NA	5.10204081632653	4802.04081632653	5.10204081652653	5.10204081641386	5.1020408166392	12519.4782279626	11645.2058372916	13459.3872611946
111000	2005	1	15	98.9795918367347	97	NA	0	4667.34693877551	0	0	0	13508.1846536576	12486.2045841944	14613.8125005808
111000	2005	1	16	90.8163265306122	89	NA	78.5714285714286	2477.55102040816	78.5714285734286	78.5714285729484	78.5714285739088	6672.98622067809	6243.50103698459	7132.01532883314
111000	2005	1	24	38.7755102040816	38	NA	1.02040816326531	1360.20408163265	1.02040816331531	1.02040816326531	1.02040816336531	3343.46868018716	3079.70990239271	3629.81682356101
111000	2005	1	27	9.18367346938776	9	NA	0	226.530612244898	0	0	0	669.227288731121	546.523758838676	819.479769615302
111000	2005	1	28	28.5714285714286	28	NA	12.2448979591837	805.102040816327	12.2448979595837	12.244897959406	12.2448979597613	2131.00326651288	1898.54902207166	2391.91870691509
111000	2005	1	39	3.06122448979592	3	NA	0	19.3877551020408	0	0	0	19.3823210556656	16.1515449600278	23.2593458046661
111000	2005	1	64	40.8163265306122	40	NA	5.10204081632653	1626.5306122449	5.10204081657653	5.10204081646473	5.10204081668833	4497.22208776069	3985.61303185801	5074.50330601066
111000	2005	1	69	47.9591836734694	47	NA	44.8979591836735	619.387755102041	44.8979591852235	44.8979591848767	44.8979591855702	1503.32948347823	1408.63239364821	1604.39270464437
111000	2005	1	87	97.9591836734694	96	NA	0	3521.42857142857	0	0	0	8815.48426407245	8324.21282365229	9335.74915207565
121000	2006	1	3	16.3265306122449	16	NA	0	54.0816326530612	0	0	0	54.628695264945	50.1480828217636	59.5096398192731
121000	2006	1	4	6.12244897959184	6	NA	2.04081632653061	7.14285714285714	2.04081632663061	2.0408163265599	2.04081632670132	7.30844659228761	6.66854485542643	8.00975216487536
121000	2006	1	5	4.08163265306122	4	NA	1.02040816326531	4.08163265306122	1.02040816331531	1.02040816326531	1.02040816336531	4.08163265326122	4.08163265316122	4.08163265336122
121000	2006	1	7	63.265306122449	62	NA	21.4285714285714	120.408163265306	21.4285714294214	21.4285714291853	21.4285714296575	123.626324040759	119.894457533335	127.474349609376
121000	2006	1	9	24.4897959183673	24	NA	0	98.9795918367347	0	0	0	99.00278508122	94.1175838526613	104.141554134903
121000	2006	1	14	52.0408163265306	51	NA	3.06122448979592	483.673469387755	3.06122448994592	3.06122448985932	3.06122449003252	700.999577423728	668.901647765564	734.637759063304
121000	2006	1	15	58.1632653061224	57	NA	0	1232.65306122449	0	0	0	1653.72915624923	1573.79051155235	1737.72818056401
121000	2006	1	16	98.9795918367347	97	NA	256.122448979592	11886.7346938776	256.122448982192	256.122448981021	256.122448983363	33534.5984228876	31439.1533983446	35769.7065546157
121000	2006	1	24	28.5714285714286	28	NA	5.10204081632653	80.6122448979592	5.10204081657653	5.10204081646473	5.10204081668833	82.5776513158429	78.4139989208613	86.962386699893
121000	2006	1	27	15.3061224489796	15	NA	9.18367346938776	25.5102040816327	9.18367346958776	9.1836734694219	9.18367346975362	25.5821653199069	24.3406953725106	26.8869550536406
121000	2006	1	28	89.7959183673469	88	NA	140.816326530612	380.612244897959	140.816326534462	140.816326533837	140.816326535087	387.388231930408	374.252132217822	400.985403473464
121000	2006	1	31	1.02040816326531	1	NA	0	1.02040816326531	0	0	0	1.02040816331531	1.02040816326531	1.02040816336531
121000	2006	1	39	20.4081632653061	20	NA	1.02040816326531	52.0408163265306	1.02040816331531	1.02040816326531	1.02040816336531	54.3590686162071	50.4549077247351	58.5653303924862
121000	2006	1	46	3.06122448979592	3	NA	0	3.06122448979592	0	0	0	3.06122448994592	3.06122448985932	3.06122449003252
121000	2006	1	63	1.02040816326531	1	NA	1.02040816326531	0	1.02040816331531	1.02040816326531	1.02040816336531	0	0	0
121000	2006	1	64	1.02040816326531	1	NA	0	1.02040816326531	0	0	0	1.02040816331531	1.02040816326531	1.02040816336531
121000	2006	1	65	1.02040816326531	1	NA	0	1.02040816326531	0	0	0	1.02040816331531	1.02040816326531	1.02040816336531
121000	2006	1	69	7.14285714285714	7	NA	4.08163265306122	15.3061224489796	4.08163265316122	4.08163265305581	4.08163265326663	15.802890796971	14.469207466646	17.2595049256612
121000	2006	1	81	35.7142857142857	35	NA	1.02040816326531	333.673469387755	1.02040816331531	1.02040816326531	1.02040816336531	328.510759335879	312.904754810208	344.895107346305
121000	2006	1	87	91.8367346938775	90	NA	2.04081632653061	5040.81632653061	2.04081632658061	2.04081632653061	2.04081632663061	10525.9600644538	10010.3032340157	11068.1797232659
121000	2006	1	89	1.02040816326531	1	NA	0	106.122448979592	0	0	0	327.517601328382	176.673223215035	607.153575555348
131000	2006	1	3	79.4117647058823	27	NA	302.941176470588	4764.70588235294	302.941176471288	302.941176470304	302.941176472272	11110.1142816134	10067.7066186983	12260.4525564204
131000	2006	1	4	38.2352941176471	13	NA	70.5882352941176	5.88235294117647	70.5882352948676	70.5882352946049	70.5882352951303	5.88235294127647	5.88235294120576	5.88235294134718
131000	2006	1	5	2.94117647058824	1	NA	2.94117647058824	0	2.94117647063824	2.94117647058823	2.94117647068824	0	0	0
131000	2006	1	14	20.5882352941176	7	NA	17.6470588235294	155.882352941176	17.6470588237794	17.6470588236557	17.6470588239031	153.352075844239	134.592499106344	174.726372731633
131000	2006	1	15	5.88235294117647	2	NA	0	17.6470588235294	0	0	0	18.6016332952662	13.4542049573309	25.7184101438128
131000	2006	1	16	5.88235294117647	2	NA	11.7647058823529	20.5882352941176	11.7647058824529	11.7647058823475	11.7647058825583	21.5428097659045	17.3582918845225	26.7360783939667
131000	2006	1	28	52.9411764705882	18	NA	73.5294117647059	29.4117647058824	73.5294117655559	73.5294117652915	73.5294117658203	28.6646079190317	26.3251718040496	31.2119424430659
131000	2006	1	31	2.94117647058824	1	NA	17.6470588235294	132.352941176471	17.6470588236294	17.6470588234764	17.6470588237824	128.868089607696	103.445451307085	160.538567035085
131000	2006	1	39	67.6470588235294	23	NA	255.882352941176	252.941176470588	255.882352942777	255.882352942298	255.882352943255	254.009391081121	234.671725187063	274.940539623897
131000	2006	1	41	2.94117647058824	1	NA	2.94117647058824	0	2.94117647063824	2.94117647058823	2.94117647068824	0	0	0
131000	2006	1	54	14.7058823529412	5	NA	200	350	200.00000000035	199.999999999787	200.000000000913	988.346386219138	780.397146972932	1251.70700961867
131000	2006	1	59	5.88235294117647	2	NA	32.3529411764706	61.7647058823529	32.3529411766206	32.3529411764256	32.3529411768156	62.2263302782493	49.0543985538823	78.9351473883542
131000	2006	1	63	8.82352941176471	3	NA	8.8235294117647	2.94117647058824	8.8235294118647	8.82352941178085	8.82352941194856	2.94117647063824	2.94117647058823	2.94117647068824
131000	2006	1	64	26.4705882352941	9	NA	26.4705882352941	144.117647058824	26.4705882354441	26.4705882352309	26.4705882356573	144.516819588574	130.447964673023	160.103005028453
131000	2006	1	67	2.94117647058824	1	NA	2.94117647058824	8.8235294117647	2.94117647063824	2.94117647058823	2.94117647068824	9.30081664763311	5.88235294127647	14.7058823529412
131000	2006	1	69	17.6470588235294	6	NA	123.529411764706	23.5294117647059	123.529411765256	123.529411764876	123.529411765636	24.4839862365427	20.8226311928199	28.7891369961891
131000	2006	1	82	2.94117647058824	1	NA	2.94117647058824	0	2.94117647063824	2.94117647058823	2.94117647068824	0	0	0
131000	2006	1	83	5.88235294117647	2	NA	20.5882352941176	32.3529411764706	20.5882352941676	20.5882352941177	20.5882352942176	32.0830716253883	24.6817221187685	41.7038762516931
131000	2006	1	87	20.5882352941176	7	NA	0	44.1176470588235	0	0	0	46.0267960024472	40.3796147692554	52.4637484125744
131000	2006	1	89	2.94117647058824	1	NA	2.94117647058824	0	2.94117647063824	2.94117647058823	2.94117647068824	0	0	0
171100	2006	1	14	2	1	NA	6	8	6.00000000005	6	6.0000000001	8.32455532046582	6.62027517640985	10.4675741471332
171100	2006	1	20	2	1	NA	0	22	0	0	0	21.81648870531	16.7835710408327	28.3586358511523
171100	2006	1	24	2	1	NA	8	2	8.00000000005	8	8.0000000001	2.00000000005	2	2.0000000001
171100	2006	1	39	2	1	NA	0	2	0	0	0	2.00000000005	2	2.0000000001
171100	2006	1	63	2	1	NA	2	0	2.00000000005	2	2.0000000001	0	0	0
171100	2006	1	77	2	1	NA	4	0	4.0000000001	4.00000000002929	4.00000000017071	0	0	0
171100	2006	1	87	4	2	NA	0	12	0	0	0	12.6491106408316	9.14885937104752	17.4885188978132
171100	2006	1	89	4	2	NA	46	320	46.00000000015	45.9999999999187	46.0000000003813	312.409987036394	262.317668806489	372.067960363277
141100	2007	1	14	80	40	NA	872	754	872.0000000031	872.000000001328	872.000000004872	1617.68535100003	1484.02446089329	1763.3846097556
141100	2007	1	20	40	20	NA	96	728	96.0000000008	96.0000000003526	96.0000000012475	1150.01171946314	1057.61710082654	1250.47803583074
141100	2007	1	22	6	3	NA	14	0	14.00000000015	13.9999999999834	14.0000000003166	0	0	0
141100	2007	1	28	18	9	NA	18	4	18.0000000004	18.0000000002485	18.0000000005515	4.0000000001	4.00000000002929	4.00000000017071
141100	2007	1	39	46	23	NA	164	266	164.0000000015	164.00000000095	164.00000000205	262.364661122493	238.387286648225	288.753718261397
141100	2007	1	63	6	3	NA	4	2	4.0000000001	4.00000000002929	4.00000000017071	2.00000000005	2	2.0000000001
141100	2007	1	71	10	5	NA	172	658	172.0000000004	171.999999999825	172.000000000975	1517.73102514616	1234.22836310965	1866.35434214743
141100	2007	1	77	18	9	NA	54	0	54.0000000005	54.0000000001894	54.0000000008106	0	0	0
141100	2007	1	78	2	1	NA	8	0	8.00000000005	8	8.0000000001	0	0	0
141100	2007	1	86	6	3	NA	8	0	8.00000000015	8.00000000005	8.00000000025	0	0	0
141100	2007	1	87	20	10	NA	14	28	14.0000000002	14.0000000000469	14.0000000003531	28.9736659614974	26.2376647883303	31.9949708185085
141100	2007	1	89	96	48	NA	46	9010	46.00000000065	46.0000000003792	46.0000000009208	27649.5521234205	23708.2606873699	32246.0488648589
141200	2007	1	4	32	16	NA	62	26	62.0000000007	62.0000000003877	62.0000000010124	26.6491106411816	24.7980539255955	28.6383399317044
141200	2007	1	22	6	3	NA	18	2	18.0000000002	18.0000000000635	18.0000000003365	2.00000000005	2	2.0000000001
141200	2007	1	31	8	4	NA	12	4	12.00000000015	12.0000000000333	12.0000000002667	4.0000000001	4.00000000002929	4.00000000017071
141200	2007	1	39	84	42	NA	716	956	716.0000000035	716.000000002396	716.000000004604	950.903608395705	911.688108822012	991.805929802362
141200	2007	1	57	2	1	NA	4	22	4.00000000005	4	4.0000000001	21.81648870531	16.7835710408327	28.3586358511523
141200	2007	1	63	70	35	NA	128	320	128.00000000175	128.000000001329	128.000000002171	317.981831869973	303.037736096491	333.662885361539
141200	2007	1	77	6	3	NA	20	0	20.00000000015	19.9999999999622	20.0000000003379	0	0	0
141200	2007	1	82	4	2	NA	24	2	24.0000000001	24.0000000000161	24.0000000001839	2.00000000005	2	2.0000000001
141200	2007	1	86	58	29	NA	168	94	168.0000000019	168.000000001386	168.000000002415	97.8946638455398	91.3674549036559	104.888170733623
141200	2007	1	87	96	48	NA	44	22626	44.0000000008	44.0000000005607	44.0000000010393	68936.5871252241	63137.2003003318	75268.6692135231
141200	2007	1	89	34	17	NA	72	54	72.0000000011	72.0000000007869	72.0000000014131	55.1147099871733	49.5923343870388	61.2520320834931
151000	2008	1	3	3.80952380952381	4	NA	0	3.80952380952381	0	0	0	3.80952380972381	3.80952380962381	3.80952380982381
151000	2008	1	4	0.952380952380952	1	NA	1.9047619047619	0	1.9047619048119	1.9047619047619	1.9047619048619	0	0	0
151000	2008	1	7	11.4285714285714	12	NA	2.85714285714286	12.3809523809524	2.85714285729286	2.85714285720625	2.85714285737946	12.3809523816024	12.3809523814221	12.3809523817827
151000	2008	1	9	11.4285714285714	12	NA	8.57142857142857	40.9523809523809	8.57142857162857	8.57142857146271	8.57142857179443	40.4634362094774	38.4736386858827	42.556143006022
151000	2008	1	13	41.9047619047619	44	NA	31.4285714285714	75.2380952380952	31.4285714299714	31.4285714296776	31.4285714302653	75.8147905675835	72.1553152791779	79.6598621538453
151000	2008	1	14	99.0476190476191	104	NA	427.619047619048	2124.7619047619	427.619047625998	427.619047624837	427.619047627159	2711.61351111703	2631.95152889854	2793.68664389862
151000	2008	1	15	97.1428571428571	102	NA	0	6080.95238095238	0	0	0	12418.861554456	11618.57376997	13274.2731906883
151000	2008	1	16	37.1428571428571	39	NA	17.1428571428571	88.5714285714286	17.1428571435071	17.1428571432821	17.1428571437321	89.7673847756642	85.5309285175954	94.2136781293614
151000	2008	1	18	0.952380952380952	1	NA	0.952380952380952	0	0.952380952430952	0.952380952380952	0.952380952480952	0	0	0
151000	2008	1	20	71.4285714285714	75	NA	33.3333333333333	368.571428571429	33.3333333344833	33.3333333341683	33.3333333347984	369.149820338916	357.448362439728	381.234338090531
151000	2008	1	23	9.52380952380952	10	NA	80	11.4285714285714	80.00000000085	80.0000000002359	80.000000001464	11.7376717341122	10.8245213076712	12.7278550082522
151000	2008	1	24	0.952380952380952	1	NA	1.9047619047619	0	1.9047619048119	1.9047619047619	1.9047619048619	0	0	0
151000	2008	1	27	2.85714285714286	3	NA	3.80952380952381	2.85714285714286	3.80952380957381	3.80952380952381	3.80952380962381	2.85714285729286	2.85714285720625	2.85714285737946
151000	2008	1	28	99.0476190476191	104	NA	457.142857142857	230.47619047619	457.142857151857	457.142857150684	457.14285715303	236.99401569296	229.684353534307	244.536306500675
151000	2008	1	31	5.71428571428571	6	NA	0	7.61904761904762	0	0	0	7.77359777191799	7.20212074045052	8.39042061321903
151000	2008	1	39	14.2857142857143	15	NA	17.1428571428571	4.76190476190476	17.1428571436071	17.1428571433929	17.1428571438214	4.76190476215476	4.76190476204296	4.76190476226657
151000	2008	1	41	0.952380952380952	1	NA	0	0.952380952380952	0	0	0	0.952380952430952	0.952380952380952	0.952380952480952
151000	2008	1	44	23.8095238095238	25	NA	0.952380952380952	58.0952380952381	0.952380952430952	0.952380952380952	0.952380952480952	59.5533532917123	56.7537764243232	62.4910289981605
151000	2008	1	52	0.952380952380952	1	NA	0.952380952380952	0	0.952380952430952	0.952380952380952	0.952380952480952	0	0	0
151000	2008	1	54	83.8095238095238	88	NA	2099.04761904762	516.190476190476	2099.04761905537	2099.04761905161	2099.04761905913	517.625320934436	501.806151422971	533.943181271677
151000	2008	1	61	27.6190476190476	29	NA	0	50.4761904761905	0	0	0	52.3307923084849	49.5438770255387	55.2744756374667
151000	2008	1	65	0.952380952380952	1	NA	0	0.952380952380952	0	0	0	0.952380952430952	0.952380952380952	0.952380952480952
151000	2008	1	69	13.3333333333333	14	NA	9.52380952380952	6.66666666666667	9.52380952430952	9.52380952415141	9.52380952446764	6.82121681948704	6.22397519841716	7.47576868723478
151000	2008	1	79	0.952380952380952	1	NA	0.952380952380952	0	0.952380952430952	0.952380952380952	0.952380952480952	0	0	0
151000	2008	1	81	8.57142857142857	9	NA	17.1428571428571	11.4285714285714	17.1428571431071	17.1428571427935	17.1428571434208	11.5831215815418	10.9384141947031	12.2658278599242
151000	2008	1	87	29.5238095238095	31	NA	5.71428571428571	40	5.71428571458571	5.71428571446324	5.71428571470819	40.2217139757612	39.0819756255441	41.3946902441277
151000	2008	1	89	23.8095238095238	25	NA	40.9523809523809	3.80952380952381	40.952380953831	40.9523809534853	40.9523809541766	3.96407396219418	3.15251198884203	4.98455911773323
21000	2009	1	4	10.2040816326531	10	NA	0	12.2448979591837	0	0	0	12.4104874088641	11.8547346623358	12.9922939747373
21000	2009	1	7	59.1836734693878	58	NA	24.4897959183673	325.510204081633	24.4897959190674	24.4897959188097	24.489795919325	324.942086899327	313.668277278179	336.621097787484
21000	2009	1	9	15.3061224489796	15	NA	0	19.3877551020408	0	0	0	19.7189340011517	18.8853205846248	20.5893437921484
21000	2009	1	14	24.4897959183673	24	NA	0	91.8367346938776	0	0	0	92.751641176897	88.0175047658813	97.7404092957499
21000	2009	1	16	100	98	NA	121.428571428571	7034.69387755102	121.428571430071	121.428571429335	121.428571430807	12697.1016364821	12196.3793832406	13218.381037629
21000	2009	1	27	100	98	NA	27.5510204081633	5007.14285714286	27.5510204089133	27.551020408638	27.5510204091885	8926.52951804112	8545.38621863761	9324.67265934334
21000	2009	1	31	21.4285714285714	21	NA	1.02040816326531	24.4897959183673	1.02040816331531	1.02040816326531	1.02040816336531	24.8209748177283	24.0297653541768	25.6382358221911
21000	2009	1	39	7.14285714285714	7	NA	0	25.5102040816327	0	0	0	25.3229476587703	22.7767372832857	28.153798770792
21000	2009	1	44	42.8571428571429	42	NA	0	195.918367346939	0	0	0	196.654143440219	186.632272984176	207.214173164387
21000	2009	1	47	1.02040816326531	1	NA	0	1.02040816326531	0	0	0	1.02040816331531	1.02040816326531	1.02040816336531
21000	2009	1	64	3.06122448979592	3	NA	0	3.06122448979592	0	0	0	3.06122448994592	3.06122448985932	3.06122449003252
21000	2009	1	65	1.02040816326531	1	NA	0	1.02040816326531	0	0	0	1.02040816331531	1.02040816326531	1.02040816336531
21000	2009	1	69	1.02040816326531	1	NA	1.02040816326531	0	1.02040816331531	1.02040816326531	1.02040816336531	0	0	0
21000	2009	1	87	98.9795918367347	97	NA	0	971.428571428571	0	0	0	960.552130864335	932.19354377015	989.773424493394
21000	2009	1	100	2.04081632653061	2	NA	0	4.08163265306122	0	0	0	4.24722210234169	3.37769141660618	5.34059905470726
171100	2009	1	89	2	1	NA	0	160	0	0	0	156.204993518197	122.0000000001	200
11000	2011	2	4	2.85714285714286	4	NA	0	5	0	0	0	5.0000000002	5.00000000006555	5.00000000033445
11000	2011	2	6	0.714285714285714	1	NA	0	0.714285714285714	0	0	0	0.714285714335714	0.714285714285714	0.714285714385714
11000	2011	2	7	97.1428571428571	136	NA	374.285714285714	3235.71428571429	374.285714289914	374.285714288333	374.285714291495	3235.71428572479	3235.71428571858	3235.714285731
11000	2011	2	9	5	7	NA	0.714285714285714	9.28571428571429	0.714285714335714	0.714285714285714	0.714285714385714	9.28571428601428	9.28571428581526	9.28571428621331
11000	2011	2	14	2.14285714285714	3	NA	0	2.14285714285714	0	0	0	2.14285714300714	2.14285714292054	2.14285714309375
11000	2011	2	16	10	14	NA	0.714285714285714	18.5714285714286	0.714285714335714	0.714285714285714	0.714285714385714	18.5714285721286	18.57142857185	18.5714285724071
11000	2011	2	27	5	7	NA	0	5.71428571428571	0	0	0	5.71428571463572	5.71428571449286	5.71428571477857
11000	2011	2	31	5	7	NA	0.714285714285714	4.28571428571429	0.714285714335714	0.714285714285714	0.714285714385714	4.28571428601429	4.28571428589181	4.28571428613676
11000	2011	2	39	0.714285714285714	1	NA	4.28571428571429	0	4.28571428581429	4.28571428566131	4.28571428596726	0	0	0
11000	2011	2	44	1.42857142857143	2	NA	0	1.42857142857143	0	0	0	1.42857142867143	1.42857142860072	1.42857142874214
11000	2011	2	64	0.714285714285714	1	NA	0	0.714285714285714	0	0	0	0.714285714335714	0.714285714285714	0.714285714385714
11000	2011	2	67	0.714285714285714	1	NA	0	0.714285714285714	0	0	0	0.714285714335714	0.714285714285714	0.714285714385714
11000	2011	2	69	1.42857142857143	2	NA	0	1.42857142857143	0	0	0	1.42857142867143	1.42857142860072	1.42857142874214
11000	2011	2	71	0.714285714285714	1	NA	0	3.57142857142857	0	0	0	3.57142857147857	3.57142857142857	3.57142857152857
11000	2011	2	77	4.28571428571429	6	NA	0.714285714285714	7.85714285714286	0.714285714335714	0.714285714285714	0.714285714385714	7.85714285744286	7.85714285727204	7.85714285761367
11000	2011	2	87	27.1428571428571	38	NA	0.714285714285714	38.5714285714286	0.714285714335714	0.714285714285714	0.714285714385714	38.5714285733786	38.57142857299	38.5714285737672
11000	2011	2	NA	2.14285714285714	3	NA	0	0	0	0	0	0	0	0
31000	2012	2	4	2	1	NA	0	1.02040816326531	0	0	0	1.02040816331531	1.02040816326531	1.02040816336531
31000	2012	2	7	2	1	NA	0	1.02040816326531	0	0	0	1.02040816331531	1.02040816326531	1.02040816336531
31000	2012	2	9	2	1	NA	0	1.02040816326531	0	0	0	1.02040816331531	1.02040816326531	1.02040816336531
31000	2012	2	16	96	48	NA	1202.04081632653	3502.04081632653	1181.11183340867	1138.89982057743	1224.88838597824	9462.10268716635	8555.31061038176	10465.0072147977
31000	2012	2	41	40	20	NA	0	155.102040816327	0	0	0	152.790003118704	141.004587745675	165.560464565307
31000	2012	2	69	72	36	NA	140.816326530612	114.285714285714	142.479181340246	135.94754398104	149.324633023292	114.6935427438	106.264610299172	123.791059978379
31000	2012	2	78	2	1	NA	1.02040816326531	0	1.02040816331531	1.02040816326531	1.02040816336531	0	0	0
31000	2012	2	82	2	1	NA	8.16326530612245	0	7.90404764538581	6.12244897969184	10.2040816326531	0	0	0
31000	2012	2	83	66	33	NA	518.367346938776	200	512.290076785306	488.222058363962	537.544582995979	198.260362308727	180.418992326602	217.866039245093
31000	2012	2	87	20	10	NA	1.02040816326531	10.2040816326531	1.02040816331531	1.02040816326531	1.02040816336531	10.2040816331531	10.2040816329949	10.2040816333112
41000	2012	2	3	12.2448979591837	12	NA	0	450	0	0	0	1111.63417424832	929.237386976557	1329.83299496528
41000	2012	2	4	12.2448979591837	12	NA	1.02040816326531	17.3469387755102	1.02040816331531	1.02040816326531	1.02040816336531	17.6781176745211	16.8186424324913	18.5815142790882
41000	2012	2	6	2.04081632653061	2	NA	0	31.6326530612245	0	0	0	30.5946464209138	26.0426553990388	35.9422791293119
41000	2012	2	7	78.5714285714286	77	NA	6.12244897959184	2750	6.12244897984184	6.12244897971814	6.12244897996553	4705.92907818401	4491.86148471288	4930.19844095067
41000	2012	2	9	7.14285714285714	7	NA	0	9.18367346938776	0	0	0	9.34926291891822	8.75695437145789	9.98163441526613
41000	2012	2	14	97.9591836734694	96	NA	913.265306122449	38652.0408163265	899.62034710082	870.056436471628	930.188818784966	116766.78811523	109048.302973341	125031.590909581
41000	2012	2	16	3.06122448979592	3	NA	1.02040816326531	7.14285714285714	1.02040816331531	1.02040816326531	1.02040816336531	7.47403604136807	6.02226453151987	9.27578230004635
41000	2012	2	20	4.08163265306122	4	NA	6.12244897959184	1.02040816326531	6.12244897974184	6.12244897959822	6.12244897988545	1.02040816331531	1.02040816326531	1.02040816336531
41000	2012	2	23	1.02040816326531	1	NA	0	4.08163265306122	0	0	0	4.24722210234169	3.37769141660618	5.34059905470726
41000	2012	2	27	21.4285714285714	21	NA	7.14285714285714	31.6326530612245	7.14285714315714	7.14285714302349	7.1428571432908	32.6261897572573	30.754951237145	34.6112809566391
41000	2012	2	28	81.6326530612245	80	NA	141.836734693878	221.428571428571	141.836734697428	141.836734696791	141.836734698064	228.334560303412	218.865855975444	238.212905327736
41000	2012	2	31	52.0408163265306	51	NA	35.7142857142857	163.265306122449	36.0454646136966	34.9503308070655	37.1749133474467	163.320288709742	157.808289070487	169.024813977416
41000	2012	2	39	11.2244897959184	11	NA	6.12244897959184	7.14285714285714	6.12244897989184	6.12244897976936	6.12244898001431	7.30844659228761	6.66854485542643	8.00975216487536
41000	2012	2	42	1.02040816326531	1	NA	1.02040816326531	0	1.02040816331531	1.02040816326531	1.02040816336531	0	0	0
41000	2012	2	63	2.04081632653061	2	NA	2.04081632653061	0	2.04081632663061	2.0408163265599	2.04081632670132	0	0	0
41000	2012	2	64	11.2244897959184	11	NA	0	13.265306122449	0	0	0	13.4308955721794	12.8829935744032	14.0020993435251
41000	2012	2	67	1.02040816326531	1	NA	0	1.02040816326531	0	0	0	1.02040816331531	1.02040816326531	1.02040816336531
41000	2012	2	83	1.02040816326531	1	NA	23.469387755102	8.16326530612245	23.0391465987097	18.9273205297713	28.0442377018936	7.90404764538581	6.12244897969184	10.2040816326531
41000	2012	2	86	1.02040816326531	1	NA	1.02040816326531	0	1.02040816331531	1.02040816326531	1.02040816336531	0	0	0
41000	2012	2	87	85.7142857142857	84	NA	0	4279.59183673469	0	0	0	7989.28096516297	7536.89619848085	8468.81908141189
41000	2012	2	88	1.02040816326531	1	NA	0	51.0204081632653	0	0	0	50.6105990516411	41.8367346939776	61.2244897959184
41000	2012	2	89	1.02040816326531	1	NA	1.02040816326531	3.06122448979592	1.02040816331531	1.02040816326531	1.02040816336531	3.22681393902638	2.04081632663061	5.10204081632653
43000	2012	2	3	10	5	NA	2	14	2.00000000005	2	2.0000000001	14.3245553206158	13.07034791636	15.6991142428998
43000	2012	2	4	14	7	NA	0	38	0	0	0	38.1410440259758	34.9610942081179	41.6102319547436
43000	2012	2	7	94	47	NA	30	2734	30.3245553209658	29.1886230113341	31.5046946564502	4434.90245591874	4216.92239558547	4664.15028507618
43000	2012	2	14	100	50	NA	1760	51806	1727.78830027984	1653.94433802975	1804.9291877259	159066.503320515	145600.149462696	173778.341382116
43000	2012	2	15	4	2	NA	0	2204	0	0	0	6963.32675110569	3091.03105022441	15686.6491001906
43000	2012	2	16	44	22	NA	38	596	37.3084220902042	30.7149254283792	45.3173282841432	1027.02808788975	952.200656206298	1107.73573452143
43000	2012	2	20	2	1	NA	2	0	2.00000000005	2	2.0000000001	0	0	0
43000	2012	2	27	6	3	NA	2	10	2.00000000005	2	2.0000000001	10.3245553205158	8.86233210911067	12.0280352004421
43000	2012	2	28	98	49	NA	296	256	299.245553207158	293.115751288638	305.503545000822	259.767262038947	247.150382899809	273.02822530753
43000	2012	2	31	24	12	NA	16	32	16.3245553206158	14.8952349894755	17.8910306956647	32.9736659615974	30.4582269494186	35.6968463316203
43000	2012	2	39	12	6	NA	4	18	4.0000000001	4.00000000002929	4.00000000017071	18.3245553207158	17.1636305676872	19.5640034535666
43000	2012	2	54	2	1	NA	2	0	2.00000000005	2	2.0000000001	0	0	0
43000	2012	2	63	2	1	NA	2	0	2.00000000005	2	2.0000000001	0	0	0
43000	2012	2	64	10	5	NA	0	10	0	0	0	10.00000000025	10.0000000001382	10.0000000003618
43000	2012	2	71	2	1	NA	2	0	2.00000000005	2	2.0000000001	0	0	0
43000	2012	2	83	22	11	NA	134	40	134.952364499429	125.921288213625	144.631149683682	40.7901546665575	33.7235439759271	49.3375405298263
43000	2012	2	86	2	1	NA	2	0	2.00000000005	2	2.0000000001	0	0	0
43000	2012	2	87	70	35	NA	8	1510	8.32455532046582	6.62027517640985	10.4675741471332	2359.86938507453	2209.90140708567	2520.01446614589
51000	2012	2	2	2.04081632653061	2	NA	2.04081632653061	0	2.04081632663061	2.0408163265599	2.04081632670132	0	0	0
51000	2012	2	3	3.06122448979592	3	NA	1.02040816326531	2.04081632653061	1.02040816331531	1.02040816326531	1.02040816336531	2.04081632663061	2.0408163265599	2.04081632670132
51000	2012	2	4	46.9387755102041	46	NA	119.387755102041	24.4897959183673	120.215702351043	118.245663632411	122.2185630137	24.9865642668087	23.9089578148362	26.1127397812359
51000	2012	2	7	1.02040816326531	1	NA	1.02040816326531	0	1.02040816331531	1.02040816326531	1.02040816336531	0	0	0
51000	2012	2	9	7.14285714285714	7	NA	1.02040816326531	8.16326530612245	1.02040816331531	1.02040816326531	1.02040816336531	8.32885475560292	7.71655793617297	8.98973637128335
51000	2012	2	14	100	98	NA	2732.65306122449	1678.57142857143	2684.23865913329	2635.53307310418	2733.84434166836	1656.75817379572	1612.54922142075	1702.17913969818
51000	2012	2	16	18.3673469387755	18	NA	21.4285714285714	23.469387755102	21.5005326665957	19.8995153553919	23.230359970656	24.1317455525739	22.701753489793	25.6518133577654
51000	2012	2	20	73.469387755102	72	NA	108.163265306122	1397.95918367347	110.056710486882	105.954232982945	114.31803319404	1599.17664729738	1548.45890144916	1651.55558656927
51000	2012	2	27	2.04081632653061	2	NA	2.04081632653061	0	2.04081632663061	2.0408163265599	2.04081632670132	0	0	0
51000	2012	2	28	87.7551020408163	86	NA	435.714285714286	54.0816326530612	437.52529184026	429.296095454534	445.912234065912	54.9815411381379	52.8938139994319	57.1516711946167
51000	2012	2	39	41.8367346938776	41	NA	109.183673469388	127.551020408163	109.586813607573	107.294648452831	111.927946918438	128.733339797512	122.914572432616	134.827567207354
51000	2012	2	51	1.02040816326531	1	NA	1.02040816326531	0	1.02040816331531	1.02040816326531	1.02040816336531	0	0	0
51000	2012	2	54	28.5714285714286	28	NA	227.551020408163	118.367346938776	228.141639096931	216.066454057772	240.89166324689	118.70005210734	110.15977448356	127.9024256934
51000	2012	2	61	1.02040816326531	1	NA	0	1.02040816326531	0	0	0	1.02040816331531	1.02040816326531	1.02040816336531
51000	2012	2	63	4.08163265306122	4	NA	3.06122448979592	1.02040816326531	3.06122448994592	3.06122448985932	3.06122449003252	1.02040816331531	1.02040816326531	1.02040816336531
51000	2012	2	67	32.6530612244898	32	NA	47.9591836734694	66.3265306122449	49.1183098190826	46.9619569807698	51.3736759409604	68.5511546905652	64.2997695121296	73.0836338149443
51000	2012	2	69	3.06122448979592	3	NA	2.04081632653061	1.02040816326531	2.04081632663061	2.0408163265599	2.04081632670132	1.02040816331531	1.02040816326531	1.02040816336531
51000	2012	2	71	22.4489795918367	22	NA	226.530612244898	333.673469387755	223.843533005473	214.162224088634	233.962490264554	327.052821215269	304.918703255622	350.793659827406
51000	2012	2	77	17.3469387755102	17	NA	40.8163265306122	7.14285714285714	41.1475054298232	39.6087729907842	42.7460149672212	7.14285714320714	7.14285714307486	7.14285714333943
51000	2012	2	78	4.08163265306122	4	NA	9.18367346938776	2.04081632653061	8.92445580870112	7.8545183017639	10.1401395249882	2.04081632663061	2.0408163265599	2.04081632670132
51000	2012	2	83	39.7959183673469	39	NA	863.265306122449	468.367346938775	1293.05605915399	1234.96302697164	1353.88180504066	462.029040459142	439.326941363767	485.904264293319
51000	2012	2	84	1.02040816326531	1	NA	51.0204081632653	0	50.6105990516411	41.8367346939776	61.2244897959184	0	0	0
51000	2012	2	86	7.14285714285714	7	NA	12.2448979591837	11.2244897959184	12.2448979595337	12.2448979593387	12.2448979597286	11.7212581437098	10.0011283170154	13.737239251069
51000	2012	2	87	81.6326530612245	80	NA	107.142857142857	843.877551020408	107.545997281692	105.796585771683	109.324336385244	836.894911032512	812.907646140246	861.589991726173
51000	2012	2	89	73.469387755102	72	NA	221.428571428571	408.163265306122	223.874444056571	217.669620807333	230.256140088568	405.123053954088	387.681980320177	423.348768259852
53000	2012	2	2	40	4	NA	90	0	93.2455532036758	81.9126382838811	106.146418604252	0	0	0
53000	2012	2	3	20	2	NA	10	60	10.00000000005	10	10.0000000001	63.2455532035257	45.7442968544567	87.44259448881
53000	2012	2	4	90	9	NA	530	300	530.598712815376	478.144658307541	588.807151036394	299.029189869769	256.971494632777	347.970332359056
53000	2012	2	7	20	2	NA	10	10	10.00000000005	10	10.0000000001	10.00000000005	10	10.0000000001
53000	2012	2	9	10	1	NA	0	10	0	0	0	10.00000000005	10	10.0000000001
53000	2012	2	14	10	1	NA	10	0	10.00000000005	10	10.0000000001	0	0	0
53000	2012	2	20	30	3	NA	20	330	20.0000000001	20.0000000000293	20.0000000001707	321.450311525621	242.936489985929	425.338749176393
53000	2012	2	28	50	5	NA	90	30	93.2455532036758	81.9126382838811	106.146418604252	30.00000000015	30.0000000000634	30.0000000002366
53000	2012	2	39	90	9	NA	860	2250	851.460766020075	786.474353653267	921.817008658768	2225.74312177451	2061.75026628418	2402.78006756602
53000	2012	2	41	10	1	NA	0	10	0	0	0	10.00000000005	10	10.0000000001
53000	2012	2	45	10	1	NA	10	0	10.00000000005	10	10.0000000001	0	0	0
53000	2012	2	63	100	10	NA	360	0	370.441879738516	334.654769223946	410.055970761841	0	0	0
53000	2012	2	77	70	7	NA	930	110	912.688286705056	820.003381377613	1015.84935819309	109.082443525976	83.9178552032872	141.793179255749
53000	2012	2	83	50	5	NA	400	470	403.897519675108	357.536919081332	456.269542230392	462.155531653359	386.51029879829	552.605547903564
53000	2012	2	86	100	10	NA	1200	130	1185.89171902537	1095.60518640284	1283.61857602219	136.491106407101	113.636108421176	163.942802926565
53000	2012	2	87	70	7	NA	270	1480	267.406413268006	229.944536498659	310.971467057565	3644.36835774546	3179.08818286516	4177.74530399041
53000	2012	2	89	100	10	NA	1390	3680	1379.6668044212	1261.60732035476	1508.77413321172	3594.20402350787	3297.12652865343	3918.0487768166
71000	2013	2	3	3.06122448979592	3	NA	0	3.06122448979592	0	0	0	3.06122448994592	3.06122448985932	3.06122449003252
71000	2013	2	6	2.04081632653061	2	NA	0	2.04081632653061	0	0	0	2.04081632663061	2.0408163265599	2.04081632670132
71000	2013	2	7	22.4489795918367	22	NA	8.16326530612245	40.8163265306122	8.32885475560292	7.71655793617297	8.98973637128335	41.5506455659584	39.3347087869809	43.8914180424624
71000	2013	2	14	53.0612244897959	52	NA	0	674.489795918367	0	0	0	1110.60345808755	1055.88302037355	1168.15974621853
71000	2013	2	15	26.530612244898	26	NA	0	76.530612244898	0	0	0	77.1485000975919	72.8679241312989	81.6805355478986
71000	2013	2	16	47.9591836734694	47	NA	44.8979591836735	312.244897959184	45.3010993210587	43.8392932291222	46.8116488322665	530.648216677239	497.484233269269	566.023023508207
71000	2013	2	23	7.14285714285714	7	NA	8.16326530612245	3.06122448979592	8.32885475560292	7.71655793617297	8.98973637128335	3.06122448994592	3.06122448985932	3.06122449003252
71000	2013	2	28	25.5102040816327	25	NA	21.4285714285714	29.5918367346939	21.7597503277824	20.9460331085975	22.6050790559038	30.4197839815462	28.8230400998949	32.1049845636272
71000	2013	2	31	14.2857142857143	14	NA	1.02040816326531	20.4081632653061	1.02040816331531	1.02040816326531	1.02040816336531	20.9049316135475	19.7529787774434	22.1240639546549
71000	2013	2	39	3.06122448979592	3	NA	0	3.06122448979592	0	0	0	3.06122448994592	3.06122448985932	3.06122449003252
71000	2013	2	64	81.6326530612245	80	NA	17.3469387755102	752.040816326531	18.1748860217625	15.7004846832564	21.0392537917209	744.224802131699	721.595991807615	767.563238150072
71000	2013	2	83	1.02040816326531	1	NA	2.04081632653061	6.12244897959184	2.04081632663061	2.0408163265599	2.04081632670132	6.45362787805277	4.66778539348721	8.92271372340545
71000	2013	2	87	86.734693877551	85	NA	6.12244897959184	3466.32653061224	6.2880384289723	5.60754395005055	7.05111322112348	7417.90839667846	7034.10969215051	7822.64812317564
71000	2013	2	89	13.265306122449	13	NA	0	65.3061224489796	0	0	0	66.0295733908753	59.3485968608325	73.462639266849
81000	2013	2	4	25.5102040816327	25	NA	18.3673469387755	23.469387755102	18.6985258378364	17.852883179382	19.5842242956043	24.1317455525739	22.701753489793	25.6518133577654
81000	2013	2	7	90.8163265306122	89	NA	366.326530612245	144.897959183673	370.353866636897	359.689840025227	381.334058596931	148.773043709323	143.751967798887	153.969499502793
81000	2013	2	9	22.4489795918367	22	NA	2.04081632653061	27.5510204081633	2.04081632663061	2.0408163265599	2.04081632670132	28.0477887567547	27.0077160215855	29.1279149082726
81000	2013	2	14	41.8367346938776	41	NA	3.06122448979592	445.918367346939	3.06122448994592	3.06122448985932	3.06122449003252	438.271000620062	420.460776900333	456.835644457846
81000	2013	2	16	100	98	NA	2734.69387755102	16065.306122449	5141.50424804234	4940.12972538711	5351.08740096212	47902.660923369	44501.1241981063	51564.2012395929
81000	2013	2	24	10.2040816326531	10	NA	32.6530612244898	12.2448979591837	32.6313942508579	29.2620274616628	36.3887257009092	12.7416663070251	11.1631955966738	14.543332048034
81000	2013	2	27	14.2857142857143	14	NA	20.4081632653061	29.5918367346939	20.5737527149866	19.6524416333943	21.5382550765683	29.9175815869796	27.2275149865554	32.8734255937624
81000	2013	2	28	80.6122448979592	79	NA	184.69387755102	222.448979591837	189.308715158392	183.784989076115	194.998458878917	228.432257011955	219.489127879403	237.739775758945
81000	2013	2	31	24.4897959183673	24	NA	26.530612244898	7.14285714285714	27.0273805934394	25.9760223616678	28.1212916886218	7.14285714320714	7.14285714307486	7.14285714333943
81000	2013	2	39	38.7755102040816	38	NA	20.4081632653061	87.7551020408163	20.739342164417	19.8625912266031	21.6547936019889	89.1301118997525	85.306363445103	93.1252549802418
81000	2013	2	44	1.02040816326531	1	NA	0	1.02040816326531	0	0	0	1.02040816331531	1.02040816326531	1.02040816336531
81000	2013	2	63	8.16326530612245	8	NA	9.18367346938775	6.12244897959184	9.51485236799868	8.35843247824211	10.8312672047631	6.2880384289723	5.60754395005055	7.05111322112348
81000	2013	2	64	31.6326530612245	31	NA	8.16326530612245	222.448979591837	8.32885475560292	7.71655793617297	8.98973637128335	221.255337727852	212.127715936049	230.775711024128
81000	2013	2	87	95.9183673469388	94	NA	3.06122448979592	7342.85714285714	3.06122448994592	3.06122448985932	3.06122449003252	20820.8755295258	19337.4993287563	22418.0412599342
91000	2014	2	3	4.08163265306122	4	0	0	6.12244897959184	0	0	0	6.2880384289723	5.60754395005055	7.05111322112348
91000	2014	2	4	13.265306122449	13	0	0	206.122448979592	0	0	0	426.078141879716	385.835064019894	470.518622896106
91000	2014	2	5	1.02040816326531	1	0	0	1.02040816326531	0	0	0	1.02040816331531	1.02040816326531	1.02040816336531
91000	2014	2	14	84.6938775510204	83	0.141810446702907	40.8163265306122	4276.5306122449	40.8163265320122	40.8163265316808	40.8163265323437	10218.1387166624	9704.39160818747	10759.0834179513
91000	2014	2	16	97.9591836734694	96	0.50559768869628	43.8775510204082	5607.14285714286	43.8775510213582	43.8775510209912	43.8775510217251	13086.6279280233	12212.9609873719	14022.7935472487
91000	2014	2	20	12.2448979591837	12	0	1.02040816326531	37.7551020408163	1.02040816331531	1.02040816326531	1.02040816336531	38.6550105250929	35.7751732210578	41.766669568927
91000	2014	2	24	9.18367346938776	9	0	4.08163265306122	79.5918367346939	4.08163265321122	4.08163265311122	4.08163265331122	79.2827150827541	72.1778984101659	87.0868929318653
91000	2014	2	28	85.7142857142857	84	16.5957446808511	126.530612244898	113.265306122449	126.530612248348	126.530612247777	126.530612248919	117.145824693874	112.250814661004	122.254295299785
91000	2014	2	39	3.06122448979592	3	0	3.06122448979592	2.04081632653061	3.22681393902638	2.04081632663061	5.10204081632653	2.04081632663061	2.0408163265599	2.04081632670132
91000	2014	2	41	2.04081632653061	2	0	1.02040816326531	1.02040816326531	1.02040816331531	1.02040816326531	1.02040816336531	1.02040816331531	1.02040816326531	1.02040816336531
91000	2014	2	46	1.02040816326531	1	0	0	1.02040816326531	0	0	0	1.02040816331531	1.02040816326531	1.02040816336531
91000	2014	2	54	15.3061224489796	15	3.64963503649635	48.9795918367347	90.8163265306122	48.9795918375347	48.9795918371576	48.9795918379118	91.2643268844646	83.6645038577751	99.5544941715489
91000	2014	2	63	13.265306122449	13	0	3.06122448979592	22.4489795918367	3.06122448989592	3.06122448981207	3.06122448997977	23.1113373892586	21.6471532286872	24.6745569857333
91000	2014	2	64	2.04081632653061	2	0	0	2.04081632653061	0	0	0	2.04081632663061	2.0408163265599	2.04081632670132
91000	2014	2	78	1.02040816326531	1	0	0	1.02040816326531	0	0	0	1.02040816331531	1.02040816326531	1.02040816336531
91000	2014	2	83	98.9795918367347	97	0.671976107516177	6089.79591836735	2110.20408163265	10289.0162797675	9970.19554378654	10618.0320677156	2519.82279608175	2439.06864649279	2603.25060255414
91000	2014	2	86	5.10204081632653	5	20	3.06122448979592	2.04081632653061	3.06122448994592	3.06122448985932	3.06122449003252	2.04081632663061	2.0408163265599	2.04081632670132
91000	2014	2	87	47.9591836734694	47	2.8673835125448	17.3469387755102	267.34693877551	17.3469387763602	17.346938776154	17.3469387765664	265.619856505668	255.075972960873	276.599584630083
91000	2014	2	89	3.06122448979592	3	0	0	3.06122448979592	0	0	0	3.06122448994592	3.06122448985932	3.06122449003252
101000	2014	2	6	1.02040816326531	1	0	0	30.6122448979592	0	0	0	29.5742382575985	21.4285714286714	40.8163265306122
101000	2014	2	7	76.530612244898	75	0	15.3061224489796	4411.22448979592	15.3061224493296	15.3061224491061	15.3061224495531	9013.42999131764	8381.90328101607	9692.53849449524
101000	2014	2	9	4.08163265306122	4	0	0	4.08163265306122	0	0	0	4.08163265326122	4.08163265316122	4.08163265336122
101000	2014	2	14	25.5102040816327	25	0	0	51.0204081632653	0	0	0	52.2514955463528	49.40985281288	55.2565658750318
101000	2014	2	16	88.7755102040816	87	3.62673186634067	346.938775510204	2157.14285714286	346.938775515404	346.938775514242	346.938775516566	3685.22064632501	3531.80379970767	3845.30171614408
101000	2014	2	27	4.08163265306122	4	0	0	10.2040816326531	0	0	0	10.7008499803945	8.77529522780005	13.0489273956445
101000	2014	2	28	14.2857142857143	14	27.7777777777778	12.2448979591837	6.12244897959184	12.2448979597337	12.244897959559	12.2448979599083	6.12244897989184	6.12244897976936	6.12244898001431
101000	2014	2	31	22.4489795918367	22	1.78571428571429	41.8367346938776	15.3061224489796	41.8367346946275	41.8367346942046	41.8367346950505	15.6373013478905	14.7428434180898	16.5860266239212
101000	2014	2	39	3.06122448979592	3	25	2.04081632653061	2.04081632653061	2.04081632663061	2.0408163265599	2.04081632670132	2.04081632663061	2.0408163265599	2.04081632670132
101000	2014	2	64	54.0816326530612	53	0	0	195.918367346939	0	0	0	197.26390525989	190.435057157407	204.337630367179
101000	2014	2	81	1.02040816326531	1	0	0	1.02040816326531	0	0	0	1.02040816331531	1.02040816326531	1.02040816336531
101000	2014	2	87	34.6938775510204	34	0	0	322.448979591837	0	0	0	766.33227351597	714.776151798201	821.607089093195
171100	2014	2	2	2	1	0	0	2	0	0	0	2.00000000005	2	2.0000000001
171100	2014	2	3	2	1	0	0	2	0	0	0	2.00000000005	2	2.0000000001
171100	2014	2	4	4	2	0	0	4	0	0	0	4.0000000001	4.00000000002929	4.00000000017071
171100	2014	2	7	2	1	0	0	2	0	0	0	2.00000000005	2	2.0000000001
171100	2014	2	9	2	1	0	0	2	0	0	0	2.00000000005	2	2.0000000001
171100	2014	2	14	70	35	3.53634577603143	338	680	338.00000000165	338.000000000763	338.000000002537	671.984626335692	642.593695718965	702.719838429613
171100	2014	2	16	8	4	0	0	8	0	0	0	8.0000000002	8.0000000001	8.0000000003
171100	2014	2	20	28	14	0	6	114	6.00000000015	6.0000000000634	6.0000000002366	116.229419974497	108.923653876829	124.025201017258
171100	2014	2	24	70	35	5.12820512820513	662	586	662.00000000285	662.000000001698	662.000000004002	582.36974350957	552.251910102501	614.13009525391
171100	2014	2	31	2	1	0	2	0	2.00000000005	2	2.0000000001	0	0	0
171100	2014	2	39	20	10	5.55555555555556	10	26	10.0000000002	10.0000000000873	10.0000000003127	26.6491106411816	24.7980539255955	28.6383399317044
171100	2014	2	46	2	1	0	0	6	0	0	0	6.32455532041582	4.0000000001	10
171100	2014	2	63	74	37	11.1731843575419	118	240	118.0000000015	118.000000001078	118.000000001922	242.67371785887	231.814855345877	254.041240159434
171100	2014	2	64	2	1	0	0	2	0	0	0	2.00000000005	2	2.0000000001
171100	2014	2	77	58	29	3.46820809248555	276	70	276.00000000135	276.000000000384	276.000000002315	71.4392653078391	66.4809273958408	76.7674102579248
171100	2014	2	78	44	22	0	18	678	18.00000000025	18.0000000000884	18.0000000004116	1109.76794287729	1020.44520167474	1206.90938133359
171100	2014	2	79	2	1	0	0	202	0	0	0	635.609943282985	202.0000000001	2000
171100	2014	2	86	10	5	0	6	10	6.0000000001	6.00000000001615	6.00000000018385	10.00000000025	10.0000000001382	10.0000000003618
171100	2014	2	87	54	27	0	6	214	6.00000000015	6.0000000000634	6.0000000002366	215.700051897423	205.174597586745	226.765461883652
171100	2014	2	89	100	50	0.464166357222428	1008	9764	1008.00000000425	1008.00000000308	1008.00000000542	27952.8941183577	25003.4903242973	31250.2086491829
171200	2014	2	2	24	12	0	0	26	0	0	0	26.00000000065	26.0000000004697	26.0000000008303
171200	2014	2	4	32	16	4.76190476190476	14	70	14.0000000002	14.0000000000655	14.0000000003345	71.1147099875733	67.063400114392	75.4107600865788
171200	2014	2	7	2	1	0	0	2	0	0	0	2.00000000005	2	2.0000000001
171200	2014	2	20	2	1	0	0	6	0	0	0	6.32455532041582	4.0000000001	10
171200	2014	2	31	24	12	0	8	16	8.0000000002	8.0000000001	8.0000000003	16.0000000004	16.0000000002586	16.0000000005414
171200	2014	2	39	96	48	3.02233902759527	396	5692	396.0000000021	396.000000001105	396.000000003095	13014.1803160739	12157.1598868675	13931.6165021604
171200	2014	2	41	10	5	28.5714285714286	6	8	6.00000000015	6.0000000000634	6.0000000002366	8.32455532046582	6.62027517640985	10.4675741471332
171200	2014	2	57	4	2	0	4	0	4.0000000001	4.00000000002929	4.00000000017071	0	0	0
171200	2014	2	63	96	48	3.48717948717949	472	1478	472.324555323316	468.671075481339	476.0065155125	1464.66439375705	1402.96965658005	1529.07211947053
171200	2014	2	64	2	1	0	0	2	0	0	0	2.00000000005	2	2.0000000001
171200	2014	2	77	12	6	0	28	18	28.0000000003	28.0000000000643	28.0000000005357	17.4919333849442	15.3948558713297	19.8746734688916
171200	2014	2	86	62	31	9.18367346938776	60	136	60.000000001	60.0000000007151	60.0000000012848	137.721353359541	130.207330509912	145.668996491251
171200	2014	2	87	88	44	0	2	960	2.00000000005	2	2.0000000001	943.417188920265	901.288373529559	987.515226524804
171200	2014	2	89	78	39	0.316455696202532	158	2370	158.00000000215	158.000000001658	158.000000002642	6262.47411728832	5535.85449265558	7084.46765024937
111000	2015	2	3	3.06122448979592	3	0	0	3.06122448979592	0	0	0	3.06122448994592	3.06122448985932	3.06122449003252
111000	2015	2	4	2.04081632653061	2	0	1.02040816326531	3.06122448979592	1.02040816331531	1.02040816326531	1.02040816336531	3.22681393902638	2.04081632663061	5.10204081632653
111000	2015	2	7	93.8775510204082	92	0	104.081632653061	1551.02040816327	104.081632655211	104.081632654627	104.081632655795	1532.0847586195	1493.0230102843	1572.16847391201
111000	2015	2	9	57.1428571428571	56	0	14.2857142857143	217.34693877551	14.2857142863643	14.2857142861758	14.2857142865527	220.914037646184	213.19665888045	228.910773205437
111000	2015	2	14	98.9795918367347	97	0.0309540023525042	1385.71428571429	15096.9387755102	1385.71428571839	1385.71428571613	1385.71428572064	39126.8955660031	36774.6051971076	41629.6503640866
111000	2015	2	15	80.6122448979592	79	0	0	36443.8775510204	0	0	0	114589.60755874	101020.556013565	129981.25013985
111000	2015	2	16	90.8163265306122	89	0.383002006200985	405.102040816327	5189.79591836735	405.102040820327	405.102040818809	405.102040821844	9777.84901879501	9336.62021098628	10239.9293613605
111000	2015	2	24	45.9183673469388	45	0	253.061224489796	432.65306122449	253.061224491696	253.0612244906	253.061224492792	429.100915382852	411.511750717308	447.44189020471
111000	2015	2	27	13.265306122449	13	0	3.06122448979592	12.2448979591837	3.06122448994592	3.06122448985932	3.06122449003252	12.2448979597837	12.2448979596105	12.2448979599569
111000	2015	2	28	61.2244897959184	60	0.602409638554217	44.8979591836735	124.489795918367	44.8979591853235	44.8979591849837	44.8979591856632	128.204725041262	123.954308384288	132.600889288564
111000	2015	2	31	4.08163265306122	4	0	6.12244897959184	0	6.12244897984184	6.12244897971814	6.12244897996553	0	0	0
111000	2015	2	39	5.10204081632653	5	0	4.08163265306122	5.10204081632653	4.08163265316122	4.08163265305581	4.08163265326663	5.267630265657	4.52159801494575	6.13675265336441
111000	2015	2	41	2.04081632653061	2	0	1.02040816326531	1.02040816326531	1.02040816331531	1.02040816326531	1.02040816336531	1.02040816331531	1.02040816326531	1.02040816336531
111000	2015	2	44	4.08163265306122	4	0	0	4.08163265306122	0	0	0	4.08163265326122	4.08163265316122	4.08163265336122
111000	2015	2	64	79.5918367346939	78	0	38.7755102040816	1174.48979591837	38.7755102054316	38.7755102051015	38.7755102057618	1157.05536445668	1124.29947461034	1190.76558039127
111000	2015	2	69	25.5102040816327	25	0	30.6122448979592	12.2448979591837	30.6122448991092	30.6122448988244	30.6122448993939	12.4104874088641	11.8547346623358	12.9922939747373
111000	2015	2	81	1.02040816326531	1	0	1.02040816326531	0	1.02040816331531	1.02040816326531	1.02040816336531	0	0	0
111000	2015	2	87	83.6734693877551	82	0	3.06122448979592	693.877551020408	3.06122448989592	3.06122448981207	3.06122448997977	694.554792633647	673.875777477315	715.868378258497
111000	2015	2	89	2.04081632653061	2	0	0	2.04081632653061	0	0	0	2.04081632663061	2.0408163265599	2.04081632670132
121000	2016	2	4	2.04081632653061	2	0	1.02040816326531	2.04081632653061	1.02040816331531	1.02040816326531	1.02040816336531	2.04081632663061	2.0408163265599	2.04081632670132
121000	2016	2	5	3.06122448979592	3	0	1.02040816326531	5.10204081632653	1.02040816331531	1.02040816326531	1.02040816336531	5.267630265657	4.52159801494575	6.13675265336441
121000	2016	2	7	74.4897959183673	73	11.9402985074627	80.6122448979592	56.1224489795918	80.6122449007592	80.6122449002895	80.6122449012289	56.9503962277442	55.6685425160887	58.2617665903449
121000	2016	2	9	24.4897959183673	24	2.7027027027027	2.04081632653061	35.7142857142857	2.04081632663061	2.0408163265599	2.04081632670132	36.3766435123576	35.1628530105568	37.6323329858322
121000	2016	2	14	27.5510204081633	27	0	2.04081632653061	68.3673469387755	2.04081632663061	2.0408163265599	2.04081632670132	70.5919710171958	66.4972430966318	74.9388416727464
121000	2016	2	16	100	98	6.95461200585652	6525.51020408163	19958.1632653061	6525.51020408768	6525.51020407754	6525.51020409782	61761.5763148007	56986.814462137	66936.4017780529
121000	2016	2	24	28.5714285714286	28	36.6071428571429	45.9183673469388	68.3673469387755	45.9183673479388	45.9183673475973	45.9183673482802	70.5919710171958	66.4972430966318	74.9388416727464
121000	2016	2	27	14.2857142857143	14	33.3333333333333	16.3265306122449	8.16326530612245	16.3265306127949	16.3265306125821	16.3265306130077	8.32885475560292	7.71655793617297	8.98973637128335
121000	2016	2	28	87.7551020408163	86	11.2727272727273	143.877551020408	136.734693877551	143.877551024558	143.877551023945	143.877551025172	141.040019560343	137.078636194963	145.115881436767
121000	2016	2	31	4.08163265306122	4	0	1.02040816326531	3.06122448979592	1.02040816331531	1.02040816326531	1.02040816336531	3.06122448994592	3.06122448985932	3.06122449003252
121000	2016	2	39	7.14285714285714	7	14.2857142857143	4.08163265306122	10.2040816326531	4.08163265316122	4.08163265309051	4.08163265323194	10.3696710822335	9.79250339053963	10.9808568927934
121000	2016	2	42	1.02040816326531	1	100	0	1.02040816326531	0	0	0	1.02040816331531	1.02040816326531	1.02040816336531
121000	2016	2	65	1.02040816326531	1	0	0	1.02040816326531	0	0	0	1.02040816331531	1.02040816326531	1.02040816336531
121000	2016	2	69	9.18367346938776	9	6.66666666666667	9.18367346938776	6.12244897959184	9.18367346978776	9.1836734696363	9.18367346993921	6.2880384289723	5.60754395005055	7.05111322112348
121000	2016	2	81	26.530612244898	26	0.803212851405622	10.2040816326531	243.877551020408	10.2040816330031	10.2040816328272	10.2040816331789	238.572153421697	223.068269468094	255.153601738085
121000	2016	2	87	98.9795918367347	97	0.0180701120346946	1.02040816326531	5645.91836734694	1.02040816331531	1.02040816326531	1.02040816336531	11569.00807293	11115.4842167978	12041.036196089
131000	2016	2	3	61.7647058823529	21	35.1618705035971	2352.94117647059	4188.23529411765	2352.94117647194	2352.94117646797	2352.9411764759	10541.889901741	9334.65581696892	11905.2533783206
131000	2016	2	4	32.3529411764706	11	0	52.9411764705882	5.88235294117647	52.9411764711382	52.9411764709208	52.9411764713556	5.88235294127647	5.88235294120576	5.88235294134718
131000	2016	2	9	2.94117647058824	1	0	0	2.94117647058824	0	0	0	2.94117647063824	2.94117647058823	2.94117647068824
131000	2016	2	14	17.6470588235294	6	0.290697674418605	5.88235294117647	1005.88235294118	5.88235294127647	5.88235294120576	5.88235294134718	2915.12833855664	2079.19409965222	4087.14762689901
131000	2016	2	16	8.82352941176471	3	0	14.7058823529412	138.235294117647	14.7058823530912	14.7058823529701	14.7058823532123	133.749079050861	118.505785382617	150.953104012571
131000	2016	2	28	70.5882352941177	24	26.0869565217391	102.941176470588	32.3529411764706	102.941176471838	102.941176471535	102.941176472141	33.3075156484574	30.3629685245635	36.5376197579213
131000	2016	2	31	2.94117647058824	1	0	47.0588235294118	0	47.0588235295118	47.0588235294239	47.0588235295996	0	0	0
131000	2016	2	39	64.7058823529412	22	28.7292817679558	355.882352941176	176.470588235294	355.882352943026	355.882352942458	355.882352943595	173.416234876314	159.364669281071	188.706760754085
131000	2016	2	41	8.82352941176471	3	0	8.8235294117647	17.6470588235294	8.8235294118647	8.82352941178085	8.82352941194856	18.1243460595478	16.1629207967554	20.3237969310714
131000	2016	2	54	14.7058823529412	5	3.26797385620915	352.941176470588	97.0588235294118	352.941176471038	352.941176470572	352.941176471504	94.5442092723459	71.451908819657	125.099632110515
131000	2016	2	59	5.88235294117647	2	0	14.7058823529412	0	14.7058823530912	14.7058823529891	14.7058823531932	0	0	0
131000	2016	2	63	14.7058823529412	5	0	14.7058823529412	0	14.7058823531912	14.7058823530794	14.705882353303	0	0	0
131000	2016	2	64	32.3529411764706	11	15.5844155844156	150	76.4705882352941	150.00000000055	150.00000000004	150.00000000106	79.811598886623	72.143506762124	88.2947281429275
131000	2016	2	69	17.6470588235294	6	3.57142857142857	70.5882352941176	11.7647058823529	70.5882352945677	70.5882352943516	70.5882352947838	12.2419931182713	9.73569878877025	15.3934913927974
131000	2016	2	83	2.94117647058824	1	0	8.8235294117647	0	8.8235294118147	8.8235294117647	8.8235294118647	0	0	0
131000	2016	2	87	14.7058823529412	5	0	2.94117647058824	32.3529411764706	2.94117647063824	2.94117647058823	2.94117647068824	33.7848028841758	28.8267816189314	39.5955719584393
141100	2017	2	14	38	19	0	98	24	98.0000000012	98.0000000008415	98.0000000015585	24.6491106411316	22.7314947455895	26.7284955168482
141100	2017	2	20	40	20	0	142	388	142.00000000065	141.999999999974	142.000000001326	382.405352502885	357.157803817298	409.437654896268
141100	2017	2	28	16	8	0	22	0	22.00000000045	22.0000000002826	22.0000000006174	0	0	0
141100	2017	2	39	26	13	0	82	36	82.00000000085	82.0000000005007	82.0000000011994	37.6227766022291	33.1006892348544	42.7626539501409
141100	2017	2	63	4	2	0	2	2	2.00000000005	2	2.0000000001	2.00000000005	2	2.0000000001
141100	2017	2	71	10	5	0	236	98	236.0000000004	235.999999999962	236.000000000838	95.273929075031	80.6518272228429	112.547004500143
141100	2017	2	77	14	7	0	26	2	26.0000000004	26.0000000002209	26.0000000005791	2.00000000005	2	2.0000000001
141100	2017	2	86	6	3	0	6	2	6.0000000001	6.00000000001615	6.00000000018385	2.00000000005	2	2.0000000001
141100	2017	2	87	14	7	0	10	8	10.0000000002	10.0000000000873	10.0000000003127	8.0000000002	8.0000000001	8.0000000003
141100	2017	2	89	90	45	0	212	6964	645.609943283186	513.336739567645	811.966428152359	17324.4306306444	15359.3327900255	19540.9462623871
141100	2017	2	NA	6	3	NA	0	0	0	0	0	0	0	0
141200	2017	2	3	10	5	0	0	10	0	0	0	10.00000000025	10.0000000001382	10.0000000003618
141200	2017	2	4	40	20	2.4390243902439	74	8	74.00000000115	74.0000000008081	74.000000001492	8.0000000002	8.0000000001	8.0000000003
141200	2017	2	26	4	2	0	2	12	2.00000000005	2	2.0000000001	12.6491106408316	9.14885937104752	17.4885188978132
141200	2017	2	31	8	4	0	10	12	10.00000000025	10.0000000001382	10.0000000003618	12.3245553205658	10.99078614187	13.8201819131969
141200	2017	2	39	80	40	1.86567164179104	774	298	774.0000000035	774.000000002453	774.000000004547	308.840718869214	293.899859334424	324.541120392706
141200	2017	2	57	10	5	14.2857142857143	12	2	12.0000000003	12.0000000001775	12.0000000004225	2.00000000005	2	2.0000000001
141200	2017	2	63	92	46	0.48780487804878	244	576	244.00000000255	244.000000001868	244.000000003232	569.854682963943	545.932316291308	594.825310767386
141200	2017	2	77	14	7	0	20	2	20.0000000004	20.0000000002407	20.0000000005593	2.00000000005	2	2.0000000001
141200	2017	2	82	2	1	0	4	0	4.0000000001	4.00000000002929	4.00000000017071	0	0	0
141200	2017	2	86	58	29	0.806451612903226	156	92	156.00000000185	156.000000001321	156.000000002379	92.6066433726175	88.1452040248702	97.293896946718
141200	2017	2	87	100	50	0	450	23014	450.00000000195	450.000000000878	450.000000003022	66696.060112571	60927.9651863739	73010.2247946816
141200	2017	2	89	36	18	0	44	130	44.00000000085	44.0000000006091	44.0000000010909	129.936231268968	118.792823106592	142.124951279533
151000	2018	2	4	3.80952380952381	4	0	3.80952380952381	2.85714285714286	3.80952380967381	3.80952380957381	3.80952380977381	3.01169300976323	1.9047619048619	4.76190476190476
151000	2018	2	7	15.2380952380952	16	0	12.3809523809524	3.80952380952381	12.3809523816024	12.3809523814221	12.3809523817827	3.80952380972381	3.80952380962381	3.80952380982381
151000	2018	2	9	38.0952380952381	40	0	63.8095238095238	44.7619047619048	63.8095238109238	63.8095238103915	63.8095238114561	45.2255552212659	44.1510148231175	46.3262476132444
151000	2018	2	13	38.0952380952381	40	0	43.8095238095238	31.4285714285714	43.8095238113238	43.8095238109791	43.8095238116685	32.2013221925233	30.7362232343995	33.7362578036647
151000	2018	2	14	54.2857142857143	57	0	20	932.380952380952	20.0000000009	20.000000000664	20.000000001136	1333.08011692834	1278.0573949776	1390.4716682781
151000	2018	2	16	78.0952380952381	82	0	198.095238095238	3437.14285714286	198.095238098638	198.095238097727	198.095238099549	9409.91045660997	8865.79095297541	9987.42416452996
151000	2018	2	20	66.6666666666667	70	0	74.2857142857143	146.666666666667	74.2857142884143	74.2857142879542	74.2857142888743	149.031860271324	144.572598941059	153.628665034835
151000	2018	2	23	6.66666666666667	7	0	60.9523809523809	3.80952380952381	60.952380952981	60.9523809525396	60.9523809534223	3.80952380972381	3.80952380962381	3.80952380982381
151000	2018	2	27	5.71428571428571	6	0	2.85714285714286	2.85714285714286	2.85714285729286	2.85714285720625	2.85714285737946	2.85714285729286	2.85714285720625	2.85714285737946
151000	2018	2	28	98.0952380952381	103	0	432.380952380952	147.619047619048	432.380952389352	432.380952388191	432.380952390514	150.313564038285	146.383963931828	154.348652181695
151000	2018	2	31	9.52380952380952	10	0	9.52380952380952	14.2857142857143	9.52380952415952	9.52380952399414	9.52380952432491	14.7493647438754	13.5045936355736	16.1088712639841
151000	2018	2	39	13.3333333333333	14	0	20.952380952381	1.9047619047619	20.9523809532309	20.9523809529901	20.9523809534718	1.9047619048619	1.90476190479119	1.90476190493262
151000	2018	2	41	11.4285714285714	12	0	15.2380952380952	3.80952380952381	15.2380952386952	15.2380952384886	15.2380952389019	3.80952380972381	3.80952380962381	3.80952380982381
151000	2018	2	44	37.1428571428571	39	0	48.5714285714286	60.9523809523809	48.5714285729786	48.5714285725935	48.5714285733636	62.5650463014755	59.5904393844255	65.6881382171656
151000	2018	2	54	80	84	0	1328.57142857143	165.714285714286	1328.57142857858	1328.57142857614	1328.57142858101	168.089558273974	162.232146741072	174.158452367855
151000	2018	2	58	2.85714285714286	3	0	15.2380952380952	0	15.2380952383452	15.2380952381011	15.2380952385894	0	0	0
151000	2018	2	59	0.952380952380952	1	0	0.952380952380952	0	0.952380952430952	0.952380952380952	0.952380952480952	0	0	0
151000	2018	2	61	72.3809523809524	76	0	88.5714285714286	253.333333333333	88.5714285741285	88.5714285736197	88.5714285746374	258.048505210137	249.556248044675	266.829749056276
151000	2018	2	63	0.952380952380952	1	0	1.9047619047619	0	1.9047619048119	1.9047619047619	1.9047619048619	0	0	0
151000	2018	2	66	0.952380952380952	1	0	0.952380952380952	0	0.952380952430952	0.952380952380952	0.952380952480952	0	0	0
151000	2018	2	69	5.71428571428571	6	0	5.71428571428571	0.952380952380952	5.71428571453572	5.71428571441202	5.71428571465941	0.952380952430952	0.952380952380952	0.952380952480952
151000	2018	2	74	0.952380952380952	1	0	0.952380952380952	0	0.952380952430952	0.952380952380952	0.952380952480952	0	0	0
151000	2018	2	75	0.952380952380952	1	0	0.952380952380952	0	0.952380952430952	0.952380952380952	0.952380952480952	0	0	0
151000	2018	2	80	0.952380952380952	1	0	1.9047619047619	0	1.9047619048119	1.9047619047619	1.9047619048619	0	0	0
151000	2018	2	81	12.3809523809524	13	0	10.4761904761905	6.66666666666667	10.4761904766405	10.4761904764731	10.4761904768078	6.66666666701667	6.66666666688438	6.66666666714895
151000	2018	2	87	14.2857142857143	15	0	5.71428571428571	10.4761904761905	5.71428571458571	5.71428571446324	5.71428571470819	10.6307406292108	10.1031254125055	11.1859094796219
151000	2018	2	89	13.3333333333333	14	0	11.4285714285714	18.0952380952381	11.4285714291214	11.4285714289468	11.4285714292961	18.0901663186343	15.0747752960451	21.7087227510255
151000	2018	2	109	2.85714285714286	3	0	10.4761904761905	0.952380952380952	10.4761904764405	10.4761904762692	10.4761904766117	0.952380952430952	0.952380952380952	0.952380952480952
151000	2018	2	111	0.952380952380952	1	0	0	2.85714285714286	0	0	0	3.01169300976323	1.9047619048619	4.76190476190476
21000	2019	2	4	5.10204081632653	5	0	1.02040816326531	33.6734693877551	1.02040816331531	1.02040816326531	1.02040816336531	33.3314223965937	30.629195277015	36.2720505364978
21000	2019	2	7	90.8163265306122	89	0.0705218617771509	115.30612244898	1331.63265306122	115.30612245103	115.306122450338	115.306122451721	1538.51686591848	1493.2203831174	1585.18740668002
21000	2019	2	9	16.3265306122449	16	0	0	70.4081632653061	0	0	0	69.1055049184335	66.3789968345253	71.9440039435449
21000	2019	2	14	20.4081632653061	20	0	1.02040816326531	54.0816326530612	1.02040816331531	1.02040816326531	1.02040816336531	55.6438989344597	52.1837893607185	59.3334352786399
21000	2019	2	16	100	98	0.0121284401815223	458.163265306122	100502.040816327	458.163265309223	458.163265307486	458.163265310959	314999.465691624	294839.583315167	336537.795469421
21000	2019	2	27	79.5918367346939	78	0	580.612244897959	2966.32653061224	580.612244899959	580.612244897733	580.612244902185	4471.55325683937	4288.85223691493	4662.03716617981
21000	2019	2	31	27.5510204081633	27	8.82352941176471	11.2244897959184	23.469387755102	11.2244897964184	11.2244897962511	11.2244897965856	23.800566654413	23.0026305102972	24.6261823323891
21000	2019	2	39	6.12244897959184	6	0	2.04081632653061	6.12244897959184	2.04081632663061	2.0408163265599	2.04081632670132	6.2880384289723	5.60754395005055	7.05111322112348
21000	2019	2	44	9.18367346938776	9	0	0	22.4489795918367	0	0	0	23.2769268383391	21.3722266066288	25.3513746138804
21000	2019	2	64	2.04081632653061	2	0	0	2.04081632653061	0	0	0	2.04081632663061	2.0408163265599	2.04081632670132
21000	2019	2	65	1.02040816326531	1	0	0	1.02040816326531	0	0	0	1.02040816331531	1.02040816326531	1.02040816336531
21000	2019	2	81	1.02040816326531	1	0	0	1.02040816326531	0	0	0	1.02040816331531	1.02040816326531	1.02040816336531
21000	2019	2	87	100	98	0	0	87005.1020408163	0	0	0	274826.075181962	245641.691675797	307477.818951055
11000	2021	3	4	3.57142857142857	5	0	0.714285714285714	5.71428571428571	0.714285714335714	0.714285714285714	0.714285714385714	5.9461109433558	5.05692471846984	6.99164755638164
11000	2021	3	7	100	140	0.0312662845231892	1430	12277.1428571429	1430.0000000073	1430.00000000339	1430.00000001121	34213.1058144019	32457.8927957702	36063.2348141836
11000	2021	3	9	4.28571428571429	6	0	0	8.57142857142857	0	0	0	8.9191664150337	7.8142369177971	10.1803324337255
11000	2021	3	14	6.42857142857143	9	0	0	6.42857142857143	0	0	0	6.42857142902143	6.42857142887143	6.42857142917143
11000	2021	3	16	48.5714285714286	68	0.242130750605327	6.42857142857143	288.571428571429	6.42857142897143	6.42857142881997	6.42857142912289	444.39148479383	428.428752911232	460.948968563234
11000	2021	3	27	5	7	0	0	7.85714285714286	0	0	0	8.08896808636294	7.37386378485802	8.87342194150092
11000	2021	3	31	4.28571428571429	6	0	3.57142857142857	2.85714285714286	3.57142857167857	3.57142857156677	3.57142857179038	2.9730554716779	2.36438399166753	3.73841933832414
11000	2021	3	39	0.714285714285714	1	0	1.42857142857143	0.714285714285714	1.42857142862143	1.42857142857143	1.42857142867143	0.714285714335714	0.714285714285714	0.714285714385714
11000	2021	3	44	2.85714285714286	4	0	0	2.85714285714286	0	0	0	2.85714285734286	2.85714285724286	2.85714285744286
11000	2021	3	64	2.85714285714286	4	0	0	2.85714285714286	0	0	0	2.85714285734286	2.85714285724286	2.85714285744286
11000	2021	3	65	0.714285714285714	1	0	0	0.714285714285714	0	0	0	0.714285714335714	0.714285714285714	0.714285714385714
11000	2021	3	66	0.714285714285714	1	0	0	0.714285714285714	0	0	0	0.714285714335714	0.714285714285714	0.714285714385714
11000	2021	3	77	2.14285714285714	3	0	0	7.85714285714286	0	0	0	7.67569049479657	7.20089305111499	8.18179414049037
11000	2021	3	87	22.1428571428571	31	0	0	380	0	0	0	685.036157166539	642.798922027742	730.048729928091
31000	2022	3	3	2	1	0	0	2	0	0	0	2.00000000005	2	2.0000000001
31000	2022	3	4	4	2	0	6	0	6.0000000001	6.00000000001615	6.00000000018385	0	0	0
31000	2022	3	7	2	1	0	0	2	0	0	0	2.00000000005	2	2.0000000001
31000	2022	3	14	2	1	0	16	0	15.4919333848942	12.0000000001	20	0	0	0
31000	2022	3	15	4	2	0	2	6	2.00000000005	2	2.0000000001	6.32455532041582	4.0000000001	10
31000	2022	3	16	100	50	0	4036	13090	4024.06145311604	3929.96825294426	4120.40747818327	37336.7346946214	33866.1274760713	41163.0104044674
31000	2022	3	17	2	1	0	0	202	0	0	0	635.609943282985	202.0000000001	2000
31000	2022	3	24	2	1	0	8	0	8.00000000005	8	8.0000000001	0	0	0
31000	2022	3	31	4	2	0	2	4	2.00000000005	2	2.0000000001	4.0000000001	4.00000000002929	4.00000000017071
31000	2022	3	39	2	1	0	2	0	2.00000000005	2	2.0000000001	0	0	0
31000	2022	3	41	36	18	0	54	208	54.3245553211658	52.791080958888	55.9025740189081	204.795258536705	184.593201795621	227.208247709753
31000	2022	3	69	62	31	0	208	4	209.439265309239	204.031930290697	214.989907661889	4.0000000001	4.00000000002929	4.00000000017071
31000	2022	3	71	4	2	0	4	0	4.0000000001	4.00000000002929	4.00000000017071	0	0	0
31000	2022	3	77	2	1	0	2	0	2.00000000005	2	2.0000000001	0	0	0
31000	2022	3	83	42	21	0	304	60	300.366887677593	283.357626446919	318.397173015651	61.2875705505292	51.3013187225159	73.2177339203082
31000	2022	3	87	20	10	0	10	14	10.00000000025	10.0000000001382	10.0000000003618	14.3245553206158	13.07034791636	15.6991142428998
31000	2022	3	100	2	1	0	0	2	0	0	0	2.00000000005	2	2.0000000001
31000	2022	3	114	4	2	0	0	10	0	0	0	10.3245553205158	8.86233210911067	12.0280352004421
41000	2022	3	3	33.6734693877551	33	0	3.06122448979592	220.408163265306	3.06122448994592	3.06122448985932	3.06122449003252	219.300272987991	208.313334512537	230.866688611876
41000	2022	3	4	35.7142857142857	35	0	9.18367346938776	87.7551020408163	9.18367346968775	9.18367346954252	9.18367346983299	89.47752372562	85.6653686159952	93.4593217938245
41000	2022	3	5	1.02040816326531	1	0	0	1.02040816326531	0	0	0	1.02040816331531	1.02040816326531	1.02040816336531
41000	2022	3	7	86.734693877551	85	0.0402576489533011	1136.73469387755	3932.65306122449	1136.73469388125	1136.73469387836	1136.73469388415	6979.18774897391	6685.97803503669	7285.25600595398
41000	2022	3	9	24.4897959183673	24	0	3.06122448979592	44.8979591836735	3.06122448994592	3.06122448985932	3.06122449003252	46.2226747785172	44.1322497942391	48.412117524982
41000	2022	3	14	93.8775510204082	92	0.00714898484415213	903.061224489796	13370.4081632653	903.226813942276	896.978688964455	909.518461766536	37215.3393364135	34653.8694392265	39966.1424347804
41000	2022	3	16	63.265306122449	62	0	36.734693877551	567.34693877551	36.9002833274815	35.7902748717067	38.0447178606281	786.798031049816	752.159167760517	823.032103041478
41000	2022	3	20	1.02040816326531	1	0	1.02040816326531	0	1.02040816331531	1.02040816326531	1.02040816336531	0	0	0
41000	2022	3	27	37.7551020408163	37	0.17636684303351	107.142857142857	471.428571428571	107.142857144307	107.142857143588	107.142857145026	466.708358471704	443.900214561598	490.688413121113
41000	2022	3	28	81.6326530612245	80	0.862068965517241	215.30612244898	376.530612244898	215.47171190311	214.476870493683	216.471167840097	381.74426378413	367.239355970224	396.822074113165
41000	2022	3	31	75.5102040816327	74	0.31055900621118	305.102040816327	352.040816326531	305.267630269207	303.383509940535	307.163451660384	350.43355650635	337.598037309663	363.757083732826
41000	2022	3	39	6.12244897959184	6	0	1.02040816326531	5.10204081632653	1.02040816331531	1.02040816326531	1.02040816336531	5.10204081657653	5.10204081646473	5.10204081668833
41000	2022	3	41	1.02040816326531	1	0	0	3.06122448979592	0	0	0	3.22681393902638	2.04081632663061	5.10204081632653
41000	2022	3	43	3.06122448979592	3	0	0	13.265306122449	0	0	0	13.1716779110428	11.5528959282525	15.01728225284
41000	2022	3	58	1.02040816326531	1	0	0	3.06122448979592	0	0	0	3.22681393902638	2.04081632663061	5.10204081632653
41000	2022	3	63	2.04081632653061	2	0	2.04081632653061	0	2.04081632663061	2.0408163265599	2.04081632670132	0	0	0
41000	2022	3	64	45.9183673469388	45	0	2.04081632653061	79.5918367346939	2.04081632663061	2.0408163265599	2.04081632670132	81.74449957664	79.1885611528504	84.382935031959
41000	2022	3	65	1.02040816326531	1	0	0	1.02040816326531	0	0	0	1.02040816331531	1.02040816326531	1.02040816336531
41000	2022	3	87	80.6122448979592	79	0	1.02040816326531	7389.79591836735	1.02040816331531	1.02040816326531	1.02040816336531	20866.6917449316	19255.782652349	22612.3670088725
41000	2022	3	NA	1.02040816326531	1	NA	0	0	0	0	0	0	0	0
43000	2022	3	3	10	5	0	0	18	0	0	0	18.6491106409816	16.3825276570391	21.2292837210709
43000	2022	3	4	16	8	0	2	70	2.00000000005	2	2.0000000001	69.3295878971501	65.2666451729171	73.6454546614754
43000	2022	3	6	2	1	0	2	0	2.00000000005	2	2.0000000001	0	0	0
43000	2022	3	7	94	47	0	940	5636	939.491933387044	934.054134232397	944.961389871349	13834.7682208131	12836.1301037715	14911.0993871419
43000	2022	3	9	8	4	0	0	8	0	0	0	8.0000000002	8.0000000001	8.0000000003
43000	2022	3	14	100	50	0.0159413358839471	1008	11538	1007.49193338699	1001.52533755418	1013.49407526592	31002.3042227296	28377.6906551319	33869.6646883372
43000	2022	3	16	64	32	0.351802990325418	62	2212	61.4919333852942	59.7713709952907	63.2620234151796	3045.01825199843	2873.10058366257	3227.22295478553
43000	2022	3	27	2	1	0	2	0	2.00000000005	2	2.0000000001	0	0	0
43000	2022	3	28	98	49	5.22088353413655	258	240	258.00000000325	258.000000002679	258.000000003821	246.437988409068	233.924684130351	259.620665330325
43000	2022	3	31	28	14	0	38	16	38.0000000006	38.0000000003556	38.0000000008444	16.6491106409316	14.1593892112078	19.576613157478
43000	2022	3	63	2	1	0	2	0	2.00000000005	2	2.0000000001	0	0	0
43000	2022	3	64	16	8	0	2	44	2.00000000005	2	2.0000000001	44.4655993463917	40.5319709507998	48.7809864374437
43000	2022	3	83	8	4	0	8	8	8.0000000002	8.0000000001	8.0000000003	8.32455532046582	6.62027517640985	10.4675741471332
43000	2022	3	87	82	41	0	6	6406	6.0000000001	6.00000000001615	6.00000000018385	17228.1396564266	15474.2705620168	19180.7940045902
