plot_id	year	period	moss_cover_min	moss_cover_max	herb_cover_min	herb_cover_max	shrub_cover_min	shrub_cover_max	tree_cover_min	tree_cover_max	waterlayer_cover_min	waterlayer_cover_max	soildisturbance_game_cover_min	soildisturbance_game_cover_max	number_of_species	cumm_herb_coverage_class_average_perc	cumulated_canopy_cover_min	cumulated_canopy_cover_max	subplot_id
101	2002	1	0	1	35	45	35	45	85	95	NA	NA	NA	NA	22	43.5	90.25	97.25	1
102	2002	1	0	1	25	35	35	45	55	65	NA	NA	NA	NA	29	33.5	70.75	80.75	1
103	2002	1	0	1	55	65	65	75	65	75	NA	NA	NA	NA	18	58.5	87.75	93.75	1
104	2002	1	0	1	10	15	45	55	65	75	NA	NA	NA	NA	28	22	80.75	88.75	1
105	2002	1	0	1	55	65	15	25	55	65	NA	NA	NA	NA	22	60.5	61.75	73.75	1
106	2002	1	0	1	5	10	25	35	85	95	NA	NA	NA	NA	16	15.5	88.75	96.75	1
107	2002	1	0	1	15	25	55	65	85	95	NA	NA	NA	NA	26	23	93.25	98.25	1
108	2002	1	0	1	15	25	55	65	85	95	NA	NA	NA	NA	19	16	93.25	98.25	1
109	2002	1	1	3	15	25	65	75	65	75	NA	NA	NA	NA	22	21	87.75	93.75	1
110	2002	1	0	1	55	65	10	15	85	95	NA	NA	NA	NA	18	56.5	86.5	95.75	1
111	2002	1	0	1	1	3	1	3	85	95	NA	NA	NA	NA	9	6	85.15	95.15	1
113	2002	1	1	3	15	25	65	75	55	65	NA	NA	NA	NA	24	20	84.25	91.25	1
114	2002	1	0	1	10	15	85	95	15	25	NA	NA	NA	NA	19	23	87.25	96.25	1
115	2002	1	1	3	45	55	10	15	75	85	NA	NA	NA	NA	17	49.5	77.5	87.25	1
116	2002	1	1	3	15	25	75	85	65	75	NA	NA	NA	NA	26	35.5	91.25	96.25	1
117	2002	1	0	1	10	15	65	75	85	95	NA	NA	NA	NA	22	20.5	94.75	98.75	1
118	2002	1	0	1	15	25	25	35	75	85	NA	NA	NA	NA	19	32	81.25	90.25	1
119	2002	1	0	1	65	75	35	45	75	85	NA	NA	NA	NA	18	71.5	83.75	91.75	1
120	2002	1	1	3	35	45	35	45	75	85	NA	NA	NA	NA	18	43.5	83.75	91.75	1
121	2002	1	0	1	1	3	25	35	75	85	NA	NA	NA	NA	14	7	81.25	90.25	1
122	2002	1	1	3	1	3	45	55	45	55	NA	NA	NA	NA	17	8.5	69.75	79.75	1
123	2002	1	0	1	65	75	25	35	75	85	NA	NA	NA	NA	16	81.5	81.25	90.25	1
124	2002	1	0	1	35	45	15	25	75	85	NA	NA	NA	NA	19	42.5	78.75	88.75	1
125	2002	1	0	1	1	3	15	25	85	95	NA	NA	NA	NA	20	11.5	87.25	96.25	1
126	2002	1	0	1	0	1	0	1	85	95	NA	NA	NA	NA	5	2.5	85	95.05	1
127	2002	1	0	1	25	35	85	95	25	35	NA	NA	NA	NA	21	31	88.75	96.75	1
128	2002	1	0	1	45	55	25	35	75	85	NA	NA	NA	NA	28	55.5	81.25	90.25	1
129	2002	1	0	1	1	3	3	5	85	95	NA	NA	NA	NA	17	11.5	85.45	95.25	1
130	2002	1	0	1	0	1	1	3	85	95	NA	NA	NA	NA	7	3.5	85.15	95.15	1
131	2002	1	0	1	45	55	55	65	75	85	NA	NA	NA	NA	21	52	88.75	94.75	1
132	2002	1	0	1	65	75	10	15	65	75	NA	NA	NA	NA	32	43.5	68.5	78.75	1
133	2002	1	0	1	1	3	15	25	85	95	NA	NA	NA	NA	26	14.5	87.25	96.25	1
134	2002	1	0	1	1	3	45	55	75	85	NA	NA	NA	NA	14	8.5	86.25	93.25	1
135	2002	1	0	1	0	1	1	3	85	95	NA	NA	NA	NA	7	3.5	85.15	95.15	1
136	2002	1	0	1	55	65	35	45	75	85	NA	NA	NA	NA	18	74	83.75	91.75	1
137	2002	1	0	1	1	3	65	75	85	95	NA	NA	NA	NA	12	7.5	94.75	98.75	1
138	2002	1	0	1	25	35	35	45	75	85	NA	NA	NA	NA	17	25.5	83.75	91.75	1
139	2002	1	0	1	35	45	35	45	75	85	NA	NA	NA	NA	23	35	83.75	91.75	1
140	2002	1	0	1	55	65	65	75	85	95	NA	NA	NA	NA	18	10.5	94.75	98.75	1
141	2002	1	0	1	1	3	55	65	85	95	NA	NA	NA	NA	13	6.5	93.25	98.25	1
142	2002	1	0	1	35	45	25	35	65	75	NA	NA	NA	NA	21	47	73.75	83.75	1
143	2002	1	1	3	0	1	15	25	85	95	NA	NA	NA	NA	15	7.5	87.25	96.25	1
144	2002	1	0	1	15	25	45	55	55	65	NA	NA	NA	NA	18	22	75.25	84.25	1
145	2002	1	0	1	15	25	35	45	85	95	NA	NA	NA	NA	19	19.5	90.25	97.25	1
146	2002	1	0	1	35	45	55	65	85	95	NA	NA	NA	NA	19	38.5	93.25	98.25	1
147	2002	1	1	3	15	25	85	95	25	35	NA	NA	NA	NA	23	22.5	88.75	96.75	1
148	2002	1	1	3	0	1	1	3	85	95	NA	NA	NA	NA	9	4.5	85.15	95.15	1
401	2003	1	0	1	55	65	15	25	75	85	NA	NA	NA	NA	6	59.5	78.75	88.75	1
402	2003	1	0	1	25	35	5	10	85	95	NA	NA	NA	NA	16	30	85.75	95.5	1
403	2003	1	0	1	1	3	1	3	95	100	NA	NA	NA	NA	8	5.5	95.05	100	1
404	2003	1	0	1	1	3	3	5	95	100	NA	NA	NA	NA	9	7.5	95.15	100	1
405	2003	1	0	1	15	25	1	3	95	100	NA	NA	NA	NA	10	20	95.05	100	1
406	2003	1	0	1	45	55	5	10	75	85	NA	NA	NA	NA	6	54	76.25	86.5	1
407	2003	1	0	1	65	75	1	3	85	95	NA	NA	NA	NA	9	65.5	85.15	95.15	1
408	2003	1	0	1	95	100	35	45	55	65	NA	NA	NA	NA	3	110.5	70.75	80.75	1
409	2003	1	0	1	3	5	1	3	95	100	NA	NA	NA	NA	10	8.5	95.05	100	1
410	2003	1	0	1	1	3	0	1	85	95	NA	NA	NA	NA	12	6	85	95.05	1
411	2003	1	0	1	85	95	1	3	65	75	NA	NA	NA	NA	10	94	65.35	75.75	1
412	2003	1	0	1	95	100	3	5	75	85	NA	NA	NA	NA	9	98.5	75.75	85.75	1
413	2003	1	1	3	15	25	15	25	75	85	NA	NA	NA	NA	18	24	78.75	88.75	1
414	2003	1	0	1	65	75	1	3	65	75	NA	NA	NA	NA	20	85.5	65.35	75.75	1
415	2003	1	0	1	25	35	5	10	85	95	NA	NA	NA	NA	12	19.5	85.75	95.5	1
416	2003	1	0	1	95	100	1	3	75	85	NA	NA	NA	NA	11	96.5	75.25	85.45	1
417	2003	1	0	1	45	55	3	5	95	100	NA	NA	NA	NA	12	43.5	95.15	100	1
418	2003	1	0	1	45	55	5	10	85	95	NA	NA	NA	NA	19	51	85.75	95.5	1
419	2003	1	0	1	1	3	35	45	45	55	NA	NA	NA	NA	11	7	64.25	75.25	1
420	2003	1	0	1	15	25	3	5	85	95	NA	NA	NA	NA	11	26.5	85.45	95.25	1
421	2003	1	0	1	75	85	3	5	75	85	NA	NA	NA	NA	5	82	75.75	85.75	1
422	2003	1	0	1	75	85	3	5	55	65	NA	NA	NA	NA	15	86	56.35	66.75	1
423	2003	1	0	1	85	95	1	3	95	100	NA	NA	NA	NA	13	99.5	95.05	100	1
425	2003	1	0	1	95	100	0	1	75	85	NA	NA	NA	NA	2	99.5	75	85.15	1
427	2003	1	1	3	55	65	35	45	85	95	NA	NA	NA	NA	6	64	90.25	97.25	1
428	2003	1	0	1	85	95	15	25	65	75	NA	NA	NA	NA	9	87	70.25	81.25	1
429	2003	1	0	1	95	100	5	10	25	35	NA	NA	NA	NA	6	162	28.75	41.5	1
430	2003	1	0	1	75	85	3	5	75	85	NA	NA	NA	NA	6	92	75.75	85.75	1
431	2003	1	1	3	15	25	5	10	85	95	NA	NA	NA	NA	13	20	85.75	95.5	1
432	2003	1	0	1	35	45	55	65	55	65	NA	NA	NA	NA	9	34	79.75	87.75	1
433	2003	1	1	3	75	85	5	10	65	75	NA	NA	NA	NA	4	94.5	66.75	77.5	1
434	2003	1	0	1	85	95	1	3	85	95	NA	NA	NA	NA	3	124	85.15	95.15	1
435	2003	1	0	1	25	35	5	10	95	100	NA	NA	NA	NA	11	35.5	95.25	100	1
436	2003	1	0	1	95	100	25	35	35	45	NA	NA	NA	NA	2	54	51.25	64.25	1
437	2003	1	0	1	95	100	0	1	25	35	NA	NA	NA	NA	2	160	25	35.65	1
438	2003	1	0	1	65	75	25	35	45	55	NA	NA	NA	NA	3	80.5	58.75	70.75	1
439	2003	1	0	1	45	55	0	1	95	100	NA	NA	NA	NA	7	43.5	95	100	1
440	2003	1	0	1	10	15	0	1	85	95	NA	NA	NA	NA	9	13	85	95.05	1
441	2003	1	0	1	75	85	3	5	65	75	NA	NA	NA	NA	5	93.5	66.05	76.25	1
442	2003	1	0	1	75	85	10	15	75	85	NA	NA	NA	NA	5	95	77.5	87.25	1
443	2003	1	0	1	15	25	3	5	85	95	NA	NA	NA	NA	11	23	85.45	95.25	1
444	2003	1	0	1	85	95	15	25	75	85	NA	NA	NA	NA	7	98	78.75	88.75	1
445	2003	1	0	1	25	35	5	10	85	95	NA	NA	NA	NA	12	39	85.75	95.5	1
446	2003	1	0	1	85	95	15	25	75	85	NA	NA	NA	NA	13	84	78.75	88.75	1
447	2003	1	0	1	95	100	15	25	65	75	NA	NA	NA	NA	10	102	70.25	81.25	1
448	2003	1	0	1	3	5	5	10	85	95	NA	NA	NA	NA	11	10	85.75	95.5	1
449	2003	1	0	1	10	15	15	25	85	95	NA	NA	NA	NA	12	16	87.25	96.25	1
450	2003	1	1	3	55	65	3	5	65	75	NA	NA	NA	NA	10	66	66.05	76.25	1
451	2003	1	0	1	95	100	35	45	35	45	NA	NA	NA	NA	4	141	57.75	69.75	1
452	2003	1	0	1	45	55	15	25	75	85	NA	NA	NA	NA	7	36.5	78.75	88.75	1
453	2003	1	0	1	95	100	0	1	45	55	NA	NA	NA	NA	3	137.5	45	55.45	1
454	2003	1	0	1	35	45	35	45	95	100	NA	NA	NA	NA	12	47	96.75	100	1
455	2003	1	0	1	0	1	0	1	85	95	NA	NA	NA	NA	6	3	85	95.05	1
456	2003	1	0	1	25	35	0	1	95	100	NA	NA	NA	NA	7	33	95	100	1
457	2003	1	0	1	15	25	0	1	85	95	NA	NA	NA	NA	7	24.5	85	95.05	1
458	2003	1	0	1	5	10	10	15	45	55	NA	NA	NA	NA	8	11	50.5	61.75	1
459	2003	1	0	1	85	95	0	1	85	95	NA	NA	NA	NA	3	92.5	85	95.05	1
460	2003	1	0	1	15	25	5	10	85	95	NA	NA	NA	NA	9	27	85.75	95.5	1
461	2003	1	0	1	65	75	10	15	75	85	NA	NA	NA	NA	2	72	77.5	87.25	1
462	2003	1	0	1	15	25	0	1	85	95	NA	NA	NA	NA	4	15.5	85	95.05	1
463	2003	1	0	1	10	15	0	1	95	100	NA	NA	NA	NA	8	16	95	100	1
464	2003	1	0	1	95	100	0	1	15	25	NA	NA	NA	NA	2	99.5	15	25.75	1
465	2003	1	0	1	1	3	0	1	85	95	NA	NA	NA	NA	3	3	85	95.05	1
466	2003	1	0	1	65	75	1	3	75	85	NA	NA	NA	NA	5	79	75.25	85.45	1
467	2003	1	0	1	25	35	3	5	85	95	NA	NA	NA	NA	6	6.5	85.45	95.25	1
468	2003	1	0	1	85	95	5	10	65	75	NA	NA	NA	NA	5	100.5	66.75	77.5	1
469	2003	1	1	3	95	100	5	10	10	15	NA	NA	NA	NA	4	131	14.5	23.5	1
470	2003	1	1	3	85	95	5	10	75	85	NA	NA	NA	NA	14	117.5	76.25	86.5	1
471	2003	1	0	1	85	95	10	15	45	55	NA	NA	NA	NA	7	115.5	50.5	61.75	1
472	2003	1	0	1	5	10	3	5	85	95	NA	NA	NA	NA	8	9	85.45	95.25	1
473	2003	1	0	1	25	35	5	10	85	95	NA	NA	NA	NA	10	29.5	85.75	95.5	1
474	2003	1	0	1	65	75	15	25	75	85	NA	NA	NA	NA	2	72	78.75	88.75	1
475	2003	1	1	3	85	95	0	1	0	1	NA	NA	NA	NA	12	94	0	1.99	1
476	2003	1	0	1	45	55	15	25	85	95	NA	NA	NA	NA	10	58.5	87.25	96.25	1
477	2003	1	0	1	3	5	1	3	95	100	NA	NA	NA	NA	7	7	95.05	100	1
478	2003	1	0	1	95	100	25	35	55	65	NA	NA	NA	NA	2	110	66.25	77.25	1
479	2003	1	0	1	35	45	25	35	75	85	NA	NA	NA	NA	8	40.5	81.25	90.25	1
480	2003	1	0	1	25	35	95	100	35	45	NA	NA	NA	NA	10	33	96.75	100	1
481	2003	1	0	1	25	35	45	55	85	95	NA	NA	NA	NA	7	28	91.75	97.75	1
482	2003	1	10	15	85	95	0	1	0	1	NA	NA	NA	NA	22	100	0	1.99	1
483	2003	1	0	1	25	35	5	10	95	100	NA	NA	NA	NA	10	32	95.25	100	1
484	2003	1	0	1	95	100	15	25	25	35	NA	NA	NA	NA	3	134	36.25	51.25	1
485	2003	1	0	1	3	5	0	1	95	100	NA	NA	NA	NA	8	7.5	95	100	1
486	2003	1	0	1	55	65	35	45	55	65	NA	NA	NA	NA	17	51	70.75	80.75	1
487	2003	1	0	1	95	100	1	3	65	75	NA	NA	NA	NA	3	94.5	65.35	75.75	1
488	2003	1	0	1	85	95	1	3	65	75	NA	NA	NA	NA	5	101.5	65.35	75.75	1
489	2003	1	0	1	85	95	65	75	55	65	NA	NA	NA	NA	11	90	84.25	91.25	1
490	2003	1	1	3	45	55	85	95	55	65	NA	NA	NA	NA	20	51	93.25	98.25	1
491	2003	1	0	1	85	95	1	3	85	95	NA	NA	NA	NA	15	98.5	85.15	95.15	1
492	2003	1	1	3	55	65	25	35	85	95	NA	NA	NA	NA	19	59	88.75	96.75	1
493	2003	1	1	3	75	85	15	25	85	95	NA	NA	NA	NA	20	82	87.25	96.25	1
494	2003	1	0	1	55	65	5	10	95	100	NA	NA	NA	NA	8	53.5	95.25	100	1
495	2003	1	1	3	35	45	25	35	85	95	NA	NA	NA	NA	14	37.5	88.75	96.75	1
496	2003	1	0	1	45	55	5	10	85	95	NA	NA	NA	NA	13	57.5	85.75	95.5	1
497	2003	1	0	1	15	25	15	25	95	100	NA	NA	NA	NA	11	26.5	95.75	100	1
498	2003	1	0	1	85	95	1	3	75	85	NA	NA	NA	NA	4	86.5	75.25	85.45	1
499	2003	1	0	1	5	10	15	25	95	100	NA	NA	NA	NA	9	11.5	95.75	100	1
500	2003	1	0	1	45	55	25	35	85	95	NA	NA	NA	NA	20	50	88.75	96.75	1
501	2003	1	0	1	65	75	1	3	85	95	NA	NA	NA	NA	12	70	85.15	95.15	1
502	2003	1	0	1	95	100	25	35	75	85	NA	NA	NA	NA	3	114	81.25	90.25	1
503	2003	1	0	1	75	85	3	5	95	100	NA	NA	NA	NA	4	81	95.15	100	1
504	2003	1	0	1	15	25	85	95	45	55	NA	NA	NA	NA	10	21.5	91.75	97.75	1
505	2003	1	0	1	75	85	25	35	65	75	NA	NA	NA	NA	11	78	73.75	83.75	1
506	2003	1	0	1	95	100	15	25	85	95	NA	NA	NA	NA	9	100.5	87.25	96.25	1
507	2003	1	1	3	25	35	15	25	75	85	NA	NA	NA	NA	31	33.5	78.75	88.75	1
508	2003	1	1	3	45	55	25	35	85	95	NA	NA	NA	NA	26	43.5	88.75	96.75	1
509	2003	1	1	3	35	45	3	5	95	100	NA	NA	NA	NA	6	42.5	95.15	100	1
510	2003	1	0	1	35	45	3	5	85	95	NA	NA	NA	NA	6	42.5	85.45	95.25	1
511	2003	1	0	1	5	10	5	10	75	85	NA	NA	NA	NA	7	10.5	76.25	86.5	1
512	2003	1	1	3	55	65	35	45	85	95	NA	NA	NA	NA	10	67.5	90.25	97.25	1
513	2003	1	0	1	65	75	25	35	75	85	NA	NA	NA	NA	5	67	81.25	90.25	1
514	2003	1	0	1	55	65	5	10	95	100	NA	NA	NA	NA	14	49	95.25	100	1
515	2003	1	0	1	75	85	0	1	85	95	NA	NA	NA	NA	7	81	85	95.05	1
516	2003	1	0	1	1	3	1	3	95	100	NA	NA	NA	NA	6	6	95.05	100	1
517	2003	1	1	3	35	45	15	25	85	95	NA	NA	NA	NA	17	51.5	87.25	96.25	1
518	2003	1	0	1	65	75	15	25	75	85	NA	NA	NA	NA	12	80	78.75	88.75	1
519	2003	1	1	3	85	95	10	15	45	55	NA	NA	NA	NA	15	109.5	50.5	61.75	1
520	2003	1	55	65	55	65	3	5	75	85	NA	NA	NA	NA	16	72.5	75.75	85.75	1
521	2003	1	1	3	35	45	5	10	85	95	NA	NA	NA	NA	16	39	85.75	95.5	1
522	2003	1	1	3	25	35	5	10	85	95	NA	NA	NA	NA	13	29	85.75	95.5	1
523	2003	1	3	5	55	65	5	10	55	65	NA	NA	NA	NA	12	68.5	57.25	68.5	1
701	2003	1	3	5	25	35	NA	NA	25	35	NA	NA	NA	NA	13	38	NA	NA	1
702	2003	1	1	3	45	55	NA	NA	75	85	NA	NA	NA	NA	23	53.5	NA	NA	1
703	2003	1	10	15	35	45	NA	NA	45	55	NA	NA	NA	NA	4	41.5	NA	NA	1
704	2003	1	0	1	55	65	NA	NA	55	65	NA	NA	NA	NA	4	61.5	NA	NA	1
705	2003	1	0	1	45	55	NA	NA	85	95	NA	NA	NA	NA	5	42	NA	NA	1
706	2003	1	1	3	15	25	NA	NA	35	45	NA	NA	NA	NA	8	25	NA	NA	1
707	2003	1	0	1	75	85	NA	NA	65	75	NA	NA	NA	NA	5	83.5	NA	NA	1
708	2003	1	1	3	65	75	NA	NA	55	65	NA	NA	NA	NA	19	62	NA	NA	1
709	2003	1	15	25	35	45	NA	NA	75	85	NA	NA	NA	NA	11	50.5	NA	NA	1
710	2003	1	0	1	75	85	NA	NA	75	85	NA	NA	NA	NA	4	81.5	NA	NA	1
711	2003	1	0	1	25	35	NA	NA	85	95	NA	NA	NA	NA	26	53.5	NA	NA	1
712	2003	1	0	1	55	65	NA	NA	65	75	NA	NA	NA	NA	28	58.5	NA	NA	1
713	2003	1	15	25	10	15	NA	NA	95	100	NA	NA	NA	NA	9	18	NA	NA	1
714	2003	1	1	3	55	65	NA	NA	85	95	NA	NA	NA	NA	14	39.5	NA	NA	1
715	2003	1	10	15	55	65	NA	NA	85	95	NA	NA	NA	NA	10	55.5	NA	NA	1
716	2003	1	5	10	15	25	NA	NA	95	100	NA	NA	NA	NA	15	22.5	NA	NA	1
717	2003	1	35	45	55	65	NA	NA	85	95	NA	NA	NA	NA	11	70	NA	NA	1
718	2003	1	10	15	35	45	NA	NA	75	85	NA	NA	NA	NA	25	48.5	NA	NA	1
719	2003	1	1	3	55	65	NA	NA	75	85	NA	NA	NA	NA	6	64.5	NA	NA	1
720	2003	1	5	10	10	15	NA	NA	55	65	NA	NA	NA	NA	6	16.5	NA	NA	1
721	2003	1	5	10	25	35	NA	NA	55	65	NA	NA	NA	NA	6	34	NA	NA	1
722	2003	1	0	1	45	55	NA	NA	65	75	NA	NA	NA	NA	9	50.5	NA	NA	1
723	2003	1	1	3	35	45	NA	NA	55	65	NA	NA	NA	NA	6	42.5	NA	NA	1
724	2003	1	1	3	65	75	NA	NA	85	95	NA	NA	NA	NA	16	67	NA	NA	1
725	2003	1	0	1	65	75	NA	NA	75	85	NA	NA	NA	NA	19	75	NA	NA	1
726	2003	1	1	3	45	55	NA	NA	75	85	NA	NA	NA	NA	9	45.5	NA	NA	1
727	2003	1	0	1	15	25	NA	NA	85	95	NA	NA	NA	NA	8	23.5	NA	NA	1
728	2003	1	0	1	65	75	NA	NA	65	75	NA	NA	NA	NA	11	70	NA	NA	1
729	2003	1	0	1	55	65	NA	NA	75	85	NA	NA	NA	NA	16	64.5	NA	NA	1
730	2003	1	1	3	55	65	NA	NA	55	65	NA	NA	NA	NA	22	62	NA	NA	1
731	2003	1	0	1	25	35	NA	NA	85	95	NA	NA	NA	NA	9	29	NA	NA	1
732	2003	1	0	1	45	55	NA	NA	95	100	NA	NA	NA	NA	5	52	NA	NA	1
733	2003	1	1	3	25	35	NA	NA	95	100	NA	NA	NA	NA	9	34	NA	NA	1
734	2003	1	0	1	25	35	NA	NA	85	95	NA	NA	NA	NA	11	35	NA	NA	1
735	2003	1	3	5	15	25	NA	NA	95	100	NA	NA	NA	NA	13	27.5	NA	NA	1
736	2003	1	0	1	25	35	NA	NA	85	95	NA	NA	NA	NA	10	27.5	NA	NA	1
737	2003	1	5	10	25	35	NA	NA	85	95	NA	NA	NA	NA	17	34	NA	NA	1
738	2003	1	1	3	25	35	NA	NA	75	85	NA	NA	NA	NA	9	25	NA	NA	1
739	2003	1	5	10	10	15	NA	NA	75	85	NA	NA	NA	NA	10	15	NA	NA	1
740	2003	1	0	1	10	15	NA	NA	65	75	NA	NA	NA	NA	7	8.5	NA	NA	1
741	2003	1	0	1	95	100	NA	NA	10	15	NA	NA	NA	NA	17	103	NA	NA	1
742	2003	1	0	1	35	45	NA	NA	85	95	NA	NA	NA	NA	12	35.5	NA	NA	1
743	2003	1	0	1	95	100	NA	NA	3	5	NA	NA	NA	NA	22	116	NA	NA	1
744	2003	1	0	1	95	100	NA	NA	35	45	NA	NA	NA	NA	27	122	NA	NA	1
745	2003	1	1	3	35	45	NA	NA	65	75	NA	NA	NA	NA	39	25.5	NA	NA	1
746	2003	1	1	3	25	35	NA	NA	85	95	NA	NA	NA	NA	9	25.5	NA	NA	1
747	2003	1	0	1	55	65	NA	NA	85	95	NA	NA	NA	NA	5	63.5	NA	NA	1
748	2003	1	0	1	55	65	NA	NA	65	75	NA	NA	NA	NA	3	54.5	NA	NA	1
749	2003	1	0	1	35	45	NA	NA	55	65	NA	NA	NA	NA	34	41.5	NA	NA	1
750	2003	1	3	5	55	65	NA	NA	85	95	NA	NA	NA	NA	15	58.5	NA	NA	1
751	2003	1	0	1	3	5	NA	NA	95	100	NA	NA	NA	NA	5	6	NA	NA	1
752	2003	1	1	3	25	35	NA	NA	75	85	NA	NA	NA	NA	11	26.5	NA	NA	1
753	2003	1	0	1	45	55	NA	NA	75	85	NA	NA	NA	NA	9	64	NA	NA	1
754	2003	1	0	1	65	75	NA	NA	35	45	NA	NA	NA	NA	10	72	NA	NA	1
755	2003	1	0	1	25	35	NA	NA	75	85	NA	NA	NA	NA	37	55	NA	NA	1
756	2003	1	0	1	35	45	NA	NA	75	85	NA	NA	NA	NA	19	44	NA	NA	1
757	2003	1	0	1	75	85	NA	NA	55	65	NA	NA	NA	NA	28	73	NA	NA	1
758	2003	1	3	5	75	85	NA	NA	55	65	NA	NA	NA	NA	30	84.5	NA	NA	1
759	2003	1	1	3	45	55	NA	NA	55	65	NA	NA	NA	NA	6	54	NA	NA	1
760	2003	1	1	3	10	15	NA	NA	65	75	NA	NA	NA	NA	6	18.5	NA	NA	1
761	2003	1	1	3	25	35	NA	NA	85	95	NA	NA	NA	NA	21	27.5	NA	NA	1
762	2003	1	5	10	3	5	NA	NA	95	100	NA	NA	NA	NA	12	12	NA	NA	1
763	2003	1	45	55	75	85	NA	NA	85	95	NA	NA	NA	NA	13	67	NA	NA	1
764	2003	1	0	1	35	45	NA	NA	55	65	NA	NA	NA	NA	22	34.5	NA	NA	1
765	2003	1	15	25	65	75	NA	NA	55	65	NA	NA	NA	NA	37	71	NA	NA	1
766	2003	1	0	1	95	100	NA	NA	75	85	NA	NA	NA	NA	10	97	NA	NA	1
767	2003	1	1	3	55	65	NA	NA	75	85	NA	NA	NA	NA	23	71	NA	NA	1
768	2003	1	1	3	55	65	NA	NA	75	85	NA	NA	NA	NA	21	51.5	NA	NA	1
801	2004	1	0	1	85	95	0	1	95	100	NA	NA	NA	NA	16	127	95	100	1
802	2004	1	0	1	65	75	0	1	85	95	NA	NA	NA	NA	14	80.5	85	95.05	1
803	2004	1	0	1	65	75	1	3	95	100	NA	NA	NA	NA	22	73.5	95.05	100	1
804	2004	1	0	1	65	75	1	3	85	95	NA	NA	NA	NA	17	92	85.15	95.15	1
805	2004	1	0	1	95	100	25	35	85	95	NA	NA	NA	NA	10	118.5	88.75	96.75	1
806	2004	1	0	1	65	75	1	3	95	100	NA	NA	NA	NA	12	81.5	95.05	100	1
807	2004	1	0	1	95	100	25	35	75	85	NA	NA	NA	NA	7	148	81.25	90.25	1
808	2004	1	0	1	95	100	35	45	85	95	NA	NA	NA	NA	9	101.5	90.25	97.25	1
809	2004	1	0	1	95	100	65	75	65	75	NA	NA	NA	NA	11	103	87.75	93.75	1
810	2004	1	0	1	55	65	10	15	75	85	NA	NA	NA	NA	16	71	77.5	87.25	1
811	2004	1	0	1	85	95	45	55	25	35	NA	NA	NA	NA	13	113.5	58.75	70.75	1
812	2004	1	0	1	75	85	75	85	55	65	NA	NA	NA	NA	12	85.5	88.75	94.75	1
813	2004	1	0	1	95	100	15	25	75	85	NA	NA	NA	NA	12	127.5	78.75	88.75	1
814	2004	1	0	1	95	100	10	15	65	75	NA	NA	NA	NA	13	110.5	68.5	78.75	1
815	2004	1	0	1	65	75	25	35	85	95	NA	NA	NA	NA	13	83.5	88.75	96.75	1
816	2004	1	0	1	15	25	15	25	75	85	NA	NA	NA	NA	15	21	78.75	88.75	1
817	2004	1	0	1	35	45	55	65	65	75	NA	NA	NA	NA	11	39.5	84.25	91.25	1
818	2004	1	0	1	95	100	3	5	65	75	NA	NA	NA	NA	13	118	66.05	76.25	1
819	2004	1	0	1	55	65	35	45	65	75	NA	NA	NA	NA	11	58	77.25	86.25	1
820	2004	1	0	1	75	85	55	65	65	75	NA	NA	NA	NA	11	78.5	84.25	91.25	1
821	2004	1	0	1	55	65	1	3	75	85	NA	NA	NA	NA	16	62.5	75.25	85.45	1
822	2004	1	0	1	45	55	75	85	75	85	NA	NA	NA	NA	12	44	93.75	97.75	1
823	2004	1	0	1	3	5	0	1	95	100	NA	NA	NA	NA	5	6	95	100	1
824	2004	1	0	1	45	55	85	95	85	95	NA	NA	NA	NA	14	49.5	97.75	99.75	1
825	2004	1	1	3	45	55	25	35	65	75	NA	NA	NA	NA	23	33	73.75	83.75	1
826	2004	1	0	1	25	35	1	3	95	100	NA	NA	NA	NA	7	24	95.05	100	1
827	2004	1	0	1	45	55	45	55	85	95	NA	NA	NA	NA	10	47.5	91.75	97.75	1
828	2004	1	0	1	15	25	0	1	95	100	NA	NA	NA	NA	6	27	95	100	1
829	2004	1	0	1	75	85	35	45	85	95	NA	NA	NA	NA	14	66.5	90.25	97.25	1
830	2004	1	0	1	75	85	75	85	95	100	NA	NA	NA	NA	5	83.5	98.75	100	1
831	2004	1	0	1	5	10	0	1	95	100	NA	NA	NA	NA	6	10	95	100	1
832	2004	1	0	1	15	25	0	1	95	100	NA	NA	NA	NA	9	25.5	95	100	1
833	2004	1	1	3	95	100	55	65	65	75	NA	NA	NA	NA	9	108.5	84.25	91.25	1
841	2005	1	0	1	55	65	25	35	75	85	NA	NA	NA	NA	26	67	81.25	90.25	1
842	2005	1	0	1	45	55	55	65	35	45	NA	NA	NA	NA	30	50.5	70.75	80.75	1
843	2005	1	0	1	3	5	1	3	95	100	NA	NA	NA	NA	11	9	95.05	100	1
844	2005	1	0	1	65	75	3	5	65	75	NA	NA	NA	NA	31	71	66.05	76.25	1
845	2005	1	1	3	55	65	0	1	95	100	NA	NA	NA	NA	22	60.5	95	100	1
846	2005	1	0	1	1	3	0	1	95	100	NA	NA	NA	NA	8	4	95	100	1
847	2005	1	0	1	85	95	45	55	75	85	NA	NA	NA	NA	17	48	86.25	93.25	1
848	2005	1	0	1	1	3	0	1	95	100	NA	NA	NA	NA	5	2.5	95	100	1
849	2005	1	0	1	85	95	15	25	85	95	NA	NA	NA	NA	22	128	87.25	96.25	1
850	2005	1	0	1	85	95	45	55	75	85	NA	NA	NA	NA	16	75.5	86.25	93.25	1
851	2005	1	0	1	65	75	1	3	85	95	NA	NA	NA	NA	28	57.5	85.15	95.15	1
852	2005	1	0	1	1	3	0	1	95	100	NA	NA	NA	NA	8	4	95	100	1
853	2005	1	0	1	1	3	0	1	95	100	NA	NA	NA	NA	6	3	95	100	1
854	2005	1	0	1	95	100	10	15	85	95	NA	NA	NA	NA	7	3.5	86.5	95.75	1
855	2005	1	0	1	15	25	10	15	85	95	NA	NA	NA	NA	10	19	86.5	95.75	1
856	2005	1	0	1	5	10	0	1	95	100	NA	NA	NA	NA	11	9	95	100	1
857	2005	1	0	1	95	100	25	35	25	35	NA	NA	NA	NA	19	135.5	43.75	57.75	1
858	2005	1	0	1	15	25	0	1	95	100	NA	NA	NA	NA	9	19.5	95	100	1
859	2005	1	0	1	35	45	15	25	95	100	NA	NA	NA	NA	15	40.5	95.75	100	1
860	2005	1	0	1	25	35	3	5	85	95	NA	NA	NA	NA	23	21.5	85.45	95.25	1
861	2005	1	1	3	95	100	10	15	95	100	NA	NA	NA	NA	18	17	95.5	100	1
862	2005	1	0	1	95	100	3	5	15	25	NA	NA	NA	NA	26	126.5	17.55	28.75	1
863	2005	1	0	1	85	95	1	3	95	100	NA	NA	NA	NA	17	101.5	95.05	100	1
864	2005	1	0	1	75	85	10	15	85	95	NA	NA	NA	NA	18	92.5	86.5	95.75	1
865	2005	1	0	1	55	65	5	10	85	95	NA	NA	NA	NA	11	97.5	85.75	95.5	1
866	2005	1	0	1	15	25	45	55	75	85	NA	NA	NA	NA	18	19	86.25	93.25	1
867	2005	1	0	1	35	45	15	25	75	85	NA	NA	NA	NA	14	27.5	78.75	88.75	1
868	2005	1	0	1	15	25	25	35	55	65	NA	NA	NA	NA	11	17	66.25	77.25	1
869	2005	1	0	1	25	35	25	35	85	95	NA	NA	NA	NA	11	22.5	88.75	96.75	1
870	2005	1	1	3	45	55	25	35	85	95	NA	NA	NA	NA	15	53.5	88.75	96.75	1
871	2005	1	0	1	25	35	3	5	85	95	NA	NA	NA	NA	14	18.5	85.45	95.25	1
872	2005	1	0	1	35	45	15	25	85	95	NA	NA	NA	NA	17	36.5	87.25	96.25	1
873	2005	1	0	1	25	35	10	15	85	95	NA	NA	NA	NA	20	28.5	86.5	95.75	1
874	2005	1	0	1	45	55	1	3	85	95	NA	NA	NA	NA	20	41	85.15	95.15	1
875	2005	1	1	3	45	55	25	35	75	85	NA	NA	NA	NA	21	53	81.25	90.25	1
876	2005	1	0	1	85	95	1	3	95	100	NA	NA	NA	NA	28	94	95.05	100	1
877	2005	1	0	1	45	55	1	3	85	95	NA	NA	NA	NA	11	14	85.15	95.15	1
878	2005	1	0	1	35	45	1	3	95	100	NA	NA	NA	NA	14	32.5	95.05	100	1
879	2005	1	0	1	95	100	10	15	85	95	NA	NA	NA	NA	19	98.5	86.5	95.75	1
880	2005	1	0	1	25	35	10	15	85	95	NA	NA	NA	NA	22	38.5	86.5	95.75	1
881	2005	1	0	1	85	95	5	10	85	95	NA	NA	NA	NA	18	109.5	85.75	95.5	1
882	2005	1	0	1	85	95	15	25	85	95	NA	NA	NA	NA	15	10.5	87.25	96.25	1
883	2005	1	0	1	55	65	5	10	95	100	NA	NA	NA	NA	22	57	95.25	100	1
884	2005	1	1	3	95	100	65	75	65	75	NA	NA	NA	NA	22	132.5	87.75	93.75	1
885	2005	1	0	1	25	35	3	5	85	95	NA	NA	NA	NA	11	44.5	85.45	95.25	1
886	2005	1	1	3	85	95	10	15	95	100	NA	NA	NA	NA	26	100.5	95.5	100	1
887	2005	1	0	1	85	95	1	3	85	95	NA	NA	NA	NA	17	53.5	85.15	95.15	1
889	2005	1	0	1	75	85	25	35	75	85	NA	NA	NA	NA	19	48.5	81.25	90.25	1
890	2005	1	0	1	25	35	15	25	85	95	NA	NA	NA	NA	13	29	87.25	96.25	1
841	2006	1	NA	NA	NA	NA	NA	NA	NA	NA	NA	NA	NA	NA	2	60	NA	NA	1
842	2006	1	NA	NA	NA	NA	NA	NA	NA	NA	NA	NA	NA	NA	3	50.5	NA	NA	1
843	2006	1	NA	NA	NA	NA	NA	NA	NA	NA	NA	NA	NA	NA	2	167.5	NA	NA	1
844	2006	1	NA	NA	NA	NA	NA	NA	NA	NA	NA	NA	NA	NA	3	90.5	NA	NA	1
845	2006	1	NA	NA	NA	NA	NA	NA	NA	NA	NA	NA	NA	NA	3	168	NA	NA	1
846	2006	1	NA	NA	NA	NA	NA	NA	NA	NA	NA	NA	NA	NA	2	167.5	NA	NA	1
847	2006	1	NA	NA	NA	NA	NA	NA	NA	NA	NA	NA	NA	NA	5	113.5	NA	NA	1
848	2006	1	NA	NA	NA	NA	NA	NA	NA	NA	NA	NA	NA	NA	2	167.5	NA	NA	1
849	2006	1	NA	NA	NA	NA	NA	NA	NA	NA	NA	NA	NA	NA	3	160.5	NA	NA	1
850	2006	1	NA	NA	NA	NA	NA	NA	NA	NA	NA	NA	NA	NA	3	107.5	NA	NA	1
851	2006	1	NA	NA	NA	NA	NA	NA	NA	NA	NA	NA	NA	NA	4	26	NA	NA	1
852	2006	1	NA	NA	NA	NA	NA	NA	NA	NA	NA	NA	NA	NA	2	167.5	NA	NA	1
853	2006	1	NA	NA	NA	NA	NA	NA	NA	NA	NA	NA	NA	NA	3	158	NA	NA	1
854	2006	1	NA	NA	NA	NA	NA	NA	NA	NA	NA	NA	NA	NA	2	101.5	NA	NA	1
855	2006	1	NA	NA	NA	NA	NA	NA	NA	NA	NA	NA	NA	NA	2	147.5	NA	NA	1
856	2006	1	NA	NA	NA	NA	NA	NA	NA	NA	NA	NA	NA	NA	4	190	NA	NA	1
857	2006	1	NA	NA	NA	NA	NA	NA	NA	NA	NA	NA	NA	NA	3	8.5	NA	NA	1
858	2006	1	NA	NA	NA	NA	NA	NA	NA	NA	NA	NA	NA	NA	2	30.5	NA	NA	1
859	2006	1	NA	NA	NA	NA	NA	NA	NA	NA	NA	NA	NA	NA	2	57.5	NA	NA	1
860	2006	1	NA	NA	NA	NA	NA	NA	NA	NA	NA	NA	NA	NA	4	61.5	NA	NA	1
861	2006	1	NA	NA	NA	NA	NA	NA	NA	NA	NA	NA	NA	NA	6	93.5	NA	NA	1
862	2006	1	NA	NA	NA	NA	NA	NA	NA	NA	NA	NA	NA	NA	2	24	NA	NA	1
863	2006	1	NA	NA	NA	NA	NA	NA	NA	NA	NA	NA	NA	NA	4	101	NA	NA	1
864	2006	1	NA	NA	NA	NA	NA	NA	NA	NA	NA	NA	NA	NA	2	150	NA	NA	1
865	2006	1	NA	NA	NA	NA	NA	NA	NA	NA	NA	NA	NA	NA	2	170	NA	NA	1
866	2006	1	NA	NA	NA	NA	NA	NA	NA	NA	NA	NA	NA	NA	2	170	NA	NA	1
867	2006	1	NA	NA	NA	NA	NA	NA	NA	NA	NA	NA	NA	NA	2	60	NA	NA	1
868	2006	1	NA	NA	NA	NA	NA	NA	NA	NA	NA	NA	NA	NA	2	80	NA	NA	1
869	2006	1	NA	NA	NA	NA	NA	NA	NA	NA	NA	NA	NA	NA	2	177.5	NA	NA	1
870	2006	1	NA	NA	NA	NA	NA	NA	NA	NA	NA	NA	NA	NA	3	158	NA	NA	1
871	2006	1	NA	NA	NA	NA	NA	NA	NA	NA	NA	NA	NA	NA	2	150	NA	NA	1
872	2006	1	NA	NA	NA	NA	NA	NA	NA	NA	NA	NA	NA	NA	2	150	NA	NA	1
873	2006	1	NA	NA	NA	NA	NA	NA	NA	NA	NA	NA	NA	NA	2	160	NA	NA	1
874	2006	1	NA	NA	NA	NA	NA	NA	NA	NA	NA	NA	NA	NA	3	178	NA	NA	1
875	2006	1	NA	NA	NA	NA	NA	NA	NA	NA	NA	NA	NA	NA	2	150	NA	NA	1
876	2006	1	NA	NA	NA	NA	NA	NA	NA	NA	NA	NA	NA	NA	4	48.5	NA	NA	1
877	2006	1	NA	NA	NA	NA	NA	NA	NA	NA	NA	NA	NA	NA	2	120	NA	NA	1
878	2006	1	NA	NA	NA	NA	NA	NA	NA	NA	NA	NA	NA	NA	2	160	NA	NA	1
879	2006	1	NA	NA	NA	NA	NA	NA	NA	NA	NA	NA	NA	NA	6	80.5	NA	NA	1
880	2006	1	NA	NA	NA	NA	NA	NA	NA	NA	NA	NA	NA	NA	4	121	NA	NA	1
881	2006	1	NA	NA	NA	NA	NA	NA	NA	NA	NA	NA	NA	NA	2	40.5	NA	NA	1
882	2006	1	NA	NA	NA	NA	NA	NA	NA	NA	NA	NA	NA	NA	6	99	NA	NA	1
883	2006	1	NA	NA	NA	NA	NA	NA	NA	NA	NA	NA	NA	NA	3	152.5	NA	NA	1
884	2006	1	NA	NA	NA	NA	NA	NA	NA	NA	NA	NA	NA	NA	6	42.5	NA	NA	1
885	2006	1	NA	NA	NA	NA	NA	NA	NA	NA	NA	NA	NA	NA	2	64	NA	NA	1
886	2006	1	NA	NA	NA	NA	NA	NA	NA	NA	NA	NA	NA	NA	4	126	NA	NA	1
887	2006	1	NA	NA	NA	NA	NA	NA	NA	NA	NA	NA	NA	NA	2	90	NA	NA	1
888	2006	1	5	10	75	85	55	65	65	75	NA	NA	NA	NA	26	116	84.25	91.25	1
889	2006	1	NA	NA	NA	NA	NA	NA	NA	NA	NA	NA	NA	NA	2	67.5	NA	NA	1
890	2006	1	NA	NA	NA	NA	NA	NA	NA	NA	NA	NA	NA	NA	2	60	NA	NA	1
901	2006	1	0	1	35	45	35	45	65	75	NA	NA	NA	NA	33	54	77.25	86.25	1
902	2006	1	0	1	25	35	25	35	45	55	NA	NA	NA	NA	22	40.5	58.75	70.75	1
903	2006	1	0	1	25	35	35	45	75	85	NA	NA	NA	NA	28	104	83.75	91.75	1
904	2006	1	3	5	1	3	3	5	95	100	NA	NA	NA	NA	19	11	95.15	100	1
905	2006	1	3	5	0	1	1	3	85	95	NA	NA	NA	NA	16	8	85.15	95.15	1
906	2006	1	1	3	10	15	75	85	85	95	NA	NA	NA	NA	24	15	96.25	99.25	1
907	2006	1	0	1	55	65	65	75	55	65	NA	NA	NA	NA	22	131	84.25	91.25	1
908	2006	1	1	3	75	85	10	15	85	95	NA	NA	NA	NA	24	104.5	86.5	95.75	1
909	2006	1	0	1	85	95	25	35	35	45	NA	NA	NA	NA	11	107.5	51.25	64.25	1
910	2006	1	0	1	3	5	0	1	95	100	NA	NA	NA	NA	22	12.5	95	100	1
911	2006	1	0	1	0	1	0	1	85	95	NA	NA	NA	NA	17	8.5	85	95.05	1
912	2006	1	0	1	35	45	15	25	75	85	NA	NA	NA	NA	26	88	78.75	88.75	1
913	2006	1	1	3	75	85	25	35	75	85	NA	NA	NA	NA	29	103.5	81.25	90.25	1
914	2006	1	3	5	3	5	3	5	85	95	NA	NA	NA	NA	20	13.5	85.45	95.25	1
915	2006	1	1	3	3	5	3	5	95	100	NA	NA	NA	NA	20	14.5	95.15	100	1
916	2006	1	3	5	95	100	0	1	35	45	NA	NA	NA	NA	14	151	35	45.55	1
917	2006	1	10	15	95	100	35	45	5	10	NA	NA	NA	NA	20	109	38.25	50.5	1
918	2006	1	1	3	3	5	45	55	55	65	NA	NA	NA	NA	23	14.5	75.25	84.25	1
919	2006	1	0	1	95	100	1	3	85	95	NA	NA	NA	NA	36	108	85.15	95.15	1
920	2006	1	0	1	85	95	85	95	15	25	NA	NA	NA	NA	23	117.5	87.25	96.25	1
921	2006	1	0	1	0	1	95	100	25	35	NA	NA	NA	NA	11	5.5	96.25	100	1
922	2006	1	NA	NA	NA	NA	NA	NA	NA	NA	NA	NA	NA	NA	3	42.5	NA	NA	1
923	2006	1	0	1	35	45	3	5	55	65	NA	NA	NA	NA	15	41.5	56.35	66.75	1
924	2006	1	0	1	95	100	0	1	35	45	NA	NA	NA	NA	11	95	35	45.55	1
925	2006	1	0	1	1	3	1	3	95	100	NA	NA	NA	NA	25	14	95.05	100	1
926	2006	1	0	1	85	95	35	45	85	95	NA	NA	NA	NA	23	104	90.25	97.25	1
927	2006	1	0	1	85	95	25	35	75	85	NA	NA	NA	NA	18	101.5	81.25	90.25	1
928	2006	1	3	5	55	65	10	15	85	95	NA	NA	NA	NA	27	104.5	86.5	95.75	1
929	2006	1	1	3	3	5	0	1	95	100	NA	NA	NA	NA	25	45	95	100	1
930	2006	1	1	3	55	65	35	45	25	35	NA	NA	NA	NA	35	85	51.25	64.25	1
931	2006	1	0	1	0	1	1	3	95	100	NA	NA	NA	NA	13	56	95.05	100	1
932	2006	1	1	3	5	10	3	5	85	95	NA	NA	NA	NA	12	16.5	85.45	95.25	1
933	2006	1	NA	NA	NA	NA	NA	NA	NA	NA	NA	NA	NA	NA	2	80.5	NA	NA	1
934	2006	1	0	1	85	95	45	55	65	75	NA	NA	NA	NA	23	110.5	80.75	88.75	1
935	2006	1	0	1	85	95	25	35	85	95	NA	NA	NA	NA	30	75.5	88.75	96.75	1
936	2006	1	1	3	15	25	25	35	85	95	NA	NA	NA	NA	21	98.5	88.75	96.75	1
937	2006	1	0	1	10	15	15	25	85	95	NA	NA	NA	NA	39	56.5	87.25	96.25	1
938	2006	1	0	1	1	3	3	5	95	100	NA	NA	NA	NA	3	3	95.15	100	1
939	2006	1	0	1	10	15	15	25	55	65	NA	NA	NA	NA	13	14.5	61.75	73.75	1
940	2006	1	0	1	85	95	85	95	75	85	NA	NA	NA	NA	16	118.5	96.25	99.25	1
941	2006	1	0	1	85	95	15	25	85	95	NA	NA	NA	NA	19	88.5	87.25	96.25	1
942	2006	1	0	1	10	15	65	75	85	95	NA	NA	NA	NA	26	89	94.75	98.75	1
943	2006	1	0	1	55	65	25	35	35	45	NA	NA	NA	NA	23	73.5	51.25	64.25	1
944	2006	1	0	1	85	95	85	95	75	85	NA	NA	NA	NA	15	96.5	96.25	99.25	1
945	2006	1	0	1	85	95	85	95	75	85	NA	NA	NA	NA	18	83.5	96.25	99.25	1
947	2006	1	0	1	15	25	65	75	75	85	NA	NA	NA	NA	24	81	91.25	96.25	1
948	2006	1	0	1	35	45	75	85	65	75	NA	NA	NA	NA	20	48.5	91.25	96.25	1
949	2006	1	0	1	35	45	55	65	65	75	NA	NA	NA	NA	23	30	84.25	91.25	1
950	2006	1	0	1	85	95	5	10	85	95	NA	NA	NA	NA	18	80	85.75	95.5	1
951	2006	1	0	1	75	85	85	95	85	95	NA	NA	NA	NA	22	69	97.75	99.75	1
952	2006	1	0	1	35	45	5	10	85	95	NA	NA	NA	NA	22	79.5	85.75	95.5	1
953	2006	1	0	1	55	65	65	75	65	75	NA	NA	NA	NA	24	52.5	87.75	93.75	1
954	2006	1	0	1	55	65	25	35	65	75	NA	NA	NA	NA	22	59.5	73.75	83.75	1
955	2006	1	0	1	55	65	35	45	85	95	NA	NA	NA	NA	29	67	90.25	97.25	1
956	2006	1	0	1	85	95	3	5	75	85	NA	NA	NA	NA	21	86	75.75	85.75	1
958	2006	1	0	1	75	85	25	35	75	85	NA	NA	NA	NA	30	69.5	81.25	90.25	1
959	2006	1	0	1	65	75	75	85	25	35	NA	NA	NA	NA	25	90	81.25	90.25	1
960	2006	1	0	1	35	45	55	65	75	85	NA	NA	NA	NA	16	33.5	88.75	94.75	1
961	2006	1	0	1	75	85	65	75	75	85	NA	NA	NA	NA	20	94	91.25	96.25	1
962	2006	1	0	1	85	95	55	65	75	85	NA	NA	NA	NA	21	92.5	88.75	94.75	1
963	2006	1	0	1	85	95	55	65	85	95	NA	NA	NA	NA	18	98.5	93.25	98.25	1
964	2006	1	0	1	75	85	5	10	65	75	NA	NA	NA	NA	17	100	66.75	77.5	1
965	2006	1	0	1	65	75	75	85	65	75	NA	NA	NA	NA	16	74	91.25	96.25	1
966	2006	1	0	1	85	95	3	5	85	95	NA	NA	NA	NA	18	137.5	85.45	95.25	1
1003	2006	1	10	15	95	100	3	5	65	75	NA	NA	NA	NA	4	102	66.05	76.25	1
1004	2006	1	1	3	75	85	25	35	75	85	NA	NA	NA	NA	7	86	81.25	90.25	1
1005	2006	1	0	1	95	100	5	10	75	85	NA	NA	NA	NA	5	99.5	76.25	86.5	1
1008	2006	1	0	1	95	100	0	1	75	85	NA	NA	NA	NA	7	103.5	75	85.15	1
1009	2006	1	0	1	95	100	1	3	75	85	NA	NA	NA	NA	7	100.5	75.25	85.45	1
1011	2006	1	0	1	75	85	55	65	65	75	NA	NA	NA	NA	6	84	84.25	91.25	1
1018	2006	1	5	10	85	95	5	10	75	85	NA	NA	NA	NA	7	98	76.25	86.5	1
1019	2006	1	25	35	75	85	3	5	75	85	NA	NA	NA	NA	8	81.5	75.75	85.75	1
1022	2006	1	0	1	85	95	5	10	85	95	NA	NA	NA	NA	10	98	85.75	95.5	1
1023	2006	1	5	10	85	95	15	25	75	85	NA	NA	NA	NA	7	111	78.75	88.75	1
1024	2006	1	1	3	95	100	3	5	65	75	NA	NA	NA	NA	9	101.5	66.05	76.25	1
1026	2006	1	0	1	95	100	10	15	75	85	NA	NA	NA	NA	7	131.5	77.5	87.25	1
1027	2006	1	0	1	95	100	10	15	85	95	NA	NA	NA	NA	5	106	86.5	95.75	1
1028	2006	1	0	1	95	100	15	25	85	95	NA	NA	NA	NA	5	101	87.25	96.25	1
1029	2006	1	0	1	85	95	10	15	85	95	NA	NA	NA	NA	7	94.5	86.5	95.75	1
1032	2006	1	0	1	95	100	10	15	75	85	NA	NA	NA	NA	4	100.5	77.5	87.25	1
1035	2006	1	0	1	65	75	35	45	75	85	NA	NA	NA	NA	14	76	83.75	91.75	1
1037	2006	1	0	1	75	85	25	35	65	75	NA	NA	NA	NA	12	87	73.75	83.75	1
1041	2006	1	1	3	85	95	25	35	85	95	NA	NA	NA	NA	7	97.5	88.75	96.75	1
1044	2006	1	0	1	95	100	15	25	35	45	NA	NA	NA	NA	2	98	44.75	58.75	1
1046	2006	1	0	1	85	95	5	10	85	95	NA	NA	NA	NA	8	92	85.75	95.5	1
1051	2006	1	0	1	65	75	15	25	95	100	NA	NA	NA	NA	8	75	95.75	100	1
1052	2006	1	0	1	75	85	15	25	75	85	NA	NA	NA	NA	7	83	78.75	88.75	1
1053	2006	1	0	1	95	100	5	10	75	85	NA	NA	NA	NA	8	104	76.25	86.5	1
1058	2006	1	0	1	75	85	25	35	75	85	NA	NA	NA	NA	8	75	81.25	90.25	1
1059	2006	1	0	1	95	100	10	15	75	85	NA	NA	NA	NA	3	98.5	77.5	87.25	1
1060	2006	1	0	1	95	100	5	10	85	95	NA	NA	NA	NA	5	99.5	85.75	95.5	1
1062	2006	1	0	1	95	100	15	25	85	95	NA	NA	NA	NA	7	103.5	87.25	96.25	1
1063	2006	1	0	1	95	100	5	10	3	5	NA	NA	NA	NA	7	103.5	7.85	14.5	1
1065	2006	1	0	1	95	100	1	3	85	95	NA	NA	NA	NA	6	101.5	85.15	95.15	1
121000	2006	1	0	1	35	45	15	25	85	95	NA	NA	NA	NA	19	92	87.25	96.25	1
121000	2006	1	NA	NA	35	45	1	3	85	95	NA	NA	NA	NA	16	78	85.15	95.15	2
121000	2006	1	0	1	35	45	1	3	85	95	NA	NA	NA	NA	16	63	85.15	95.15	3
121000	2006	1	0	1	35	45	3	5	35	45	NA	NA	NA	NA	21	61	36.95	47.75	4
121000	2006	1	0	1	15	25	0	1	85	95	NA	NA	NA	NA	20	88.5	85	95.05	5
121000	2006	1	0	1	25	35	1	3	85	95	NA	NA	NA	NA	19	89	85.15	95.15	6
121000	2006	1	0	1	35	45	0	1	85	95	NA	NA	NA	NA	22	114	85	95.05	7
121000	2006	1	0	1	35	45	15	25	85	95	NA	NA	NA	NA	22	100	87.25	96.25	8
121000	2006	1	0	1	35	45	15	25	85	95	NA	NA	NA	NA	19	118	87.25	96.25	9
121000	2006	1	0	1	25	35	10	15	85	95	NA	NA	NA	NA	18	101	86.5	95.75	10
121000	2006	1	0	1	55	65	45	55	85	95	NA	NA	NA	NA	15	153.5	91.75	97.75	11
121000	2006	1	0	1	55	65	45	55	85	95	NA	NA	NA	NA	15	153.5	91.75	97.75	12
121000	2006	1	0	1	55	65	25	35	85	95	NA	NA	NA	NA	21	150.5	88.75	96.75	13
121000	2006	1	0	1	5	10	75	85	75	85	NA	NA	NA	NA	21	105	93.75	97.75	14
121000	2006	1	0	1	25	35	NA	NA	NA	NA	NA	NA	NA	NA	18	55	NA	NA	15
121000	2006	1	0	1	25	35	5	10	85	95	NA	NA	NA	NA	15	76.5	85.75	95.5	16
121000	2006	1	1	3	45	55	3	5	85	95	NA	NA	NA	NA	19	85	85.45	95.25	17
121000	2006	1	0	1	35	45	5	10	65	75	NA	NA	NA	NA	19	68	66.75	77.5	18
121000	2006	1	0	1	15	25	1	3	85	95	NA	NA	NA	NA	19	64	85.15	95.15	19
121000	2006	1	0	1	25	35	0	1	85	95	NA	NA	NA	NA	21	104.5	85	95.05	20
121000	2006	1	NA	NA	65	75	NA	NA	NA	NA	NA	NA	NA	NA	21	121.5	NA	NA	21
121000	2006	1	1	3	35	45	25	35	85	95	NA	NA	NA	NA	21	117	88.75	96.75	22
121000	2006	1	0	1	25	35	1	3	85	95	NA	NA	NA	NA	19	107.5	85.15	95.15	23
121000	2006	1	0	1	25	35	5	10	85	95	NA	NA	NA	NA	18	124	85.75	95.5	24
121000	2006	1	NA	NA	85	95	NA	NA	NA	NA	NA	NA	NA	NA	24	124.5	NA	NA	25
121000	2006	1	0	1	55	65	25	35	85	95	NA	NA	NA	NA	18	123.5	88.75	96.75	26
121000	2006	1	0	1	65	75	1	3	85	95	NA	NA	NA	NA	22	132.5	85.15	95.15	27
121000	2006	1	0	1	25	35	45	55	85	95	NA	NA	NA	NA	16	98.5	91.75	97.75	28
121000	2006	1	0	1	35	45	25	35	75	85	NA	NA	NA	NA	22	132	81.25	90.25	29
121000	2006	1	0	1	35	45	55	65	65	75	NA	NA	NA	NA	19	108.5	84.25	91.25	30
121000	2006	1	3	5	45	55	55	65	85	95	NA	NA	NA	NA	20	132.5	93.25	98.25	31
121000	2006	1	1	3	45	55	25	35	85	95	NA	NA	NA	NA	18	109.5	88.75	96.75	32
121000	2006	1	0	1	35	45	3	5	85	95	NA	NA	NA	NA	20	86.5	85.45	95.25	33
121000	2006	1	0	1	25	35	5	10	85	95	NA	NA	NA	NA	19	70	85.75	95.5	34
121000	2006	1	NA	NA	65	75	NA	NA	NA	NA	NA	NA	NA	NA	21	113.5	NA	NA	35
121000	2006	1	0	1	15	25	25	35	85	95	NA	NA	NA	NA	19	77	88.75	96.75	36
121000	2006	1	0	1	25	35	10	15	85	95	NA	NA	NA	NA	23	98	86.5	95.75	37
121000	2006	1	0	1	35	45	NA	NA	NA	NA	NA	NA	NA	NA	21	117	NA	NA	38
121000	2006	1	0	1	35	45	35	45	85	95	NA	NA	NA	NA	20	120	90.25	97.25	39
121000	2006	1	0	1	55	65	3	5	85	95	NA	NA	NA	NA	21	125.5	85.45	95.25	40
121000	2006	1	0	1	45	55	25	35	75	85	NA	NA	NA	NA	21	130	81.25	90.25	41
121000	2006	1	0	1	45	55	25	35	85	95	NA	NA	NA	NA	13	133.5	88.75	96.75	42
121000	2006	1	0	1	65	75	45	55	55	65	NA	NA	NA	NA	21	138.5	75.25	84.25	43
121000	2006	1	0	1	75	85	10	15	75	85	NA	NA	NA	NA	24	113.5	77.5	87.25	44
121000	2006	1	0	1	55	65	25	35	85	95	NA	NA	NA	NA	17	98.5	88.75	96.75	45
121000	2006	1	NA	NA	55	65	15	25	85	95	NA	NA	NA	NA	18	113.5	87.25	96.25	46
121000	2006	1	1	3	45	55	3	5	85	95	NA	NA	NA	NA	18	125.5	85.45	95.25	47
121000	2006	1	0	1	35	45	0	1	85	95	NA	NA	NA	NA	19	92.5	85	95.05	48
121000	2006	1	0	1	45	55	1	3	75	85	NA	NA	NA	NA	19	139	75.25	85.45	49
121000	2006	1	0	1	55	65	5	10	85	95	NA	NA	NA	NA	23	130	85.75	95.5	50
121000	2006	1	0	1	65	75	NA	NA	85	95	NA	NA	NA	NA	21	142.5	NA	NA	51
121000	2006	1	1	3	65	75	1	3	85	95	NA	NA	NA	NA	23	146.5	85.15	95.15	52
121000	2006	1	0	1	45	55	0	1	85	95	NA	NA	NA	NA	21	134.5	85	95.05	53
121000	2006	1	0	1	45	55	5	10	85	95	NA	NA	NA	NA	19	111.5	85.75	95.5	54
121000	2006	1	0	1	35	45	15	25	85	95	NA	NA	NA	NA	15	121.5	87.25	96.25	55
121000	2006	1	0	1	25	35	35	45	75	85	NA	NA	NA	NA	16	123	83.75	91.75	56
121000	2006	1	0	1	35	45	35	45	85	95	NA	NA	NA	NA	18	117.5	90.25	97.25	57
121000	2006	1	0	1	55	65	35	45	85	95	NA	NA	NA	NA	20	133	90.25	97.25	58
121000	2006	1	0	1	35	45	5	10	85	95	NA	NA	NA	NA	17	80.5	85.75	95.5	59
121000	2006	1	0	1	45	55	10	15	85	95	NA	NA	NA	NA	22	80	86.5	95.75	60
121000	2006	1	0	1	45	55	10	15	95	100	NA	NA	NA	NA	22	130	95.5	100	61
121000	2006	1	NA	NA	45	55	35	45	85	95	NA	NA	NA	NA	15	127.5	90.25	97.25	62
121000	2006	1	1	3	45	55	25	35	85	95	NA	NA	NA	NA	18	138.5	88.75	96.75	63
121000	2006	1	0	1	25	35	15	25	85	95	NA	NA	NA	NA	17	120	87.25	96.25	64
121000	2006	1	0	1	25	35	15	25	85	95	NA	NA	NA	NA	23	124	87.25	96.25	65
121000	2006	1	0	1	35	45	15	25	85	95	NA	NA	NA	NA	20	133.5	87.25	96.25	66
121000	2006	1	0	1	35	45	5	10	85	95	NA	NA	NA	NA	22	127.5	85.75	95.5	67
121000	2006	1	0	1	55	65	1	3	85	95	NA	NA	NA	NA	19	148	85.15	95.15	68
121000	2006	1	0	1	25	35	5	10	85	95	NA	NA	NA	NA	15	109.5	85.75	95.5	69
121000	2006	1	0	1	35	45	3	5	75	85	NA	NA	NA	NA	19	133	75.75	85.75	70
121000	2006	1	0	1	65	75	45	55	85	95	NA	NA	NA	NA	17	142.5	91.75	97.75	71
121000	2006	1	0	1	55	65	25	35	85	95	NA	NA	NA	NA	18	123.5	88.75	96.75	72
121000	2006	1	0	1	45	55	10	15	85	95	NA	NA	NA	NA	21	134.5	86.5	95.75	73
121000	2006	1	0	1	35	45	5	10	85	95	NA	NA	NA	NA	16	124.5	85.75	95.5	74
121000	2006	1	0	1	55	65	10	15	85	95	NA	NA	NA	NA	19	134	86.5	95.75	75
121000	2006	1	0	1	45	55	25	35	85	95	NA	NA	NA	NA	21	102	88.75	96.75	76
121000	2006	1	0	1	35	45	35	45	85	95	NA	NA	NA	NA	16	107.5	90.25	97.25	77
121000	2006	1	1	3	25	35	35	45	85	95	NA	NA	NA	NA	18	109	90.25	97.25	78
121000	2006	1	0	1	15	25	55	65	75	85	NA	NA	NA	NA	18	73.5	88.75	94.75	79
121000	2006	1	0	1	25	35	25	35	85	95	NA	NA	NA	NA	12	82.5	88.75	96.75	80
121000	2006	1	0	1	35	45	10	15	85	95	NA	NA	NA	NA	18	65	86.5	95.75	81
121000	2006	1	0	1	35	45	3	5	85	95	NA	NA	NA	NA	14	122.5	85.45	95.25	82
121000	2006	1	0	1	35	45	3	5	85	95	NA	NA	NA	NA	19	132	85.45	95.25	83
121000	2006	1	0	1	35	45	15	25	75	85	NA	NA	NA	NA	14	130.5	78.75	88.75	84
121000	2006	1	0	1	55	65	65	75	85	95	NA	NA	NA	NA	14	134.5	94.75	98.75	85
121000	2006	1	0	1	55	65	35	45	85	95	NA	NA	NA	NA	15	136.5	90.25	97.25	86
121000	2006	1	0	1	65	75	5	10	85	95	NA	NA	NA	NA	20	131	85.75	95.5	87
121000	2006	1	0	1	35	45	10	15	75	85	NA	NA	NA	NA	20	51	77.5	87.25	88
121000	2006	1	0	1	85	95	10	15	55	65	NA	NA	NA	NA	19	101.5	59.5	70.25	89
121000	2006	1	0	1	55	65	15	25	75	85	NA	NA	NA	NA	21	129.5	78.75	88.75	90
121000	2006	1	1	3	25	35	55	65	85	95	NA	NA	NA	NA	16	119.5	93.25	98.25	91
121000	2006	1	1	3	65	75	35	45	55	65	NA	NA	NA	NA	15	96.5	70.75	80.75	92
121000	2006	1	0	1	3	5	45	55	75	85	NA	NA	NA	NA	18	19.5	86.25	93.25	93
121000	2006	1	0	1	25	35	10	15	85	95	NA	NA	NA	NA	18	113	86.5	95.75	94
121000	2006	1	1	3	35	45	25	35	85	95	NA	NA	NA	NA	15	123.5	88.75	96.75	95
121000	2006	1	0	1	35	45	10	15	85	95	NA	NA	NA	NA	16	139	86.5	95.75	96
121000	2006	1	0	1	45	55	5	10	75	85	NA	NA	NA	NA	18	139.5	76.25	86.5	97
121000	2006	1	0	1	55	65	3	5	85	95	NA	NA	NA	NA	18	147.5	85.45	95.25	98
922	2007	1	1	3	25	35	45	55	75	85	NA	NA	NA	NA	24	36.5	86.25	93.25	1
933	2007	1	0	1	75	85	45	55	75	85	NA	NA	NA	NA	22	51.5	86.25	93.25	1
1101	2007	1	0	1	45	55	5	10	75	85	55	65	NA	NA	40	64.5	76.25	86.5	1
1102	2007	1	0	1	35	45	15	25	65	75	0	1	NA	NA	19	32	70.25	81.25	1
1103	2007	1	0	1	75	85	0	1	0	1	0	1	NA	NA	12	88.5	0	1.99	1
1104	2007	1	1	3	75	85	10	15	55	65	0	1	NA	NA	9	84	59.5	70.25	1
1105	2007	1	1	3	55	65	5	10	75	85	0	1	NA	NA	19	69	76.25	86.5	1
1106	2007	1	10	15	35	45	55	65	65	75	0	1	NA	NA	7	44.5	84.25	91.25	1
1107	2007	1	5	10	85	95	35	45	65	75	0	1	NA	NA	9	95.5	77.25	86.25	1
1108	2007	1	0	1	85	95	3	5	85	95	15	25	NA	NA	27	111	85.45	95.25	1
1109	2007	1	45	55	65	75	75	85	55	65	0	1	NA	NA	10	77.5	88.75	94.75	1
1110	2007	1	0	1	95	100	5	10	85	95	10	15	NA	NA	22	130.5	85.75	95.5	1
1111	2007	1	0	1	45	55	5	10	85	95	3	5	NA	NA	25	38	85.75	95.5	1
1112	2007	1	3	5	25	35	15	25	65	75	0	1	NA	NA	16	33.5	70.25	81.25	1
1113	2007	1	0	1	45	55	45	55	55	65	85	95	NA	NA	19	58.5	75.25	84.25	1
1114	2007	1	0	1	65	75	25	35	75	85	65	75	NA	NA	29	76.5	81.25	90.25	1
1115	2007	1	0	1	95	100	5	10	85	95	3	5	NA	NA	28	93	85.75	95.5	1
1116	2007	1	0	1	95	100	25	35	75	85	65	75	NA	NA	28	120	81.25	90.25	1
1117	2007	1	0	1	95	100	10	15	95	100	1	3	NA	NA	40	58.5	95.5	100	1
1118	2007	1	0	1	95	100	5	10	85	95	1	3	NA	NA	21	110.5	85.75	95.5	1
1119	2007	1	0	1	85	95	10	15	85	95	0	1	NA	NA	20	105.5	86.5	95.75	1
1120	2007	1	1	3	85	95	15	25	75	85	15	25	NA	NA	26	77.5	78.75	88.75	1
1121	2007	1	0	1	75	85	15	25	85	95	0	1	NA	NA	28	78.5	87.25	96.25	1
1123	2007	1	0	1	75	85	10	15	85	95	0	1	NA	NA	26	66.5	86.5	95.75	1
1124	2007	1	0	1	45	55	15	25	65	75	1	3	NA	NA	22	47.5	70.25	81.25	1
1125	2007	1	3	5	65	75	25	35	65	75	15	25	NA	NA	26	68	73.75	83.75	1
1126	2007	1	0	1	65	75	15	25	75	85	1	3	NA	NA	29	73.5	78.75	88.75	1
1127	2007	1	0	1	95	100	1	3	85	95	10	15	NA	NA	26	110.5	85.15	95.15	1
1128	2007	1	0	1	95	100	3	5	85	95	1	3	NA	NA	24	120.5	85.45	95.25	1
1129	2007	1	3	5	45	55	35	45	65	75	3	5	NA	NA	16	40	77.25	86.25	1
1130	2007	1	1	3	55	65	45	55	25	35	3	5	NA	NA	20	54.5	58.75	70.75	1
1131	2007	1	1	3	25	35	75	85	35	45	75	85	NA	NA	27	32	83.75	91.75	1
1132	2007	1	3	5	65	75	25	35	45	55	0	1	NA	NA	9	67	58.75	70.75	1
1133	2007	1	1	3	55	65	25	35	85	95	0	1	NA	NA	9	48	88.75	96.75	1
1134	2007	1	3	5	75	85	75	85	35	45	0	1	NA	NA	10	67.5	83.75	91.75	1
1135	2007	1	0	1	95	100	0	1	0	1	0	1	NA	NA	12	107	0	1.99	1
1136	2007	1	0	1	35	45	55	65	35	45	0	1	NA	NA	18	39	70.75	80.75	1
1137	2007	1	10	15	85	95	15	25	35	45	0	1	NA	NA	12	97	44.75	58.75	1
1138	2007	1	10	15	95	100	15	25	65	75	0	1	NA	NA	14	97	70.25	81.25	1
1139	2007	1	1	3	65	75	3	5	85	95	0	1	NA	NA	20	62	85.45	95.25	1
1140	2007	1	3	5	85	95	65	75	25	35	0	1	NA	NA	10	82.5	73.75	83.75	1
1141	2007	1	1	3	65	75	5	10	85	95	0	1	NA	NA	15	58	85.75	95.5	1
1142	2007	1	1	3	25	35	3	5	85	95	0	1	NA	NA	18	26	85.45	95.25	1
1143	2007	1	3	5	95	100	55	65	15	25	0	1	NA	NA	11	99.5	61.75	73.75	1
1144	2007	1	10	15	55	65	35	45	55	65	0	1	NA	NA	12	53.5	70.75	80.75	1
1145	2007	1	5	10	85	95	45	55	35	45	0	1	NA	NA	8	93.5	64.25	75.25	1
1146	2007	1	15	25	75	85	15	25	45	55	0	1	NA	NA	6	81	53.25	66.25	1
1147	2007	1	1	3	15	25	1	3	95	100	0	1	NA	NA	16	19.5	95.05	100	1
1148	2007	1	1	3	15	25	1	3	85	95	0	1	NA	NA	15	15.5	85.15	95.15	1
1149	2007	1	5	10	75	85	65	75	55	65	0	1	NA	NA	9	77	84.25	91.25	1
1150	2007	1	10	15	95	100	65	75	55	65	0	1	NA	NA	10	94	84.25	91.25	1
1151	2007	1	10	15	95	100	25	35	35	45	0	1	NA	NA	8	104	51.25	64.25	1
1152	2007	1	3	5	25	35	15	25	75	85	0	1	NA	NA	15	24	78.75	88.75	1
1153	2007	1	0	1	85	95	15	25	75	85	0	1	NA	NA	18	92	78.75	88.75	1
1154	2007	1	0	1	85	95	45	55	25	35	0	1	NA	NA	15	87.5	58.75	70.75	1
1155	2007	1	5	10	75	85	0	1	0	1	0	1	NA	NA	10	93	0	1.99	1
1156	2007	1	3	5	75	85	25	35	25	35	0	1	NA	NA	9	85.5	43.75	57.75	1
1157	2007	1	3	5	75	85	25	35	55	65	0	1	NA	NA	11	89.5	66.25	77.25	1
1158	2007	1	1	3	45	55	25	35	35	45	0	1	NA	NA	11	53	51.25	64.25	1
1159	2007	1	1	3	85	95	15	25	75	85	0	1	NA	NA	18	97	78.75	88.75	1
1160	2007	1	0	1	85	95	15	25	65	75	0	1	NA	NA	22	83.5	70.25	81.25	1
1161	2007	1	1	3	85	95	35	45	35	45	0	1	NA	NA	9	94	57.75	69.75	1
1162	2007	1	1	3	35	45	25	35	55	65	0	1	NA	NA	20	42	66.25	77.25	1
1163	2007	1	1	3	15	25	25	35	75	85	0	1	NA	NA	21	31.5	81.25	90.25	1
1164	2007	1	1	3	15	25	35	45	65	75	0	1	NA	NA	8	16	77.25	86.25	1
1165	2007	1	1	3	45	55	65	75	25	35	0	1	NA	NA	14	50	73.75	83.75	1
1166	2007	1	0	1	55	65	35	45	65	75	5	10	NA	NA	29	51.5	77.25	86.25	1
1167	2007	1	0	1	15	25	55	65	55	65	0	1	NA	NA	22	26	79.75	87.75	1
1168	2007	1	0	1	65	75	10	15	65	75	15	25	NA	NA	36	69.5	68.5	78.75	1
1169	2007	1	1	3	85	95	10	15	55	65	5	10	NA	NA	40	63	59.5	70.25	1
1170	2007	1	0	1	75	85	15	25	75	85	3	5	NA	NA	24	87	78.75	88.75	1
1171	2007	1	1	3	35	45	55	65	35	45	0	1	NA	NA	12	48.5	70.75	80.75	1
1172	2007	1	0	1	1	3	95	100	3	5	85	95	NA	NA	15	9	95.15	100	1
1173	2007	1	1	3	95	100	25	35	5	10	0	1	NA	NA	12	100.5	28.75	41.5	1
1174	2007	1	1	3	25	35	45	55	55	65	15	25	NA	NA	28	42	75.25	84.25	1
1175	2007	1	3	5	55	65	25	35	75	85	1	3	NA	NA	31	61.5	81.25	90.25	1
1177	2007	1	1	3	55	65	65	75	35	45	0	1	NA	NA	7	49.5	77.25	86.25	1
1178	2007	1	1	3	65	75	15	25	75	85	0	1	NA	NA	25	60	78.75	88.75	1
1201	2008	1	3	5	65	75	85	95	25	35	NA	NA	NA	NA	29	91.5	88.75	96.75	1
1202	2008	1	5	10	85	95	95	100	5	10	NA	NA	NA	NA	38	95	95.25	100	1
1203	2008	1	5	10	85	95	85	95	85	95	NA	NA	NA	NA	48	109.5	97.75	99.75	1
1204	2008	1	3	5	95	100	75	85	55	65	NA	NA	NA	NA	26	119	88.75	94.75	1
1205	2008	1	0	1	85	95	35	45	65	75	NA	NA	NA	NA	39	92	77.25	86.25	1
1206	2008	1	1	3	75	85	55	65	35	45	NA	NA	NA	NA	33	101.5	70.75	80.75	1
1207	2008	1	45	55	95	100	75	85	65	75	NA	NA	NA	NA	36	99.5	91.25	96.25	1
1208	2008	1	1	3	85	95	15	25	75	85	NA	NA	NA	NA	35	100.5	78.75	88.75	1
1209	2008	1	0	1	95	100	3	5	85	95	NA	NA	NA	NA	36	146.5	85.45	95.25	1
1210	2008	1	1	3	95	100	75	85	55	65	NA	NA	NA	NA	22	139.5	88.75	94.75	1
1211	2008	1	3	5	3	5	5	10	95	100	NA	NA	NA	NA	25	15.5	95.25	100	1
1212	2008	1	1	3	95	100	85	95	45	55	NA	NA	NA	NA	22	161	91.75	97.75	1
1213	2008	1	3	5	85	95	35	45	75	85	NA	NA	NA	NA	43	133.5	83.75	91.75	1
1214	2008	1	10	15	85	95	75	85	25	35	NA	NA	NA	NA	45	78.5	81.25	90.25	1
1215	2008	1	1	3	85	95	85	95	15	25	NA	NA	NA	NA	45	99.5	87.25	96.25	1
1216	2008	1	10	15	75	85	65	75	55	65	NA	NA	NA	NA	37	96.5	84.25	91.25	1
1217	2008	1	1	3	85	95	85	95	35	45	NA	NA	NA	NA	41	108.5	90.25	97.25	1
1218	2008	1	35	45	75	85	85	95	0	1	0	1	NA	NA	36	79.5	85	95.05	1
1219	2008	1	1	3	75	85	85	95	25	35	NA	NA	NA	NA	37	92	88.75	96.75	1
1220	2008	1	1	3	85	95	85	95	35	45	NA	NA	NA	NA	29	90	90.25	97.25	1
1221	2008	1	0	1	95	100	5	10	85	95	NA	NA	NA	NA	28	143	85.75	95.5	1
1222	2008	1	0	1	95	100	45	55	45	55	NA	NA	NA	NA	15	217.5	69.75	79.75	1
1223	2008	1	1	3	95	100	75	85	65	75	NA	NA	NA	NA	28	136	91.25	96.25	1
1224	2008	1	1	3	75	85	85	95	55	65	NA	NA	NA	NA	22	111	93.25	98.25	1
1225	2008	1	3	5	85	95	85	95	45	55	NA	NA	NA	NA	24	133	91.75	97.75	1
1226	2008	1	1	3	95	100	5	10	25	35	NA	NA	NA	NA	33	156	28.75	41.5	1
1227	2008	1	1	3	65	75	65	75	65	75	NA	NA	NA	NA	31	82.5	87.75	93.75	1
1228	2008	1	1	3	35	45	15	25	85	95	NA	NA	NA	NA	22	75	87.25	96.25	1
1229	2008	1	0	1	55	65	35	45	75	85	NA	NA	NA	NA	19	58.5	83.75	91.75	1
1230	2008	1	1	3	45	55	45	55	75	85	NA	NA	NA	NA	35	74	86.25	93.25	1
1231	2008	1	3	5	45	55	55	65	25	35	NA	NA	NA	NA	49	78	66.25	77.25	1
1232	2008	1	1	3	35	45	10	15	75	85	15	25	NA	NA	41	57.5	77.5	87.25	1
1233	2008	1	0	1	75	85	45	55	5	10	0	1	NA	NA	38	64	47.75	59.5	1
1234	2008	1	5	10	65	75	85	95	10	15	15	25	NA	NA	41	105.5	86.5	95.75	1
1235	2008	1	1	3	95	100	95	100	55	65	NA	NA	NA	NA	28	129.5	97.75	100	1
1236	2008	1	1	3	55	65	1	3	85	95	NA	NA	NA	NA	24	104	85.15	95.15	1
1237	2008	1	0	1	85	95	85	95	55	65	15	25	NA	NA	39	110.5	93.25	98.25	1
1238	2008	1	1	3	15	25	95	100	55	65	NA	NA	NA	NA	28	25.5	97.75	100	1
1239	2008	1	25	35	95	100	45	55	75	85	NA	NA	NA	NA	46	92	86.25	93.25	1
1240	2008	1	3	5	55	65	95	100	45	55	NA	NA	NA	NA	30	54	97.25	100	1
1241	2008	1	15	25	85	95	25	35	85	95	NA	NA	NA	NA	38	101.5	88.75	96.75	1
1242	2008	1	0	1	75	85	85	95	55	65	NA	NA	NA	NA	26	83.5	93.25	98.25	1
1243	2008	1	0	1	95	100	85	95	3	5	NA	NA	NA	NA	21	260.5	85.45	95.25	1
1244	2008	1	15	25	35	45	95	100	35	45	NA	NA	NA	NA	28	39.5	96.75	100	1
1245	2008	1	0	1	35	45	65	75	65	75	NA	NA	NA	NA	31	33.5	87.75	93.75	1
1246	2008	1	3	5	45	55	75	85	65	75	NA	NA	NA	NA	38	76.5	91.25	96.25	1
1201	2009	1	NA	NA	NA	NA	NA	NA	NA	NA	NA	NA	NA	NA	2	92	NA	NA	1
1202	2009	1	NA	NA	NA	NA	NA	NA	NA	NA	NA	NA	NA	NA	4	73	NA	NA	1
1203	2009	1	NA	NA	NA	NA	NA	NA	NA	NA	NA	NA	NA	NA	2	40.5	NA	NA	1
1204	2009	1	NA	NA	NA	NA	NA	NA	NA	NA	NA	NA	NA	NA	2	37.5	NA	NA	1
1205	2009	1	NA	NA	NA	NA	NA	NA	NA	NA	NA	NA	NA	NA	2	8	NA	NA	1
1206	2009	1	NA	NA	NA	NA	NA	NA	NA	NA	NA	NA	NA	NA	3	3	NA	NA	1
1207	2009	1	NA	NA	NA	NA	NA	NA	NA	NA	NA	NA	NA	NA	3	78	NA	NA	1
1210	2009	1	NA	NA	NA	NA	NA	NA	NA	NA	NA	NA	NA	NA	3	87.5	NA	NA	1
1211	2009	1	NA	NA	NA	NA	NA	NA	NA	NA	NA	NA	NA	NA	1	4	NA	NA	1
1212	2009	1	NA	NA	NA	NA	NA	NA	NA	NA	NA	NA	NA	NA	3	81	NA	NA	1
1213	2009	1	NA	NA	NA	NA	NA	NA	NA	NA	NA	NA	NA	NA	3	52	NA	NA	1
1214	2009	1	NA	NA	NA	NA	NA	NA	NA	NA	NA	NA	NA	NA	2	90	NA	NA	1
1215	2009	1	NA	NA	NA	NA	NA	NA	NA	NA	NA	NA	NA	NA	4	102.5	NA	NA	1
1216	2009	1	NA	NA	NA	NA	NA	NA	NA	NA	NA	NA	NA	NA	3	52.5	NA	NA	1
1218	2009	1	NA	NA	NA	NA	NA	NA	NA	NA	NA	NA	NA	NA	3	76	NA	NA	1
1219	2009	1	NA	NA	NA	NA	NA	NA	NA	NA	NA	NA	NA	NA	2	42	NA	NA	1
1220	2009	1	NA	NA	NA	NA	NA	NA	NA	NA	NA	NA	NA	NA	3	32.5	NA	NA	1
1223	2009	1	NA	NA	NA	NA	NA	NA	NA	NA	NA	NA	NA	NA	1	2	NA	NA	1
1238	2009	1	NA	NA	NA	NA	NA	NA	NA	NA	NA	NA	NA	NA	2	84	NA	NA	1
1239	2009	1	NA	NA	NA	NA	NA	NA	NA	NA	NA	NA	NA	NA	3	110.5	NA	NA	1
1240	2009	1	NA	NA	NA	NA	NA	NA	NA	NA	NA	NA	NA	NA	3	50.5	NA	NA	1
1242	2009	1	NA	NA	NA	NA	NA	NA	NA	NA	NA	NA	NA	NA	2	2.5	NA	NA	1
1244	2009	1	NA	NA	NA	NA	NA	NA	NA	NA	NA	NA	NA	NA	3	31	NA	NA	1
1245	2009	1	NA	NA	NA	NA	NA	NA	NA	NA	NA	NA	NA	NA	2	2.5	NA	NA	1
1122	2010	1	0	1	95	100	0	1	85	95	NA	NA	NA	NA	22	112.5	85	95.05	1
101	2013	2	0	1	45	55	25	35	85	95	NA	NA	NA	NA	22	44.5	88.75	96.75	1
102	2013	2	1	3	35	45	5	10	85	95	NA	NA	NA	NA	23	33	85.75	95.5	1
103	2013	2	0	1	75	85	35	45	65	75	NA	NA	NA	NA	21	90	77.25	86.25	1
104	2013	2	0	1	55	65	45	55	85	95	NA	NA	NA	NA	28	53	91.75	97.75	1
105	2013	2	0	1	75	85	35	45	65	75	NA	NA	NA	NA	25	104	77.25	86.25	1
106	2013	2	0	1	45	55	25	35	85	95	NA	NA	NA	NA	23	50.5	88.75	96.75	1
107	2013	2	0	1	15	25	35	45	85	95	NA	NA	NA	NA	25	27	90.25	97.25	1
108	2013	2	0	1	45	55	35	45	65	75	NA	NA	NA	NA	20	29.5	77.25	86.25	1
109	2013	2	0	1	35	45	10	15	85	95	NA	NA	NA	NA	19	53	86.5	95.75	1
110	2013	2	0	1	85	95	15	25	85	95	NA	NA	NA	NA	22	109.5	87.25	96.25	1
111	2013	2	0	1	5	10	3	5	95	100	NA	NA	NA	NA	9	9.5	95.15	100	1
112	2013	2	0	1	35	45	35	45	95	100	NA	NA	NA	NA	24	48	96.75	100	1
113	2013	2	1	3	25	35	25	35	85	95	NA	NA	NA	NA	21	41	88.75	96.75	1
114	2013	2	1	3	35	45	10	15	85	95	NA	NA	NA	NA	23	52.5	86.5	95.75	1
115	2013	2	1	3	85	95	1	3	85	95	NA	NA	NA	NA	17	176	85.15	95.15	1
116	2013	2	0	1	15	25	65	75	75	85	NA	NA	NA	NA	20	22.5	91.25	96.25	1
117	2013	2	0	1	45	55	25	35	85	95	NA	NA	NA	NA	20	38.5	88.75	96.75	1
118	2013	2	0	1	55	65	25	35	85	95	NA	NA	NA	NA	19	53	88.75	96.75	1
119	2013	2	0	1	75	85	25	35	85	95	NA	NA	NA	NA	20	174	88.75	96.75	1
120	2013	2	0	1	65	75	15	25	55	65	NA	NA	NA	NA	21	70	61.75	73.75	1
121	2013	2	0	1	5	10	5	10	85	95	NA	NA	NA	NA	10	8	85.75	95.5	1
122	2013	2	1	3	10	15	10	15	95	100	NA	NA	NA	NA	17	14.5	95.5	100	1
123	2013	2	0	1	55	65	15	25	85	95	NA	NA	NA	NA	15	59.5	87.25	96.25	1
124	2013	2	0	1	65	75	25	35	65	75	NA	NA	NA	NA	16	72.5	73.75	83.75	1
125	2013	2	0	1	5	10	15	25	65	75	NA	NA	NA	NA	17	16	70.25	81.25	1
126	2013	2	0	1	1	3	1	3	95	100	NA	NA	NA	NA	4	2	95.05	100	1
127	2013	2	0	1	15	25	55	65	85	95	NA	NA	NA	NA	14	15	93.25	98.25	1
128	2013	2	0	1	55	65	25	35	75	85	NA	NA	NA	NA	22	57.5	81.25	90.25	1
129	2013	2	0	1	10	15	3	5	95	100	NA	NA	NA	NA	14	25.5	95.15	100	1
130	2013	2	0	1	0	1	1	3	95	100	NA	NA	NA	NA	2	1	95.05	100	1
131	2013	2	0	1	25	35	45	55	85	95	NA	NA	NA	NA	18	40	91.75	97.75	1
132	2013	2	0	1	55	65	15	25	95	100	NA	NA	NA	NA	21	53.5	95.75	100	1
133	2013	2	0	1	1	3	10	15	95	100	NA	NA	NA	NA	14	8.5	95.5	100	1
134	2013	2	0	1	10	15	45	55	85	95	NA	NA	NA	NA	14	19	91.75	97.75	1
135	2013	2	0	1	0	1	0	1	95	100	NA	NA	NA	NA	7	3.5	95	100	1
136	2013	2	0	1	65	75	15	25	75	85	NA	NA	NA	NA	16	56.5	78.75	88.75	1
137	2013	2	0	1	25	35	55	65	85	95	NA	NA	NA	NA	19	29.5	93.25	98.25	1
138	2013	2	0	1	55	65	15	25	75	85	NA	NA	NA	NA	19	45	78.75	88.75	1
139	2013	2	0	1	35	45	15	25	85	95	NA	NA	NA	NA	21	39	87.25	96.25	1
140	2013	2	0	1	65	75	55	65	75	85	NA	NA	NA	NA	20	118	88.75	94.75	1
141	2013	2	0	1	1	3	15	25	85	95	NA	NA	NA	NA	13	9.5	87.25	96.25	1
142	2013	2	0	1	25	35	25	35	85	95	NA	NA	NA	NA	14	29.5	88.75	96.75	1
143	2013	2	1	3	1	3	1	3	95	100	NA	NA	NA	NA	15	10.5	95.05	100	1
144	2013	2	0	1	35	45	35	45	85	95	NA	NA	NA	NA	20	47.5	90.25	97.25	1
145	2013	2	0	1	15	25	25	35	85	95	NA	NA	NA	NA	18	41.5	88.75	96.75	1
146	2013	2	0	1	55	65	15	25	65	75	NA	NA	NA	NA	21	55.5	70.25	81.25	1
147	2013	2	0	1	25	35	25	35	85	95	NA	NA	NA	NA	19	24.5	88.75	96.75	1
148	2013	2	0	1	5	10	0	1	95	100	NA	NA	NA	NA	5	11	95	100	1
401	2013	2	0	1	5	10	10	15	95	100	0	1	NA	NA	9	11.5	95.5	100	1
402	2013	2	0	1	10	15	0	1	95	100	0	1	NA	NA	15	19.5	95	100	1
403	2013	2	0	1	1	3	0	1	95	100	0	1	NA	NA	6	4.5	95	100	1
404	2013	2	0	1	1	3	3	5	95	100	0	1	NA	NA	8	5.5	95.15	100	1
405	2013	2	0	1	25	35	0	1	95	100	0	1	NA	NA	15	33.5	95	100	1
406	2013	2	0	1	3	5	15	25	95	100	0	1	NA	NA	10	9.5	95.75	100	1
407	2013	2	0	1	45	55	0	1	95	100	0	1	NA	NA	10	51	95	100	1
408	2013	2	0	1	15	25	15	25	85	95	0	1	NA	NA	8	16	87.25	96.25	1
409	2013	2	0	1	1	3	1	3	95	100	0	1	NA	NA	7	5	95.05	100	1
410	2013	2	0	1	0	1	0	1	95	100	0	1	NA	NA	8	4	95	100	1
411	2013	2	0	1	75	85	0	1	85	95	0	1	NA	NA	14	134	85	95.05	1
412	2013	2	0	1	75	85	3	5	95	100	0	1	NA	NA	15	91.5	95.15	100	1
413	2013	2	1	3	15	25	1	3	95	100	0	1	NA	NA	22	22.5	95.05	100	1
414	2013	2	0	1	65	75	3	5	65	75	0	1	NA	NA	17	67	66.05	76.25	1
415	2013	2	0	1	15	25	15	25	95	100	0	1	NA	NA	15	22.5	95.75	100	1
416	2013	2	0	1	65	75	5	10	75	85	0	1	NA	NA	14	71	76.25	86.5	1
417	2013	2	0	1	35	45	0	1	95	100	0	1	NA	NA	13	36	95	100	1
418	2013	2	1	3	55	65	3	5	85	95	0	1	NA	NA	19	75.5	85.45	95.25	1
419	2013	2	0	1	5	10	45	55	55	65	10	15	NA	NA	16	16.5	75.25	84.25	1
420	2013	2	0	1	5	10	0	1	95	100	0	1	NA	NA	12	13.5	95	100	1
421	2013	2	0	1	45	55	3	5	85	95	0	1	NA	NA	7	59.5	85.45	95.25	1
422	2013	2	0	1	45	55	5	10	75	85	0	1	NA	NA	15	65.5	76.25	86.5	1
423	2013	2	0	1	55	65	15	25	85	95	0	1	NA	NA	19	67.5	87.25	96.25	1
425	2013	2	0	1	85	95	1	3	65	75	0	1	NA	NA	4	94.5	65.35	75.75	1
427	2013	2	1	3	35	45	10	15	95	100	0	1	NA	NA	7	41.5	95.5	100	1
428	2013	2	0	1	15	25	25	35	85	95	0	1	NA	NA	14	18.5	88.75	96.75	1
429	2013	2	0	1	35	45	15	25	65	75	0	1	NA	NA	6	31	70.25	81.25	1
430	2013	2	0	1	35	45	15	25	85	95	0	1	NA	NA	10	38	87.25	96.25	1
431	2013	2	0	1	15	25	3	5	95	100	0	1	NA	NA	13	18.5	95.15	100	1
432	2013	2	0	1	10	15	10	15	75	85	0	1	NA	NA	11	12	77.5	87.25	1
433	2013	2	1	3	85	95	15	25	55	65	0	1	NA	NA	5	103	61.75	73.75	1
434	2013	2	0	1	85	95	1	3	75	85	0	1	NA	NA	3	110	75.25	85.45	1
435	2013	2	1	3	35	45	1	3	95	100	0	1	NA	NA	9	46	95.05	100	1
436	2013	2	0	1	75	85	15	25	55	65	0	1	NA	NA	3	70	61.75	73.75	1
437	2013	2	0	1	75	85	10	15	65	75	0	1	NA	NA	3	72	68.5	78.75	1
438	2013	2	0	1	15	25	5	10	75	85	0	1	NA	NA	6	20	76.25	86.5	1
439	2013	2	0	1	25	35	0	1	95	100	0	1	NA	NA	8	16	95	100	1
440	2013	2	0	1	15	25	0	1	85	95	0	1	NA	NA	4	23	85	95.05	1
441	2013	2	0	1	45	55	3	5	85	95	0	1	NA	NA	5	47	85.45	95.25	1
442	2013	2	0	1	65	75	15	25	85	95	0	1	NA	NA	6	70.5	87.25	96.25	1
443	2013	2	0	1	15	25	3	5	95	100	0	1	NA	NA	12	18	95.15	100	1
444	2013	2	0	1	55	65	15	25	85	95	0	1	NA	NA	8	55.5	87.25	96.25	1
445	2013	2	0	1	5	10	5	10	95	100	0	1	NA	NA	18	18.5	95.25	100	1
446	2013	2	1	3	65	75	25	35	75	85	0	1	NA	NA	17	77.5	81.25	90.25	1
447	2013	2	3	5	75	85	15	25	55	65	0	1	NA	NA	25	110.5	61.75	73.75	1
448	2013	2	0	1	3	5	5	10	95	100	0	1	NA	NA	10	9.5	95.25	100	1
449	2013	2	0	1	5	10	3	5	95	100	0	1	NA	NA	11	17.5	95.15	100	1
450	2013	2	0	1	45	55	5	10	75	85	0	1	NA	NA	11	52	76.25	86.5	1
451	2013	2	0	1	65	75	10	15	85	95	0	1	NA	NA	9	73.5	86.5	95.75	1
452	2013	2	1	3	45	55	5	10	85	95	0	1	NA	NA	9	57	85.75	95.5	1
453	2013	2	0	1	95	100	0	1	65	75	0	1	NA	NA	3	120	65	75.25	1
454	2013	2	1	3	65	75	5	10	95	100	0	1	NA	NA	16	77.5	95.25	100	1
455	2013	2	0	1	0	1	0	1	95	100	0	1	NA	NA	3	1.5	95	100	1
456	2013	2	0	1	10	15	0	1	95	100	0	1	NA	NA	6	15	95	100	1
457	2013	2	0	1	1	3	0	1	95	100	0	1	NA	NA	5	4	95	100	1
458	2013	2	0	1	15	25	1	3	75	85	0	1	NA	NA	7	27.5	75.25	85.45	1
459	2013	2	0	1	55	65	0	1	85	95	0	1	NA	NA	3	62.5	85	95.05	1
460	2013	2	0	1	35	45	1	3	95	100	0	1	NA	NA	5	42	95.05	100	1
461	2013	2	0	1	45	55	3	5	85	95	0	1	NA	NA	4	53	85.45	95.25	1
462	2013	2	0	1	1	3	0	1	95	100	0	1	NA	NA	4	3.5	95	100	1
463	2013	2	0	1	10	15	0	1	95	100	0	1	NA	NA	2	13	95	100	1
464	2013	2	0	1	85	95	1	3	55	65	0	1	NA	NA	5	93.5	55.45	66.05	1
465	2013	2	0	1	3	5	0	1	95	100	0	1	NA	NA	3	5	95	100	1
466	2013	2	0	1	65	75	0	1	85	95	0	1	NA	NA	5	77	85	95.05	1
467	2013	2	0	1	1	3	1	3	95	100	0	1	NA	NA	7	5	95.05	100	1
468	2013	2	0	1	65	75	3	5	55	65	0	1	NA	NA	4	98	56.35	66.75	1
469	2013	2	0	1	75	85	5	10	65	75	0	1	NA	NA	5	103	66.75	77.5	1
470	2013	2	1	3	65	75	15	25	65	75	0	1	NA	NA	7	95.5	70.25	81.25	1
471	2013	2	0	1	45	55	1	3	75	85	0	1	NA	NA	9	45	75.25	85.45	1
472	2013	2	0	1	3	5	0	1	85	95	0	1	NA	NA	5	4	85	95.05	1
473	2013	2	0	1	10	15	0	1	95	100	0	1	NA	NA	14	15.5	95	100	1
474	2013	2	0	1	45	55	0	1	95	100	0	1	NA	NA	4	53	95	100	1
475	2013	2	1	3	65	75	0	1	25	35	0	1	NA	NA	3	80.5	25	35.65	1
476	2013	2	0	1	15	25	15	25	85	95	0	1	NA	NA	15	17	87.25	96.25	1
477	2013	2	0	1	15	25	3	5	95	100	0	1	NA	NA	4	21.5	95.15	100	1
478	2013	2	0	1	95	100	25	35	55	65	0	1	NA	NA	5	105	66.25	77.25	1
479	2013	2	0	1	25	35	15	25	95	100	0	1	NA	NA	8	29.5	95.75	100	1
480	2013	2	0	1	10	15	5	10	95	100	0	1	NA	NA	12	12	95.25	100	1
481	2013	2	0	1	55	65	1	3	95	100	0	1	NA	NA	10	57.5	95.05	100	1
483	2013	2	0	1	45	55	3	5	95	100	0	1	NA	NA	10	59	95.15	100	1
484	2013	2	0	1	45	55	15	25	65	75	0	1	NA	NA	5	41	70.25	81.25	1
485	2013	2	0	1	5	10	1	3	95	100	0	1	NA	NA	8	11	95.05	100	1
486	2013	2	1	3	45	55	5	10	85	95	0	1	NA	NA	17	43.5	85.75	95.5	1
487	2013	2	0	1	65	75	3	5	65	75	0	1	NA	NA	5	73	66.05	76.25	1
488	2013	2	0	1	65	75	5	10	55	65	0	1	NA	NA	8	77	57.25	68.5	1
489	2013	2	0	1	35	45	1	3	95	100	0	1	NA	NA	12	36.5	95.05	100	1
490	2013	2	1	3	15	25	15	25	95	100	0	1	NA	NA	12	17.5	95.75	100	1
491	2013	2	3	5	65	75	15	25	85	95	0	1	NA	NA	21	78.5	87.25	96.25	1
492	2013	2	1	3	35	45	5	10	95	100	0	1	NA	NA	16	43	95.25	100	1
493	2013	2	3	5	65	75	25	35	85	95	0	1	NA	NA	19	72.5	88.75	96.75	1
494	2013	2	0	1	35	45	5	10	95	100	0	1	NA	NA	7	44.5	95.25	100	1
495	2013	2	0	1	35	45	10	15	95	100	0	1	NA	NA	15	44.5	95.5	100	1
496	2013	2	0	1	15	25	15	25	95	100	0	1	NA	NA	14	31	95.75	100	1
497	2013	2	0	1	5	10	1	3	95	100	0	1	NA	NA	10	13.5	95.05	100	1
498	2013	2	0	1	65	75	10	15	65	75	0	1	NA	NA	6	55.5	68.5	78.75	1
499	2013	2	1	3	10	15	5	10	95	100	3	5	NA	NA	11	17.5	95.25	100	1
500	2013	2	1	3	65	75	1	3	95	100	0	1	NA	NA	28	63	95.05	100	1
501	2013	2	0	1	25	35	0	1	95	100	0	1	NA	NA	13	35.5	95	100	1
502	2013	2	0	1	75	85	25	35	75	85	0	1	NA	NA	5	80	81.25	90.25	1
503	2013	2	0	1	65	75	5	10	85	95	0	1	NA	NA	9	88.5	85.75	95.5	1
504	2013	2	1	3	35	45	10	15	95	100	0	1	NA	NA	15	26.5	95.5	100	1
505	2013	2	3	5	75	85	10	15	85	95	0	1	NA	NA	20	82	86.5	95.75	1
506	2013	2	0	1	75	85	15	25	85	95	0	1	NA	NA	13	104	87.25	96.25	1
507	2013	2	1	3	45	55	35	45	85	95	0	1	NA	NA	34	56.5	90.25	97.25	1
508	2013	2	3	5	65	75	45	55	95	100	0	1	NA	NA	31	63.5	97.25	100	1
509	2013	2	1	3	45	55	5	10	95	100	0	1	NA	NA	11	55	95.25	100	1
510	2013	2	0	1	35	45	10	15	85	95	0	1	NA	NA	5	43.5	86.5	95.75	1
511	2013	2	0	1	3	5	3	5	85	95	0	1	NA	NA	6	6	85.45	95.25	1
512	2013	2	3	5	25	35	5	10	95	100	0	1	NA	NA	12	26	95.25	100	1
513	2013	2	0	1	35	45	10	15	75	85	0	1	NA	NA	6	39.5	77.5	87.25	1
514	2013	2	3	5	65	75	3	5	95	100	0	1	NA	NA	13	77	95.15	100	1
515	2013	2	0	1	45	55	5	10	95	100	0	1	NA	NA	9	50.5	95.25	100	1
516	2013	2	0	1	5	10	3	5	95	100	0	1	NA	NA	10	13.5	95.15	100	1
517	2013	2	1	3	65	75	15	25	95	100	0	1	NA	NA	16	67	95.75	100	1
518	2013	2	0	1	35	45	15	25	85	95	0	1	NA	NA	16	42	87.25	96.25	1
519	2013	2	1	3	25	35	15	25	95	100	0	1	NA	NA	13	32	95.75	100	1
520	2013	2	1	3	65	75	1	3	85	95	0	1	NA	NA	17	77	85.15	95.15	1
521	2013	2	3	5	45	55	25	35	75	85	0	1	NA	NA	21	54.5	81.25	90.25	1
522	2013	2	1	3	35	45	5	10	95	100	0	1	NA	NA	16	40.5	95.25	100	1
523	2013	2	3	5	55	65	10	15	55	65	0	1	NA	NA	15	89.5	59.5	70.25	1
701	2014	2	1	3	15	25	95	100	3	5	NA	NA	NA	NA	14	18.5	95.15	100	1
702	2014	2	1	3	25	35	75	85	45	55	NA	NA	NA	NA	26	40	86.25	93.25	1
703	2014	2	15	25	10	15	0	1	85	95	NA	NA	1	3	11	15.5	85	95.05	1
704	2014	2	1	3	1	3	25	35	65	75	NA	NA	1	3	9	6	73.75	83.75	1
705	2014	2	0	1	5	10	25	35	85	95	NA	NA	NA	NA	9	13	88.75	96.75	1
706	2014	2	1	3	65	75	15	25	45	55	NA	NA	NA	NA	6	79	53.25	66.25	1
707	2014	2	15	25	35	45	0	1	85	95	NA	NA	1	3	11	46	85	95.05	1
708	2014	2	0	1	65	75	55	65	15	25	NA	NA	NA	NA	26	58	61.75	73.75	1
709	2014	2	1	3	3	5	85	95	25	35	NA	NA	1	3	10	15	88.75	96.75	1
710	2014	2	3	5	3	5	3	5	75	85	NA	NA	1	3	9	9.5	75.75	85.75	1
711	2014	2	0	1	35	45	45	55	55	65	NA	NA	0	1	25	41	75.25	84.25	1
712	2014	2	5	10	45	55	55	65	45	55	NA	NA	NA	NA	25	53	75.25	84.25	1
713	2014	2	15	25	3	5	75	85	75	85	NA	NA	NA	NA	14	10	93.75	97.75	1
714	2014	2	1	3	25	35	15	25	75	85	NA	NA	NA	NA	14	38	78.75	88.75	1
715	2014	2	1	3	35	45	45	55	65	75	NA	NA	NA	NA	14	39.5	80.75	88.75	1
716	2014	2	3	5	5	10	65	75	85	95	NA	NA	NA	NA	21	15	94.75	98.75	1
717	2014	2	3	5	35	45	15	25	75	85	NA	NA	NA	NA	20	48	78.75	88.75	1
718	2014	2	1	3	25	35	95	100	75	85	25	35	NA	NA	23	51	98.75	100	1
719	2014	2	1	3	25	35	15	25	55	65	NA	NA	NA	NA	10	30.5	61.75	73.75	1
720	2014	2	5	10	5	10	10	15	85	95	NA	NA	1	3	12	11	86.5	95.75	1
721	2014	2	1	3	3	5	10	15	85	95	0	1	1	3	11	8.5	86.5	95.75	1
722	2014	2	0	1	85	95	15	25	85	95	NA	NA	0	1	18	98.5	87.25	96.25	1
723	2014	2	1	3	15	25	3	5	75	85	NA	NA	NA	NA	9	21	75.75	85.75	1
724	2014	2	0	1	55	65	45	55	85	95	NA	NA	0	1	15	104	91.75	97.75	1
725	2014	2	1	3	75	85	10	15	85	95	NA	NA	0	1	21	67	86.5	95.75	1
726	2014	2	1	3	65	75	55	65	55	65	NA	NA	0	1	17	71.5	79.75	87.75	1
727	2014	2	1	3	5	10	15	25	85	95	NA	NA	NA	NA	13	12.5	87.25	96.25	1
728	2014	2	1	3	45	55	3	5	75	85	NA	NA	NA	NA	17	37.5	75.75	85.75	1
729	2014	2	0	1	45	55	55	65	55	65	5	10	NA	NA	20	52	79.75	87.75	1
730	2014	2	0	1	45	55	55	65	15	25	45	55	0	1	35	60.5	61.75	73.75	1
731	2014	2	0	1	10	15	3	5	85	95	NA	NA	3	5	9	14	85.45	95.25	1
732	2014	2	0	1	25	35	0	1	95	100	NA	NA	NA	NA	8	30.5	95	100	1
733	2014	2	0	1	10	15	5	10	85	95	35	45	3	5	14	17	85.75	95.5	1
734	2014	2	0	1	5	10	10	15	85	95	NA	NA	NA	NA	17	15	86.5	95.75	1
735	2014	2	1	3	5	10	15	25	85	95	35	45	0	1	23	18	87.25	96.25	1
736	2014	2	0	1	25	35	5	10	85	95	0	1	0	1	11	36.5	85.75	95.5	1
737	2014	2	5	10	35	45	10	15	85	95	25	35	NA	NA	21	29	86.5	95.75	1
738	2014	2	0	1	15	25	55	65	65	75	NA	NA	NA	NA	10	14.5	84.25	91.25	1
739	2014	2	10	15	15	25	95	100	10	15	0	1	NA	NA	17	17.5	95.5	100	1
740	2014	2	3	5	45	55	65	75	35	45	NA	NA	1	3	15	47.5	77.25	86.25	1
741	2014	2	0	1	65	75	45	55	15	25	NA	NA	NA	NA	15	73.5	53.25	66.25	1
742	2014	2	1	3	75	85	35	45	95	100	NA	NA	0	1	22	82	96.75	100	1
743	2014	2	1	3	85	95	10	15	10	15	NA	NA	NA	NA	20	85.5	19	27.75	1
744	2014	2	0	1	85	95	0	1	45	55	NA	NA	NA	NA	28	78.5	45	55.45	1
745	2014	2	1	3	35	45	95	100	3	5	NA	NA	NA	NA	35	44.5	95.15	100	1
746	2014	2	1	3	15	25	15	25	85	95	NA	NA	NA	NA	11	17.5	87.25	96.25	1
747	2014	2	1	3	15	25	35	45	75	85	5	10	1	3	12	23	83.75	91.75	1
748	2014	2	15	25	15	25	35	45	75	85	3	5	NA	NA	5	24.5	83.75	91.75	1
749	2014	2	1	3	10	15	75	85	45	55	15	25	NA	NA	24	23.5	86.25	93.25	1
750	2014	2	0	1	15	25	25	35	85	95	35	45	0	1	15	21	88.75	96.75	1
751	2014	2	0	1	1	3	15	25	95	100	NA	NA	0	1	11	5.5	95.75	100	1
752	2014	2	5	10	10	15	45	55	65	75	25	35	NA	NA	12	12.5	80.75	88.75	1
753	2014	2	NA	NA	15	25	0	1	75	85	NA	NA	5	10	12	22.5	75	85.15	1
754	2014	2	1	3	45	55	55	65	45	55	NA	NA	NA	NA	13	49.5	75.25	84.25	1
755	2014	2	1	3	NA	NA	65	75	45	55	10	15	0	1	33	47	80.75	88.75	1
756	2014	2	0	1	85	95	5	10	95	100	NA	NA	1	3	21	73.5	95.25	100	1
757	2014	2	5	10	65	75	15	25	95	100	NA	NA	NA	NA	26	59	95.75	100	1
758	2014	2	0	1	75	85	25	35	65	75	NA	NA	NA	NA	29	63.5	73.75	83.75	1
759	2014	2	15	25	25	35	5	10	85	95	NA	NA	3	5	9	28	85.75	95.5	1
760	2014	2	1	3	25	35	10	15	85	95	NA	NA	1	3	8	24.5	86.5	95.75	1
761	2014	2	1	3	55	65	35	45	55	65	15	25	0	1	19	45.5	70.75	80.75	1
762	2014	2	3	5	55	65	10	15	95	100	0	1	NA	NA	18	59.5	95.5	100	1
763	2014	2	15	25	25	35	15	25	65	75	10	15	NA	NA	18	42	70.25	81.25	1
764	2014	2	5	10	55	65	15	25	55	65	NA	NA	0	1	33	50.5	61.75	73.75	1
765	2014	2	3	5	45	55	25	35	45	55	35	45	NA	NA	38	52	58.75	70.75	1
766	2014	2	15	25	95	100	25	35	75	85	1	3	NA	NA	35	90	81.25	90.25	1
767	2014	2	5	10	55	65	45	55	65	75	25	35	NA	NA	31	63	80.75	88.75	1
768	2014	2	NA	NA	NA	NA	NA	NA	NA	NA	25	35	NA	NA	26	67	NA	NA	1
801	2014	2	0	1	85	95	0	1	95	100	NA	NA	NA	NA	14	150	95	100	1
802	2014	2	0	1	85	95	0	1	95	100	NA	NA	NA	NA	14	150	95	100	1
803	2014	2	0	1	75	85	15	25	95	100	NA	NA	NA	NA	19	91	95.75	100	1
804	2014	2	0	1	65	75	3	5	95	100	NA	NA	NA	NA	15	83	95.15	100	1
805	2014	2	0	1	95	100	15	25	85	95	NA	NA	NA	NA	13	115	87.25	96.25	1
806	2014	2	0	1	65	75	5	10	95	100	NA	NA	NA	NA	16	69.5	95.25	100	1
807	2014	2	0	1	85	95	25	35	95	100	NA	NA	NA	NA	16	121	96.25	100	1
808	2014	2	0	1	95	100	25	35	85	95	NA	NA	NA	NA	9	104.5	88.75	96.75	1
809	2014	2	0	1	85	95	55	65	85	95	NA	NA	NA	NA	13	122.5	93.25	98.25	1
810	2014	2	0	1	75	85	5	10	95	100	NA	NA	NA	NA	16	100	95.25	100	1
811	2014	2	0	1	95	100	25	35	65	75	NA	NA	NA	NA	16	127	73.75	83.75	1
812	2014	2	0	1	85	95	45	55	75	85	NA	NA	NA	NA	13	108.5	86.25	93.25	1
813	2014	2	0	1	75	85	25	35	85	95	NA	NA	1	3	13	89.5	88.75	96.75	1
814	2014	2	0	1	95	100	15	25	75	85	NA	NA	NA	NA	16	137	78.75	88.75	1
815	2014	2	0	1	75	85	35	45	85	95	NA	NA	1	3	17	102	90.25	97.25	1
816	2014	2	0	1	65	75	45	55	85	95	NA	NA	NA	NA	18	73	91.75	97.75	1
817	2014	2	0	1	85	95	15	25	95	100	NA	NA	1	3	13	108	95.75	100	1
818	2014	2	0	1	95	100	5	10	85	95	NA	NA	NA	NA	15	177.5	85.75	95.5	1
819	2014	2	0	1	55	65	15	25	75	85	NA	NA	NA	NA	18	75.5	78.75	88.75	1
820	2014	2	0	1	85	95	10	15	85	95	NA	NA	NA	NA	18	97.5	86.5	95.75	1
821	2014	2	0	1	75	85	55	65	85	95	NA	NA	NA	NA	18	109	93.25	98.25	1
822	2014	2	0	1	85	95	65	75	75	85	NA	NA	1	3	13	121	91.25	96.25	1
823	2014	2	0	1	5	10	0	1	95	100	NA	NA	NA	NA	5	11	95	100	1
824	2014	2	0	1	65	75	15	25	95	100	NA	NA	NA	NA	14	86.5	95.75	100	1
825	2014	2	0	1	25	35	15	25	65	75	NA	NA	NA	NA	18	43	70.25	81.25	1
826	2014	2	0	1	25	35	0	1	95	100	NA	NA	1	3	10	36	95	100	1
827	2014	2	0	1	65	75	3	5	95	100	NA	NA	NA	NA	11	83	95.15	100	1
828	2014	2	0	1	35	45	0	1	95	100	NA	NA	NA	NA	6	44	95	100	1
829	2014	2	0	1	95	100	25	35	75	85	NA	NA	NA	NA	14	91	81.25	90.25	1
830	2014	2	0	1	75	85	0	1	85	95	NA	NA	NA	NA	6	82.5	85	95.05	1
831	2014	2	0	1	5	10	0	1	95	100	NA	NA	NA	NA	8	12.5	95	100	1
832	2014	2	0	1	15	25	0	1	95	100	NA	NA	NA	NA	9	25.5	95	100	1
833	2014	2	0	1	95	100	35	45	65	75	NA	NA	NA	NA	8	109.5	77.25	86.25	1
841	2015	2	0	1	85	95	3	5	85	95	NA	NA	NA	NA	23	171.5	85.45	95.25	1
842	2015	2	0	1	25	35	15	25	85	95	NA	NA	NA	NA	22	98.5	87.25	96.25	1
843	2015	2	0	1	3	5	1	3	95	100	0	1	NA	NA	13	156.5	95.05	100	1
844	2015	2	0	1	75	85	5	10	95	100	NA	NA	NA	NA	22	160	95.25	100	1
845	2015	2	1	3	85	95	1	3	75	85	NA	NA	NA	NA	20	242.5	75.25	85.45	1
846	2015	2	0	1	10	15	0	1	95	100	0	1	NA	NA	13	163	95	100	1
847	2015	2	0	1	85	95	35	45	75	85	0	1	NA	NA	21	143.5	83.75	91.75	1
848	2015	2	0	1	0	1	1	3	95	100	NA	NA	NA	NA	12	162.5	95.05	100	1
849	2015	2	1	3	85	95	15	25	65	75	0	1	NA	NA	21	232.5	70.25	81.25	1
850	2015	2	0	1	75	85	45	55	95	100	0	1	NA	NA	19	139.5	97.25	100	1
851	2015	2	0	1	85	95	3	5	95	100	NA	NA	NA	NA	27	168	95.15	100	1
852	2015	2	0	1	0	1	0	1	95	100	NA	NA	NA	NA	9	143.5	95	100	1
853	2015	2	0	1	1	3	1	3	95	100	NA	NA	NA	NA	12	154	95.05	100	1
854	2015	2	0	1	85	95	15	25	75	85	0	1	NA	NA	11	102.5	78.75	88.75	1
855	2015	2	0	1	3	5	10	15	95	100	NA	NA	NA	NA	11	168.5	95.5	100	1
856	2015	2	0	1	5	10	0	1	95	100	NA	NA	NA	NA	14	158	95	100	1
857	2015	2	0	1	95	100	3	5	95	100	0	1	NA	NA	15	130	95.15	100	1
858	2015	2	0	1	3	5	0	1	95	100	0	1	NA	NA	13	28.5	95	100	1
859	2015	2	0	1	15	25	15	25	95	100	NA	NA	NA	NA	14	88	95.75	100	1
860	2015	2	0	1	15	25	15	25	85	95	NA	NA	NA	NA	29	76	87.25	96.25	1
861	2015	2	0	1	65	75	10	15	95	100	NA	NA	1	3	12	103	95.5	100	1
862	2015	2	0	1	95	100	1	3	55	65	0	1	NA	NA	17	157	55.45	66.05	1
863	2015	2	1	3	85	95	1	3	85	95	NA	NA	NA	NA	21	202	85.15	95.15	1
864	2015	2	0	1	85	95	25	35	95	100	NA	NA	0	1	20	222	96.25	100	1
865	2015	2	0	1	75	85	15	25	65	75	NA	NA	NA	NA	14	226.5	70.25	81.25	1
866	2015	2	0	1	55	65	25	35	85	95	NA	NA	NA	NA	19	176.5	88.75	96.75	1
867	2015	2	0	1	45	55	5	10	95	100	NA	NA	NA	NA	16	95	95.25	100	1
868	2015	2	0	1	65	75	10	15	65	75	NA	NA	NA	NA	16	153	68.5	78.75	1
869	2015	2	0	1	45	55	25	35	95	100	NA	NA	NA	NA	19	193.5	96.25	100	1
870	2015	2	1	3	75	85	15	25	85	95	NA	NA	NA	NA	16	225	87.25	96.25	1
871	2015	2	0	1	65	75	10	15	95	100	NA	NA	NA	NA	17	210.5	95.5	100	1
872	2015	2	0	1	55	65	3	5	85	95	NA	NA	NA	NA	19	169	85.45	95.25	1
873	2015	2	3	5	65	75	15	25	95	100	NA	NA	0	1	19	200.5	95.75	100	1
874	2015	2	1	3	65	75	5	10	95	100	NA	NA	NA	NA	18	72	95.25	100	1
875	2015	2	1	3	85	95	25	35	85	95	NA	NA	NA	NA	19	196	88.75	96.75	1
876	2015	2	0	1	65	75	1	3	95	100	NA	NA	NA	NA	24	156	95.05	100	1
877	2015	2	0	1	75	85	1	3	95	100	NA	NA	NA	NA	15	180.5	95.05	100	1
878	2015	2	0	1	85	95	1	3	85	95	NA	NA	NA	NA	11	188.5	85.15	95.15	1
879	2015	2	0	1	85	95	3	5	95	100	NA	NA	NA	NA	24	147.5	95.15	100	1
880	2015	2	0	1	75	85	3	5	95	100	NA	NA	NA	NA	20	176	95.15	100	1
881	2015	2	0	1	85	95	1	3	85	95	0	1	NA	NA	17	119	85.15	95.15	1
882	2015	2	1	3	85	95	25	35	85	95	3	5	NA	NA	13	105	88.75	96.75	1
883	2015	2	0	1	65	75	1	3	85	95	0	1	0	1	18	116	85.15	95.15	1
884	2015	2	0	1	85	95	15	25	95	100	0	1	0	1	32	128	95.75	100	1
885	2015	2	0	1	35	45	3	5	95	100	0	1	NA	NA	16	70.5	95.15	100	1
886	2015	2	0	1	75	85	15	25	75	85	0	1	NA	NA	28	208	78.75	88.75	1
887	2015	2	0	1	65	75	10	15	95	100	0	1	NA	NA	21	106.5	95.5	100	1
888	2015	2	1	3	85	95	65	75	75	85	0	1	NA	NA	27	97	91.25	96.25	1
889	2015	2	0	1	65	75	5	10	65	75	0	1	NA	NA	24	86	66.75	77.5	1
890	2015	2	0	1	55	65	15	25	85	95	NA	NA	NA	NA	17	104.5	87.25	96.25	1
901	2016	2	1	3	45	55	35	45	85	95	NA	NA	NA	NA	34	80	90.25	97.25	1
902	2016	2	1	3	15	25	35	45	65	75	NA	NA	1	3	26	78.5	77.25	86.25	1
903	2016	2	0	1	45	55	45	55	85	95	NA	NA	NA	NA	24	136.5	91.75	97.75	1
904	2016	2	3	5	1	3	3	5	95	100	NA	NA	NA	NA	15	7.5	95.15	100	1
905	2016	2	1	3	0	1	10	15	95	100	NA	NA	NA	NA	11	5.5	95.5	100	1
906	2016	2	1	3	15	25	15	25	85	95	NA	NA	NA	NA	23	39.5	87.25	96.25	1
907	2016	2	0	1	15	25	35	45	85	95	NA	NA	5	10	22	115	90.25	97.25	1
908	2016	2	0	1	35	45	10	15	85	95	NA	NA	0	1	24	134	86.5	95.75	1
909	2016	2	1	3	65	75	45	55	65	75	NA	NA	NA	NA	8	86.5	80.75	88.75	1
910	2016	2	0	1	15	25	0	1	95	100	NA	NA	NA	NA	16	17.5	95	100	1
911	2016	2	0	1	1	3	0	1	95	100	NA	NA	NA	NA	16	9.5	95	100	1
912	2016	2	0	1	35	45	10	15	85	95	NA	NA	NA	NA	26	112	86.5	95.75	1
913	2016	2	0	1	25	35	45	55	85	95	NA	NA	0	1	25	119	91.75	97.75	1
914	2016	2	0	1	1	3	1	3	95	100	NA	NA	NA	NA	8	5.5	95.05	100	1
915	2016	2	1	3	1	3	3	5	95	100	NA	NA	NA	NA	15	7.5	95.15	100	1
916	2016	2	15	25	95	100	25	35	65	75	NA	NA	1	3	10	113	73.75	83.75	1
917	2016	2	15	25	45	55	5	10	85	95	NA	NA	NA	NA	14	46.5	85.75	95.5	1
918	2016	2	1	3	3	5	15	25	85	95	NA	NA	NA	NA	16	23	87.25	96.25	1
919	2016	2	0	1	75	85	1	3	85	95	NA	NA	NA	NA	30	162	85.15	95.15	1
920	2016	2	1	3	55	65	15	25	85	95	NA	NA	NA	NA	20	137	87.25	96.25	1
921	2016	2	0	1	0	1	1	3	95	100	NA	NA	0	1	9	4.5	95.05	100	1
922	2016	2	0	1	5	10	5	10	15	25	85	95	NA	NA	21	69	19.25	32.5	1
923	2016	2	0	1	35	45	10	15	65	75	NA	NA	NA	NA	12	42	68.5	78.75	1
924	2016	2	5	10	65	75	25	35	10	15	NA	NA	NA	NA	14	89	32.5	44.75	1
925	2016	2	0	1	0	1	0	1	95	100	NA	NA	NA	NA	10	6.5	95	100	1
926	2016	2	0	1	15	25	25	35	95	100	NA	NA	1	3	21	100.5	96.25	100	1
927	2016	2	0	1	15	25	25	35	75	85	NA	NA	3	5	18	110	81.25	90.25	1
928	2016	2	1	3	45	55	15	25	85	95	NA	NA	NA	NA	22	171.5	87.25	96.25	1
929	2016	2	1	3	35	45	0	1	55	65	NA	NA	NA	NA	26	90	55	65.35	1
930	2016	2	0	1	15	25	10	15	95	100	NA	NA	NA	NA	24	22	95.5	100	1
931	2016	2	0	1	0	1	1	3	95	100	0	1	NA	NA	8	63.5	95.05	100	1
932	2016	2	0	1	3	5	1	3	95	100	NA	NA	NA	NA	7	8.5	95.05	100	1
933	2016	2	1	3	25	35	15	25	85	95	NA	NA	1	3	23	115	87.25	96.25	1
934	2016	2	1	3	35	45	25	35	75	85	NA	NA	1	3	19	120.5	81.25	90.25	1
935	2016	2	1	3	65	75	35	45	85	95	NA	NA	3	5	26	131	90.25	97.25	1
936	2016	2	0	1	45	55	35	45	85	95	NA	NA	1	3	23	99.5	90.25	97.25	1
937	2016	2	0	1	25	35	5	10	85	95	0	1	NA	NA	28	86.5	85.75	95.5	1
938	2016	2	0	1	0	1	1	3	95	100	0	1	NA	NA	5	2.5	95.05	100	1
939	2016	2	0	1	3	5	35	45	65	75	NA	NA	1	3	8	5.5	77.25	86.25	1
940	2016	2	1	3	10	15	55	65	85	95	NA	NA	1	3	15	107	93.25	98.25	1
941	2016	2	0	1	15	25	15	25	85	95	NA	NA	NA	NA	18	111.5	87.25	96.25	1
942	2016	2	0	1	35	45	35	45	85	95	0	1	1	3	22	119	90.25	97.25	1
943	2016	2	0	1	75	85	15	25	85	95	0	1	NA	NA	24	144.5	87.25	96.25	1
944	2016	2	0	1	25	35	35	45	85	95	0	1	1	3	15	119.5	90.25	97.25	1
945	2016	2	0	1	35	45	45	55	85	95	NA	NA	10	15	18	105.5	91.75	97.75	1
946	2016	2	0	1	35	45	25	35	85	95	NA	NA	NA	NA	19	104	88.75	96.75	1
947	2016	2	0	1	45	55	45	55	85	95	0	1	NA	NA	23	138	91.75	97.75	1
948	2016	2	0	1	10	15	45	55	85	95	0	1	0	1	19	88.5	91.75	97.75	1
949	2016	2	0	1	45	55	45	55	85	95	0	1	0	1	20	74	91.75	97.75	1
950	2016	2	0	1	25	35	5	10	85	95	NA	NA	1	3	19	80	85.75	95.5	1
951	2016	2	0	1	35	45	25	35	85	95	NA	NA	1	3	18	97	88.75	96.75	1
952	2016	2	0	1	45	55	15	25	85	95	NA	NA	NA	NA	19	116.5	87.25	96.25	1
953	2016	2	1	3	25	35	55	65	65	75	0	1	1	3	19	91	84.25	91.25	1
954	2016	2	0	1	25	35	25	35	75	85	0	1	0	1	22	92.5	81.25	90.25	1
955	2016	2	0	1	35	45	55	65	85	95	NA	NA	NA	NA	27	97	93.25	98.25	1
956	2016	2	0	1	55	65	1	3	85	95	NA	NA	0	1	20	127.5	85.15	95.15	1
957	2016	2	0	1	55	65	10	15	85	95	NA	NA	1	3	20	112.5	86.5	95.75	1
958	2016	2	0	1	45	55	15	25	85	95	0	1	NA	NA	20	121.5	87.25	96.25	1
959	2016	2	0	1	25	35	55	65	65	75	0	1	1	3	19	101.5	84.25	91.25	1
960	2016	2	0	1	15	25	45	55	85	95	NA	NA	1	3	16	60	91.75	97.75	1
961	2016	2	0	1	15	25	15	25	85	95	NA	NA	1	3	20	65.5	87.25	96.25	1
962	2016	2	0	1	25	35	45	55	85	95	NA	NA	5	10	19	85.5	91.75	97.75	1
963	2016	2	0	1	45	55	55	65	85	95	0	1	1	3	17	126.5	93.25	98.25	1
964	2016	2	0	1	55	65	10	15	85	95	NA	NA	NA	NA	16	117	86.5	95.75	1
965	2016	2	0	1	15	25	35	45	85	95	NA	NA	NA	NA	18	92	90.25	97.25	1
966	2016	2	0	1	55	65	25	35	85	95	0	1	1	3	17	154	88.75	96.75	1
1003	2016	2	0	1	95	100	1	3	75	85	NA	NA	NA	NA	4	99	75.25	85.45	1
1004	2016	2	0	1	55	65	25	35	75	85	NA	NA	NA	NA	8	65	81.25	90.25	1
1005	2016	2	NA	NA	85	95	NA	NA	NA	NA	NA	NA	NA	NA	5	92	NA	NA	1
1008	2016	2	0	1	65	75	3	5	95	100	NA	NA	NA	NA	7	73	95.15	100	1
1009	2016	2	0	1	85	95	1	3	85	95	NA	NA	1	3	4	91.5	85.15	95.15	1
1011	2016	2	0	1	95	100	25	35	65	75	NA	NA	NA	NA	2	92	73.75	83.75	1
1018	2016	2	0	1	95	100	5	10	65	75	NA	NA	NA	NA	6	105	66.75	77.5	1
1019	2016	2	1	3	65	75	1	3	85	95	NA	NA	1	3	9	70.5	85.15	95.15	1
1022	2016	2	0	1	65	75	15	25	65	75	NA	NA	1	3	8	90	70.25	81.25	1
1023	2016	2	0	1	65	75	25	35	65	75	NA	NA	1	3	7	78	73.75	83.75	1
1024	2016	2	0	1	85	95	3	5	75	85	NA	NA	NA	NA	7	93	75.75	85.75	1
1026	2016	2	0	1	95	100	5	10	85	95	NA	NA	NA	NA	4	112.5	85.75	95.5	1
1027	2016	2	0	1	NA	NA	15	25	75	85	NA	NA	NA	NA	6	85.5	78.75	88.75	1
1028	2016	2	0	1	85	95	15	25	85	95	NA	NA	NA	NA	6	94	87.25	96.25	1
1029	2016	2	0	1	65	75	35	45	85	95	NA	NA	NA	NA	9	75.5	90.25	97.25	1
1032	2016	2	NA	NA	75	85	25	35	75	85	NA	NA	NA	NA	4	84.5	81.25	90.25	1
1035	2016	2	0	1	45	55	35	45	85	95	NA	NA	1	3	13	47	90.25	97.25	1
1037	2016	2	0	1	65	75	5	10	55	65	NA	NA	1	3	7	73	57.25	68.5	1
1041	2016	2	0	1	85	95	3	5	85	95	NA	NA	NA	NA	5	92	85.45	95.25	1
1044	2016	2	0	1	95	100	25	35	55	65	NA	NA	1	3	7	102	66.25	77.25	1
1046	2016	2	0	1	85	95	15	25	85	95	NA	NA	1	3	7	96	87.25	96.25	1
1051	2016	2	0	1	75	85	5	10	85	95	NA	NA	NA	NA	7	84.5	85.75	95.5	1
1052	2016	2	0	1	85	95	25	35	85	95	NA	NA	NA	NA	7	93	88.75	96.75	1
1053	2016	2	0	1	95	100	10	15	75	85	NA	NA	NA	NA	7	102	77.5	87.25	1
1058	2016	2	0	1	45	55	15	25	85	95	NA	NA	NA	NA	11	55	87.25	96.25	1
1059	2016	2	NA	NA	95	100	NA	NA	NA	NA	NA	NA	NA	NA	3	98.5	NA	NA	1
1060	2016	2	NA	NA	95	100	1	3	85	95	NA	NA	1	3	5	99.5	85.15	95.15	1
1062	2016	2	1	3	75	85	10	15	85	95	NA	NA	0	1	7	84.5	86.5	95.75	1
1063	2016	2	0	1	85	95	10	15	85	95	NA	NA	1	3	7	94.5	86.5	95.75	1
1065	2016	2	0	1	95	100	1	3	85	95	NA	NA	1	3	4	100.5	85.15	95.15	1
121000	2016	2	0	1	45	55	5	10	85	95	NA	NA	0	1	16	86	85.75	95.5	1
121000	2016	2	0	1	35	45	3	5	85	95	NA	NA	NA	NA	13	94.5	85.45	95.25	2
121000	2016	2	0	1	45	55	0	1	95	100	NA	NA	0	1	12	71.5	95	100	3
121000	2016	2	0	1	35	45	NA	NA	75	85	NA	NA	0	1	17	65.5	NA	NA	4
121000	2016	2	0	1	NA	NA	NA	NA	NA	NA	NA	NA	NA	NA	19	93.5	NA	NA	5
121000	2016	2	0	1	45	55	0	1	85	95	NA	NA	NA	NA	15	137.5	85	95.05	6
121000	2016	2	0	1	25	35	0	1	95	100	NA	NA	0	1	20	98	95	100	7
121000	2016	2	0	1	35	45	3	5	95	100	NA	NA	0	1	19	102.5	95.15	100	8
121000	2016	2	0	1	25	35	5	10	95	100	NA	NA	NA	NA	16	104	95.25	100	9
121000	2016	2	0	1	35	45	15	25	85	95	NA	NA	0	1	18	110.5	87.25	96.25	10
121000	2016	2	0	1	45	55	45	55	85	95	NA	NA	NA	NA	14	127	91.75	97.75	11
121000	2016	2	0	1	55	65	25	35	85	95	NA	NA	NA	NA	18	138.5	88.75	96.75	12
121000	2016	2	0	1	45	55	35	45	85	95	NA	NA	NA	NA	19	130	90.25	97.25	13
121000	2016	2	0	1	15	25	75	85	85	95	NA	NA	1	3	14	97.5	96.25	99.25	14
121000	2016	2	0	1	25	35	25	35	85	95	NA	NA	1	3	16	55.5	88.75	96.75	15
121000	2016	2	0	1	25	35	5	10	85	95	NA	NA	0	1	14	86	85.75	95.5	16
121000	2016	2	0	1	35	45	3	5	85	95	NA	NA	1	3	17	95	85.45	95.25	17
121000	2016	2	0	1	25	35	3	5	75	85	NA	NA	NA	NA	17	58	75.75	85.75	18
121000	2016	2	0	1	15	25	0	1	85	95	NA	NA	NA	NA	17	89.5	85	95.05	19
121000	2016	2	0	1	25	35	NA	NA	85	95	NA	NA	NA	NA	18	98	NA	NA	20
121000	2016	2	0	1	35	45	1	3	95	100	NA	NA	NA	NA	16	108.5	95.05	100	21
121000	2016	2	0	1	45	55	1	3	95	100	NA	NA	1	3	16	130.5	95.05	100	22
121000	2016	2	0	1	35	45	0	1	95	100	NA	NA	0	1	17	120	95	100	23
121000	2016	2	0	1	15	25	1	3	85	95	NA	NA	0	1	18	113	85.15	95.15	24
121000	2016	2	0	1	55	65	3	5	85	95	NA	NA	NA	NA	15	136.5	85.45	95.25	25
121000	2016	2	0	1	55	65	45	55	85	95	NA	NA	NA	NA	16	128.5	91.75	97.75	26
121000	2016	2	0	1	75	85	1	3	85	95	NA	NA	NA	NA	18	134.5	85.15	95.15	27
121000	2016	2	0	1	35	45	15	25	85	95	NA	NA	NA	NA	18	105	87.25	96.25	28
121000	2016	2	0	1	15	25	45	55	75	85	NA	NA	1	3	14	79.5	86.25	93.25	29
121000	2016	2	0	1	35	45	45	55	75	85	NA	NA	1	3	16	88	86.25	93.25	30
121000	2016	2	1	3	45	55	45	55	85	95	NA	NA	1	3	16	113	91.75	97.75	31
121000	2016	2	1	3	45	55	35	45	85	95	NA	NA	3	5	16	125.5	90.25	97.25	32
121000	2016	2	0	1	45	55	1	3	85	95	NA	NA	0	1	18	114.5	85.15	95.15	33
121000	2016	2	0	1	25	35	5	10	85	95	NA	NA	NA	NA	12	85.5	85.75	95.5	34
121000	2016	2	0	1	25	35	25	35	85	95	NA	NA	1	3	16	109	88.75	96.75	35
121000	2016	2	0	1	15	25	25	35	85	95	NA	NA	0	1	16	102	88.75	96.75	36
121000	2016	2	0	1	35	45	10	15	95	100	NA	NA	1	3	18	92.5	95.5	100	37
121000	2016	2	0	1	25	35	15	25	85	95	NA	NA	0	1	19	112.5	87.25	96.25	38
121000	2016	2	0	1	35	45	15	25	85	95	NA	NA	NA	NA	20	111	87.25	96.25	39
121000	2016	2	0	1	65	75	10	15	85	95	NA	NA	0	1	20	136	86.5	95.75	40
121000	2016	2	0	1	45	55	35	45	85	95	NA	NA	0	1	18	115.5	90.25	97.25	41
121000	2016	2	1	3	45	55	15	25	85	95	NA	NA	NA	NA	15	122	87.25	96.25	42
121000	2016	2	0	1	45	55	25	35	85	95	NA	NA	NA	NA	15	103.5	88.75	96.75	43
121000	2016	2	0	1	65	75	1	3	85	95	NA	NA	0	1	19	126.5	85.15	95.15	44
121000	2016	2	0	1	65	75	15	25	85	95	NA	NA	1	3	17	128	87.25	96.25	45
121000	2016	2	0	1	55	65	15	25	85	95	NA	NA	1	3	17	105	87.25	96.25	46
121000	2016	2	0	1	45	55	10	15	85	95	NA	NA	1	3	17	132	86.5	95.75	47
121000	2016	2	0	1	65	75	1	3	85	95	NA	NA	0	1	17	106	85.15	95.15	48
121000	2016	2	0	1	55	65	3	5	85	95	NA	NA	0	1	16	123	85.45	95.25	49
121000	2016	2	0	1	35	45	10	15	85	95	NA	NA	NA	NA	16	128	86.5	95.75	50
121000	2016	2	0	1	45	55	3	5	85	95	NA	NA	NA	NA	18	118	85.45	95.25	51
121000	2016	2	0	1	35	45	3	5	85	95	NA	NA	0	1	15	82	85.45	95.25	52
121000	2016	2	0	1	45	55	0	1	85	95	NA	NA	NA	NA	19	133.5	85	95.05	53
121000	2016	2	0	1	35	45	15	25	85	95	NA	NA	0	1	21	109	87.25	96.25	54
121000	2016	2	0	1	35	45	35	45	75	85	NA	NA	0	1	17	112	83.75	91.75	55
121000	2016	2	0	1	35	45	35	45	75	85	NA	NA	1	3	14	120.5	83.75	91.75	56
121000	2016	2	0	1	45	55	45	55	85	95	NA	NA	1	3	16	113.5	91.75	97.75	57
121000	2016	2	0	1	35	45	5	10	85	95	NA	NA	1	3	18	107.5	85.75	95.5	58
121000	2016	2	0	1	55	65	3	5	95	100	NA	NA	NA	NA	14	111.5	95.15	100	59
121000	2016	2	0	1	85	95	15	25	85	95	NA	NA	NA	NA	16	149	87.25	96.25	60
121000	2016	2	0	1	65	75	15	25	95	100	NA	NA	NA	NA	19	158	95.75	100	61
121000	2016	2	0	1	55	65	35	45	85	95	NA	NA	0	1	13	138.5	90.25	97.25	62
121000	2016	2	0	1	65	75	10	15	85	95	NA	NA	0	1	16	143	86.5	95.75	63
121000	2016	2	0	1	35	45	10	15	85	95	NA	NA	1	3	15	119	86.5	95.75	64
121000	2016	2	0	1	15	25	3	5	95	100	NA	NA	1	3	17	69.5	95.15	100	65
121000	2016	2	0	1	35	45	5	10	85	95	NA	NA	1	3	16	116.5	85.75	95.5	66
121000	2016	2	0	1	35	45	0	1	85	95	NA	NA	0	1	17	129	85	95.05	67
121000	2016	2	0	1	55	65	5	10	85	95	NA	NA	NA	NA	16	112	85.75	95.5	68
121000	2016	2	0	1	45	55	3	5	85	95	NA	NA	0	1	17	99	85.45	95.25	69
121000	2016	2	0	1	45	55	1	3	85	95	NA	NA	0	1	19	136	85.15	95.15	70
121000	2016	2	0	1	45	55	25	35	85	95	NA	NA	1	3	15	124.5	88.75	96.75	71
121000	2016	2	0	1	55	65	35	45	85	95	NA	NA	1	3	18	116	90.25	97.25	72
121000	2016	2	0	1	55	65	35	45	85	95	NA	NA	NA	NA	19	113.5	90.25	97.25	73
121000	2016	2	0	1	55	65	5	10	85	95	NA	NA	0	1	16	95	85.75	95.5	74
121000	2016	2	0	1	45	55	35	45	85	95	NA	NA	0	1	15	103	90.25	97.25	75
121000	2016	2	0	1	65	75	35	45	85	95	NA	NA	NA	NA	16	135	90.25	97.25	76
121000	2016	2	0	1	65	75	25	35	85	95	NA	NA	1	3	17	145.5	88.75	96.75	77
121000	2016	2	0	1	55	65	10	15	85	95	NA	NA	NA	NA	16	120.5	86.5	95.75	78
121000	2016	2	0	1	45	55	25	35	85	95	NA	NA	3	5	15	98	88.75	96.75	79
121000	2016	2	0	1	35	45	10	15	85	95	NA	NA	1	3	14	107	86.5	95.75	80
121000	2016	2	0	1	55	65	1	3	85	95	NA	NA	NA	NA	14	111.5	85.15	95.15	81
121000	2016	2	0	1	55	65	1	3	85	95	NA	NA	0	1	14	131.5	85.15	95.15	82
121000	2016	2	0	1	65	75	5	10	85	95	NA	NA	NA	NA	13	139.5	85.75	95.5	83
121000	2016	2	0	1	55	65	5	10	85	95	NA	NA	0	1	17	136.5	85.75	95.5	84
121000	2016	2	0	1	45	55	25	35	85	95	NA	NA	0	1	14	125	88.75	96.75	85
121000	2016	2	0	1	35	45	35	45	85	95	NA	NA	0	1	17	106.5	90.25	97.25	86
121000	2016	2	0	1	45	55	5	10	85	95	NA	NA	NA	NA	21	95.5	85.75	95.5	87
121000	2016	2	3	5	15	25	45	55	85	95	NA	NA	NA	NA	17	46	91.75	97.75	88
121000	2016	2	1	3	35	45	65	75	75	85	NA	NA	0	1	15	60.5	91.25	96.25	89
121000	2016	2	0	1	45	55	55	65	85	95	NA	NA	NA	NA	14	132.5	93.25	98.25	90
121000	2016	2	0	1	35	45	25	35	75	85	NA	NA	NA	NA	14	117	81.25	90.25	91
121000	2016	2	0	1	35	45	45	55	85	95	NA	NA	1	3	14	57.5	91.75	97.75	92
121000	2016	2	0	1	25	35	5	10	85	95	NA	NA	3	5	15	55.5	85.75	95.5	93
121000	2016	2	0	1	45	55	5	10	85	95	NA	NA	1	3	14	129.5	85.75	95.5	94
121000	2016	2	0	1	45	55	3	5	85	95	NA	NA	1	3	12	123.5	85.45	95.25	95
121000	2016	2	0	1	45	55	10	15	85	95	NA	NA	NA	NA	15	130	86.5	95.75	96
121000	2016	2	0	1	45	55	15	25	85	95	NA	NA	NA	NA	17	127	87.25	96.25	97
121000	2016	2	0	1	35	45	35	45	85	95	NA	NA	NA	NA	17	117	90.25	97.25	98
1101	2017	2	0	1	65	75	15	25	75	85	75	85	NA	NA	31	87	78.75	88.75	1
1102	2017	2	1	3	55	65	35	45	75	85	3	5	NA	NA	21	56	83.75	91.75	1
1103	2017	2	5	10	75	85	15	25	65	75	0	1	NA	NA	13	79	70.25	81.25	1
1104	2017	2	10	15	75	85	15	25	65	75	NA	NA	NA	NA	9	85.5	70.25	81.25	1
1105	2017	2	0	1	75	85	5	10	55	65	0	1	NA	NA	26	83.5	57.25	68.5	1
1106	2017	2	45	55	65	75	45	55	65	75	NA	NA	NA	NA	6	81	80.75	88.75	1
1107	2017	2	15	25	55	65	25	35	75	85	NA	NA	NA	NA	9	65.5	81.25	90.25	1
1108	2017	2	0	1	75	85	15	25	75	85	75	85	NA	NA	20	88.5	78.75	88.75	1
1109	2017	2	45	55	25	35	75	85	75	85	NA	NA	NA	NA	12	48.5	93.75	97.75	1
1110	2017	2	0	1	95	100	5	10	65	75	85	95	NA	NA	22	139.5	66.75	77.5	1
1111	2017	2	0	1	95	100	5	10	85	95	10	15	NA	NA	27	82	85.75	95.5	1
1112	2017	2	1	3	45	55	25	35	75	85	0	1	NA	NA	24	43.5	81.25	90.25	1
1113	2017	2	0	1	45	55	45	55	45	55	85	95	NA	NA	21	77	69.75	79.75	1
1114	2017	2	1	3	55	65	35	45	55	65	75	85	NA	NA	24	83.5	70.75	80.75	1
1115	2017	2	0	1	85	95	15	25	75	85	85	95	NA	NA	29	105.5	78.75	88.75	1
1116	2017	2	0	1	75	85	35	45	75	85	55	65	NA	NA	29	76	83.75	91.75	1
1117	2017	2	0	1	85	95	5	10	75	85	5	10	NA	NA	37	108.5	76.25	86.5	1
1118	2017	2	0	1	95	100	5	10	85	95	25	35	NA	NA	21	110	85.75	95.5	1
1119	2017	2	0	1	95	100	3	5	85	95	75	85	NA	NA	23	112	85.45	95.25	1
1120	2017	2	0	1	95	100	15	25	65	75	65	75	NA	NA	27	120.5	70.25	81.25	1
1121	2017	2	1	3	85	95	45	55	75	85	25	35	NA	NA	22	109.5	86.25	93.25	1
1122	2017	2	0	1	95	100	0	1	75	85	85	95	NA	NA	17	106	75	85.15	1
1123	2017	2	0	1	85	95	15	25	85	95	1	3	NA	NA	29	100.5	87.25	96.25	1
1124	2017	2	0	1	65	75	NA	NA	NA	NA	0	1	NA	NA	28	60	NA	NA	1
1125	2017	2	1	3	75	85	65	75	55	65	15	25	NA	NA	23	98.5	84.25	91.25	1
1126	2017	2	1	3	85	95	15	25	75	85	25	35	NA	NA	27	113	78.75	88.75	1
1127	2017	2	0	1	95	100	5	10	75	85	85	95	NA	NA	28	129	76.25	86.5	1
1128	2017	2	0	1	95	100	10	15	85	95	95	100	NA	NA	22	95	86.5	95.75	1
1129	2017	2	1	3	85	95	25	35	65	75	1	3	NA	NA	20	87.5	73.75	83.75	1
1130	2017	2	1	3	35	45	65	75	15	25	0	1	NA	NA	20	31.5	70.25	81.25	1
1131	2017	2	1	3	35	45	85	95	15	25	85	95	NA	NA	25	41.5	87.25	96.25	1
1132	2017	2	1	3	75	85	15	25	75	85	NA	NA	NA	NA	10	64	78.75	88.75	1
1133	2017	2	0	1	65	75	25	35	85	95	NA	NA	0	1	16	67	88.75	96.75	1
1134	2017	2	1	3	85	95	15	25	75	85	NA	NA	NA	NA	8	66.5	78.75	88.75	1
1135	2017	2	0	1	95	100	45	55	55	65	NA	NA	NA	NA	14	89.5	75.25	84.25	1
1136	2017	2	1	3	45	55	45	55	65	75	NA	NA	0	1	19	57	80.75	88.75	1
1137	2017	2	10	15	85	95	15	25	65	75	NA	NA	NA	NA	9	93.5	70.25	81.25	1
1138	2017	2	10	15	65	75	10	15	55	65	NA	NA	NA	NA	12	68.5	59.5	70.25	1
1139	2017	2	1	3	35	45	35	45	75	85	NA	NA	0	1	20	37.5	83.75	91.75	1
1140	2017	2	3	5	85	95	10	15	75	85	NA	NA	NA	NA	8	85.5	77.5	87.25	1
1141	2017	2	0	1	65	75	5	10	75	85	NA	NA	0	1	14	69.5	76.25	86.5	1
1142	2017	2	0	1	45	55	5	10	55	65	NA	NA	0	1	10	56	57.25	68.5	1
1143	2017	2	15	25	55	65	75	85	35	45	NA	NA	NA	NA	11	59.5	83.75	91.75	1
1144	2017	2	15	25	65	75	3	5	65	75	NA	NA	1	3	11	61	66.05	76.25	1
1145	2017	2	3	5	75	85	5	10	65	75	NA	NA	NA	NA	9	94	66.75	77.5	1
1146	2017	2	10	15	25	35	10	15	65	75	NA	NA	0	1	9	38	68.5	78.75	1
1147	2017	2	0	1	55	65	10	15	85	95	NA	NA	1	3	13	72	86.5	95.75	1
1148	2017	2	3	5	25	35	45	55	65	75	NA	NA	1	3	14	20	80.75	88.75	1
1149	2017	2	3	5	85	95	15	25	85	95	NA	NA	NA	NA	7	85.5	87.25	96.25	1
1150	2017	2	1	3	85	95	10	15	75	85	NA	NA	NA	NA	11	84.5	77.5	87.25	1
1151	2017	2	10	15	65	75	3	5	65	75	NA	NA	NA	NA	7	75	66.05	76.25	1
1152	2017	2	5	10	65	75	3	5	75	85	NA	NA	1	3	18	71.5	75.75	85.75	1
1153	2017	2	1	3	85	95	15	25	65	75	NA	NA	0	1	9	98.5	70.25	81.25	1
1154	2017	2	3	5	45	55	1	3	65	75	NA	NA	NA	NA	20	44.5	65.35	75.75	1
1155	2017	2	5	10	75	85	10	15	25	35	NA	NA	NA	NA	13	86	32.5	44.75	1
1156	2017	2	5	10	65	75	25	35	65	75	NA	NA	1	3	11	78	73.75	83.75	1
1157	2017	2	1	3	75	85	35	45	75	85	NA	NA	NA	NA	9	88.5	83.75	91.75	1
1158	2017	2	1	3	55	65	35	45	75	85	NA	NA	NA	NA	10	72.5	83.75	91.75	1
1159	2017	2	1	3	45	55	55	65	55	65	NA	NA	NA	NA	17	55.5	79.75	87.75	1
1160	2017	2	0	1	65	75	65	75	55	65	NA	NA	NA	NA	19	67.5	84.25	91.25	1
1161	2017	2	1	3	65	75	25	35	65	75	NA	NA	NA	NA	9	78.5	73.75	83.75	1
1162	2017	2	1	3	75	85	5	10	65	75	0	1	NA	NA	24	86	66.75	77.5	1
1163	2017	2	1	3	65	75	35	45	75	85	NA	NA	1	3	18	68	83.75	91.75	1
1164	2017	2	3	5	35	45	25	35	75	85	NA	NA	1	3	11	35	81.25	90.25	1
1165	2017	2	1	3	75	85	55	65	25	35	NA	NA	NA	NA	14	80	66.25	77.25	1
1166	2017	2	0	1	65	75	15	25	75	85	0	1	NA	NA	26	71	78.75	88.75	1
1167	2017	2	0	1	35	45	55	65	65	75	0	1	NA	NA	24	36	84.25	91.25	1
1168	2017	2	0	1	75	85	5	10	75	85	NA	NA	NA	NA	40	73	76.25	86.5	1
1169	2017	2	3	5	85	95	25	35	75	85	0	1	NA	NA	41	58	81.25	90.25	1
1170	2017	2	1	3	75	85	35	45	25	35	0	1	NA	NA	28	87.5	51.25	64.25	1
1171	2017	2	1	3	25	35	5	10	75	85	0	1	1	3	10	39	76.25	86.5	1
1172	2017	2	0	1	3	5	85	95	3	5	75	85	NA	NA	22	12.5	85.45	95.25	1
1173	2017	2	3	5	85	95	25	35	45	55	0	1	NA	NA	11	93.5	58.75	70.75	1
1174	2017	2	3	5	35	45	35	45	75	85	3	5	NA	NA	30	44.5	83.75	91.75	1
1175	2017	2	1	3	75	85	25	35	65	75	0	1	NA	NA	31	97.5	73.75	83.75	1
1176	2017	2	1	3	75	85	35	45	75	85	NA	NA	1	3	10	74.5	83.75	91.75	1
1177	2017	2	1	3	45	55	55	65	75	85	NA	NA	0	1	10	41	88.75	94.75	1
1178	2017	2	0	1	75	85	45	55	75	85	0	1	NA	NA	27	90	86.25	93.25	1
1201	2018	2	0	1	45	55	55	65	85	95	NA	NA	NA	NA	24	135	93.25	98.25	1
1202	2018	2	3	5	95	100	15	25	65	75	NA	NA	NA	NA	36	183.5	70.25	81.25	1
1203	2018	2	15	25	95	100	75	85	45	55	NA	NA	NA	NA	41	178.5	86.25	93.25	1
1204	2018	2	1	3	85	95	55	65	65	75	NA	NA	NA	NA	24	161.5	84.25	91.25	1
1205	2018	2	1	3	75	85	75	85	65	75	NA	NA	NA	NA	34	81	91.25	96.25	1
1206	2018	2	0	1	55	65	65	75	65	75	NA	NA	NA	NA	35	63.5	87.75	93.75	1
1207	2018	2	1	3	85	95	65	75	45	55	NA	NA	NA	NA	34	151	80.75	88.75	1
1208	2018	2	0	1	85	95	15	25	85	95	NA	NA	NA	NA	31	142.5	87.25	96.25	1
1209	2018	2	0	1	65	75	15	25	85	95	NA	NA	NA	NA	40	194	87.25	96.25	1
1210	2018	2	0	1	95	100	55	65	65	75	NA	NA	NA	NA	19	262.5	84.25	91.25	1
1211	2018	2	0	1	45	55	10	15	95	100	NA	NA	NA	NA	19	60.5	95.5	100	1
1212	2018	2	0	1	85	95	25	35	85	95	NA	NA	NA	NA	22	177	88.75	96.75	1
1213	2018	2	15	25	85	95	45	55	65	75	NA	NA	NA	NA	38	202	80.75	88.75	1
1214	2018	2	10	15	95	100	15	25	55	65	NA	NA	NA	NA	33	182	61.75	73.75	1
1215	2018	2	15	25	95	100	25	35	65	75	NA	NA	NA	NA	36	171.5	73.75	83.75	1
1216	2018	2	0	1	85	95	15	25	85	95	NA	NA	NA	NA	32	138	87.25	96.25	1
1217	2018	2	3	5	65	75	85	95	35	45	NA	NA	NA	NA	38	112	90.25	97.25	1
1218	2018	2	3	5	95	100	65	75	65	75	NA	NA	NA	NA	35	158	87.75	93.75	1
1219	2018	2	1	3	85	95	75	85	35	45	NA	NA	NA	NA	39	94	83.75	91.75	1
1220	2018	2	0	1	95	100	35	45	65	75	NA	NA	NA	NA	30	138	77.25	86.25	1
1221	2018	2	1	3	35	45	15	25	85	95	NA	NA	NA	NA	29	176.5	87.25	96.25	1
1222	2018	2	0	1	95	100	0	1	55	65	NA	NA	NA	NA	13	126	55	65.35	1
1223	2018	2	3	5	75	85	65	75	65	75	NA	NA	NA	NA	29	86.5	87.75	93.75	1
1224	2018	2	0	1	65	75	85	95	55	65	NA	NA	NA	NA	21	124.5	93.25	98.25	1
1225	2018	2	1	3	45	55	65	75	25	35	NA	NA	NA	NA	33	160	73.75	83.75	1
1226	2018	2	0	1	75	85	5	10	15	25	NA	NA	NA	NA	30	133	19.25	32.5	1
1227	2018	2	0	1	65	75	45	55	55	65	NA	NA	NA	NA	28	82.5	75.25	84.25	1
1228	2018	2	0	1	75	85	15	25	75	85	NA	NA	NA	NA	17	113.5	78.75	88.75	1
1229	2018	2	0	1	45	55	35	45	65	75	NA	NA	NA	NA	16	41	77.25	86.25	1
1230	2018	2	0	1	75	85	55	65	65	75	NA	NA	NA	NA	40	84.5	84.25	91.25	1
1231	2018	2	0	1	65	75	55	65	45	55	NA	NA	NA	NA	37	68	75.25	84.25	1
1232	2018	2	1	3	55	65	25	35	55	65	NA	NA	NA	NA	38	56	66.25	77.25	1
1233	2018	2	0	1	65	75	75	85	55	65	NA	NA	NA	NA	37	57	88.75	94.75	1
1234	2018	2	0	1	65	75	25	35	65	75	NA	NA	NA	NA	43	83.5	73.75	83.75	1
1235	2018	2	0	1	85	95	65	75	25	35	NA	NA	NA	NA	39	145	73.75	83.75	1
1236	2018	2	0	1	85	95	3	5	85	95	NA	NA	NA	NA	21	118.5	85.45	95.25	1
1237	2018	2	1	3	65	75	65	75	35	45	NA	NA	NA	NA	34	50	77.25	86.25	1
1238	2018	2	1	3	15	25	75	85	85	95	0	1	NA	NA	27	101.5	96.25	99.25	1
1239	2018	2	15	25	85	95	65	75	35	45	NA	NA	NA	NA	42	129.5	77.25	86.25	1
1240	2018	2	0	1	95	100	55	65	55	65	NA	NA	NA	NA	28	158	79.75	87.75	1
1241	2018	2	3	5	85	95	65	75	75	85	NA	NA	NA	NA	32	84.5	91.25	96.25	1
1242	2018	2	0	1	35	45	45	55	85	95	NA	NA	NA	NA	33	61.5	91.75	97.75	1
1243	2018	2	0	1	85	95	5	10	85	95	NA	NA	NA	NA	17	156	85.75	95.5	1
1244	2018	2	1	3	75	85	95	100	25	35	NA	NA	NA	NA	28	140	96.25	100	1
1245	2018	2	0	1	75	85	65	75	55	65	NA	NA	NA	NA	29	73.5	84.25	91.25	1
1246	2018	2	1	3	75	85	45	55	55	65	NA	NA	NA	NA	33	85	75.25	84.25	1
